Model,Accuracy,F1_Score,Precision,Recall
Combined,0.6610169491525424,0.7959183673469388,1.0,0.6610169491525424
