Model,Accuracy,F1_Score,Precision,Recall
Statement,0.15,0.2608695652173913,1.0,0.15
News,0.8,0.888888888888889,1.0,0.8
