Model,Accuracy,F1_Score,Precision,Recall
Combined,0.8813559322033898,0.9369369369369369,1.0,0.8813559322033898
