original_time,start_time,end_time,price_change,volatility,id,start_date,threshold_0.1perc,threshold_0.25perc,threshold_0.5perc,threshold_0.75perc,statement_price_change,statement_price_movement,interval_price_movement,extracted_statement_text_25_score,extracted_news_25_score,extracted_statement_text_30_score,extracted_news_30_score,extracted_statement_text_35_score,extracted_news_35_score,extracted_statement_text_40_score,extracted_news_40_score,extracted_statement_text_45_score,extracted_news_45_score,extracted_statement_text_50_score,extracted_news_50_score,extracted_statement_text_55_score,extracted_news_55_score
2021-01-27 18:30:00,2021-01-27 18:30:00,2021-01-27 18:31:00,-0.0004565394931529,0.0006080152268161,0,2021-01-27,FALSE,FALSE,FALSE,FALSE,0.0004935863284596960,Positive,Negative,0.5435,0.6929,0.5229,0.6833,0.5229,0.6751,0.5229,0.6674,0.5229,0.6608,0.5229,0.6548,0.5229,0.6492
2021-01-27 18:30:00,2021-01-27 18:31:00,2021-01-27 18:32:00,0.0004168990748223,0.0008724388631856,1,2021-01-27,FALSE,FALSE,FALSE,FALSE,0.0004935863284596960,Positive,Positive,0.3877,0.5996,0.3684,0.5899,0.3684,0.5818,0.3684,0.5749,0.3684,0.5688,0.3684,0.5636,0.3684,0.559
2021-01-27 18:30:00,2021-01-27 18:32:00,2021-01-27 18:33:00,-0.0003626102096192,0.0005169222633528,2,2021-01-27,FALSE,FALSE,FALSE,FALSE,0.0004935863284596960,Positive,Negative,0.3836,0.5893,0.3671,0.5791,0.3671,0.5701,0.3671,0.5625,0.3671,0.5561,0.3671,0.5502,0.3671,0.5451
2021-01-27 18:30:00,2021-01-27 18:33:00,2021-01-27 18:34:00,0.0006203914875949,0.0004420941300899,3,2021-01-27,FALSE,FALSE,FALSE,FALSE,0.0004935863284596960,Positive,Positive,0.4069,0.6044,0.385,0.5974,0.385,0.5905,0.385,0.5843,0.385,0.5787,0.385,0.5737,0.385,0.569
2021-01-27 18:30:00,2021-01-27 18:34:00,2021-01-27 18:35:00,-0.0002131118387371,0.0005553645571628,4,2021-01-27,FALSE,FALSE,FALSE,FALSE,0.0004935863284596960,Positive,Negative,0.4725,0.6532,0.4477,0.6459,0.4477,0.6393,0.4477,0.6334,0.4477,0.6277,0.4477,0.6223,0.4477,0.617
2021-01-27 18:30:00,2021-01-27 18:35:00,2021-01-27 18:36:00,-0.0003090064155086,0.0004972901520159,5,2021-01-27,FALSE,FALSE,FALSE,FALSE,0.0004935863284596960,Positive,Negative,0.5185,0.6143,0.4953,0.6066,0.4953,0.6006,0.4953,0.5948,0.4953,0.5892,0.4953,0.5843,0.4953,0.5794
2021-01-27 18:30:00,2021-01-27 18:36:00,2021-01-27 18:37:00,-0.0007087697282109,0.0003648941185679,6,2021-01-27,FALSE,FALSE,FALSE,FALSE,0.0004935863284596960,Positive,Negative,0.5649,0.6673,0.5416,0.66,0.5416,0.6532,0.5416,0.6475,0.5416,0.6425,0.5416,0.6373,0.5416,0.6323
2021-01-27 18:30:00,2021-01-27 18:37:00,2021-01-27 18:38:00,0.0003305260690995,0.00042320205253,7,2021-01-27,FALSE,FALSE,FALSE,FALSE,0.0004935863284596960,Positive,Positive,0.5125,0.6193,0.4965,0.6128,0.4965,0.6064,0.4965,0.5995,0.4965,0.593,0.4965,0.5872,0.4965,0.5823
2021-01-27 18:30:00,2021-01-27 18:38:00,2021-01-27 18:39:00,0.0001586934241066,0.0004232244412113,8,2021-01-27,FALSE,FALSE,FALSE,FALSE,0.0004935863284596960,Positive,Positive,0.4223,0.5185,0.4076,0.514,0.4076,0.5101,0.4076,0.5067,0.4076,0.5033,0.4076,0.5,0.4076,0.4969
2021-01-27 18:30:00,2021-01-27 18:39:00,2021-01-27 18:40:00,-0.0002776995917256,0.0004099607231178,9,2021-01-27,FALSE,FALSE,FALSE,FALSE,0.0004935863284596960,Positive,Negative,0.4165,0.4753,0.4042,0.4707,0.4042,0.4669,0.4042,0.4639,0.4042,0.4612,0.4042,0.4588,0.4042,0.4565
2021-01-27 18:30:00,2021-01-27 18:40:00,2021-01-27 18:41:00,-0.00034777989155,0.0003834913582205,10,2021-01-27,FALSE,FALSE,FALSE,FALSE,0.0004935863284596960,Positive,Negative,0.3924,0.458,0.3789,0.4528,0.3789,0.4488,0.3789,0.4446,0.3789,0.4408,0.3789,0.4373,0.3789,0.4337
2021-01-27 18:30:00,2021-01-27 18:41:00,2021-01-27 18:42:00,0.0005064848701194,0.0007973458149401,11,2021-01-27,FALSE,FALSE,FALSE,FALSE,0.0004935863284596960,Positive,Positive,0.4151,0.5329,0.4034,0.5278,0.4034,0.5234,0.4034,0.5197,0.4034,0.5164,0.4034,0.5134,0.4034,0.5105
2021-01-27 18:30:00,2021-01-27 18:42:00,2021-01-27 18:43:00,0.000132266732965,0.0004233588230623,12,2021-01-27,FALSE,FALSE,FALSE,FALSE,0.0004935863284596960,Positive,Positive,0.4381,0.583,0.4234,0.5765,0.4234,0.5713,0.4234,0.566,0.4234,0.5605,0.4234,0.5557,0.4234,0.5515
2021-01-27 18:30:00,2021-01-27 18:43:00,2021-01-27 18:44:00,-0.001534111646257,0.0003439426409503,13,2021-01-27,TRUE,FALSE,FALSE,FALSE,0.0004935863284596960,Positive,Negative,0.4648,0.5451,0.4518,0.5412,0.4518,0.5379,0.4518,0.5345,0.4518,0.5311,0.4518,0.5281,0.4518,0.5254
2021-01-27 18:30:00,2021-01-27 18:44:00,2021-01-27 18:45:00,0.0016667693317512,0.001430160495789,14,2021-01-27,TRUE,FALSE,FALSE,FALSE,0.0004935863284596960,Positive,Positive,0.4827,0.5966,0.4666,0.5924,0.4666,0.5879,0.4666,0.5843,0.4666,0.5809,0.4666,0.578,0.4666,0.5751
2021-01-27 18:30:00,2021-01-27 18:45:00,2021-01-27 18:46:00,-0.0004141929750912,0.0009770054042597,15,2021-01-27,FALSE,FALSE,FALSE,FALSE,0.0004935863284596960,Positive,Negative,0.3646,0.4364,0.3466,0.4314,0.3466,0.4274,0.3466,0.4235,0.3466,0.4198,0.3466,0.4165,0.3466,0.4137
2021-01-27 18:30:00,2021-01-27 18:46:00,2021-01-27 18:47:00,0.0002528537608026,0.0004502595613942,16,2021-01-27,FALSE,FALSE,FALSE,FALSE,0.0004935863284596960,Positive,Positive,0.4429,0.548,0.4312,0.5424,0.4312,0.5373,0.4312,0.533,0.4312,0.5293,0.4312,0.5261,0.4312,0.5233
2021-01-27 18:30:00,2021-01-27 18:47:00,2021-01-27 18:48:00,-0.0001562221305372,0.0005822696122783,17,2021-01-27,FALSE,FALSE,FALSE,FALSE,0.0004935863284596960,Positive,Negative,0.4263,0.5356,0.4106,0.53,0.4106,0.525,0.4106,0.5209,0.4106,0.5171,0.4106,0.5136,0.4106,0.5106
2021-01-27 18:30:00,2021-01-27 18:48:00,2021-01-27 18:49:00,-0.0003573566303971,0.0002647603918454,18,2021-01-27,FALSE,FALSE,FALSE,FALSE,0.0004935863284596960,Positive,Negative,0.4565,0.6162,0.4369,0.6078,0.4369,0.6006,0.4369,0.5945,0.4369,0.5894,0.4369,0.585,0.4369,0.581
2021-01-27 18:30:00,2021-01-27 18:49:00,2021-01-27 18:50:00,0.0002178179949044,0.0004634533898303,19,2021-01-27,FALSE,FALSE,FALSE,FALSE,0.0004935863284596960,Positive,Positive,0.4228,0.6185,0.4018,0.6128,0.4018,0.608,0.4018,0.6032,0.4018,0.5983,0.4018,0.5939,0.4018,0.5893
2021-01-27 18:30:00,2021-01-27 18:50:00,2021-01-27 18:51:00,0.0003114170746438,0.0005826579797659,20,2021-01-27,FALSE,FALSE,FALSE,FALSE,0.0004935863284596960,Positive,Positive,0.3706,0.6134,0.3495,0.6086,0.3495,0.6033,0.3495,0.5985,0.3495,0.5937,0.3495,0.5889,0.3495,0.5843
2021-01-27 18:30:00,2021-01-27 18:51:00,2021-01-27 18:52:00,-0.0007087697282109,0.0005562913907284,21,2021-01-27,FALSE,FALSE,FALSE,FALSE,0.0004935863284596960,Positive,Negative,0.4393,0.6201,0.4218,0.6153,0.4218,0.6109,0.4218,0.6051,0.4218,0.5997,0.4218,0.5944,0.4218,0.5897
2021-01-27 18:30:00,2021-01-27 18:52:00,2021-01-27 18:53:00,-0.0007087697282109,0.0002647814229352,22,2021-01-27,FALSE,FALSE,FALSE,FALSE,0.0004935863284596960,Positive,Positive,0.4074,0.5531,0.3914,0.5468,0.3914,0.5413,0.3914,0.5365,0.3914,0.5324,0.3914,0.5286,0.3914,0.525
2021-01-27 18:30:00,2021-01-27 18:53:00,2021-01-27 18:54:00,0.0003679207848774,0.0004501641775236,23,2021-01-27,FALSE,FALSE,FALSE,FALSE,0.0004935863284596960,Positive,Positive,0.4076,0.6091,0.3874,0.6008,0.3874,0.5941,0.3874,0.5883,0.3874,0.5828,0.3874,0.5776,0.3874,0.5728
2021-01-27 18:30:00,2021-01-27 18:54:00,2021-01-27 18:55:00,-0.0009527331644321,0.0006883587937837,24,2021-01-27,FALSE,FALSE,FALSE,FALSE,0.0004935863284596960,Positive,Negative,0.344,0.6079,0.3228,0.6016,0.3228,0.5954,0.3228,0.5889,0.3228,0.5819,0.3228,0.5741,0.3228,0.5666
2021-01-27 18:30:00,2021-01-27 18:55:00,2021-01-27 18:56:00,0.0008468619448597,0.0007413879842189,25,2021-01-27,FALSE,FALSE,FALSE,FALSE,0.0004935863284596960,Positive,Positive,0.4115,0.4826,0.3991,0.4804,0.3991,0.4782,0.3991,0.4763,0.3991,0.4745,0.3991,0.4728,0.3991,0.4712
2021-01-27 18:30:00,2021-01-27 18:56:00,2021-01-27 18:57:00,-0.0006087576126057,0.0006944615434308,26,2021-01-27,FALSE,FALSE,FALSE,FALSE,0.0004935863284596960,Positive,Negative,0.4924,0.6717,0.4761,0.6667,0.4761,0.6617,0.4761,0.6572,0.4761,0.6534,0.4761,0.6501,0.4761,0.6468
2021-01-27 18:30:00,2021-01-27 18:57:00,2021-01-27 18:58:00,-0.0003745650647708,0.0004500450045004,27,2021-01-27,FALSE,FALSE,FALSE,FALSE,0.0004935863284596960,Positive,Negative,0.4678,0.6458,0.451,0.6407,0.451,0.6359,0.451,0.6318,0.451,0.6282,0.451,0.6242,0.451,0.6201
2021-01-27 18:30:00,2021-01-27 18:58:00,2021-01-27 18:59:00,-0.0007087697282109,0.0007680084745761,28,2021-01-27,FALSE,FALSE,FALSE,FALSE,0.0004935863284596960,Positive,Positive,0.4146,0.5823,0.4009,0.5753,0.4009,0.5697,0.4009,0.5649,0.4009,0.5604,0.4009,0.5562,0.4009,0.5522
2021-01-27 18:30:00,2021-01-27 18:59:00,2021-01-27 19:00:00,0.0016690511400562,0.0014852535539995,29,2021-01-27,TRUE,FALSE,FALSE,FALSE,0.0004935863284596960,Positive,Positive,0.4408,0.5639,0.426,0.5608,0.426,0.5578,0.426,0.5552,0.426,0.5524,0.426,0.5491,0.426,0.5459
2021-01-27 18:30:00,2021-01-27 19:00:00,2021-01-27 19:01:00,-0.0015099530501838,0.0022262270751617,30,2021-01-27,TRUE,FALSE,FALSE,FALSE,0.0004935863284596960,Positive,Negative,0.3853,0.6006,0.3653,0.5929,0.3653,0.5864,0.3653,0.5799,0.3653,0.5741,0.3653,0.5686,0.3653,0.5634
2021-01-27 18:30:00,2021-01-27 19:01:00,2021-01-27 19:02:00,0.0002363026712146,0.00132429282763,31,2021-01-27,FALSE,FALSE,FALSE,FALSE,0.0004935863284596960,Positive,Positive,0.387,0.6168,0.365,0.6093,0.365,0.6031,0.365,0.5973,0.365,0.5919,0.365,0.5865,0.365,0.5812
2021-01-27 18:30:00,2021-01-27 19:02:00,2021-01-27 19:03:00,0.0009817831138976,0.0010335232542731,32,2021-01-27,FALSE,FALSE,FALSE,FALSE,0.0004935863284596960,Positive,Positive,0.4339,0.6367,0.417,0.6314,0.417,0.627,0.417,0.6227,0.417,0.6185,0.417,0.6145,0.417,0.6104
2021-01-27 18:30:00,2021-01-27 19:03:00,2021-01-27 19:04:00,-0.0012508343050773,0.0011392237382434,33,2021-01-27,TRUE,FALSE,FALSE,FALSE,0.0004935863284596960,Positive,Negative,0.4405,0.6313,0.4222,0.6248,0.4222,0.6182,0.4222,0.6118,0.4222,0.6055,0.4222,0.6,0.4222,0.5952
2021-01-27 18:30:00,2021-01-27 19:04:00,2021-01-27 19:05:00,-0.000602743692786,0.0006016152522177,34,2021-01-27,FALSE,FALSE,FALSE,FALSE,0.0004935863284596960,Positive,Negative,0.3513,0.5071,0.3377,0.4996,0.3377,0.4926,0.3377,0.4869,0.3377,0.4821,0.3377,0.4779,0.3377,0.474
2021-01-27 18:30:00,2021-01-27 19:05:00,2021-01-27 19:06:00,0.0006880213093481,0.0011662734911336,35,2021-01-27,FALSE,FALSE,FALSE,FALSE,0.0004935863284596960,Positive,Positive,0.4389,0.536,0.4233,0.5317,0.4233,0.5273,0.4233,0.5229,0.4233,0.5187,0.4233,0.5144,0.4233,0.5103
2021-01-27 18:30:00,2021-01-27 19:06:00,2021-01-27 19:07:00,0.0013916928201403,0.0005568076362191,36,2021-01-27,TRUE,FALSE,FALSE,FALSE,0.0004935863284596960,Positive,Positive,0.4355,0.601,0.4197,0.5962,0.4197,0.592,0.4197,0.5882,0.4197,0.5837,0.4197,0.5796,0.4197,0.5754
2021-01-27 18:30:00,2021-01-27 19:07:00,2021-01-27 19:08:00,-0.0012169294175676,0.0010736867220742,37,2021-01-27,TRUE,FALSE,FALSE,FALSE,0.0004935863284596960,Positive,Negative,0.3452,0.5759,0.326,0.566,0.326,0.5584,0.326,0.5521,0.326,0.5465,0.326,0.5413,0.326,0.5358
2021-01-27 18:30:00,2021-01-27 19:08:00,2021-01-27 19:09:00,0.0001962400368262,0.000741938048173,38,2021-01-27,FALSE,FALSE,FALSE,FALSE,0.0004935863284596960,Positive,Positive,0.3559,0.5285,0.3385,0.5222,0.3385,0.5164,0.3385,0.5114,0.3385,0.5072,0.3385,0.5035,0.3385,0.5002
2021-01-27 18:30:00,2021-01-27 19:09:00,2021-01-27 19:10:00,0.0002619215035823,0.000609481410817,39,2021-01-27,FALSE,FALSE,FALSE,FALSE,0.0004935863284596960,Positive,Positive,0.4456,0.5761,0.4303,0.5707,0.4303,0.5654,0.4303,0.56,0.4303,0.555,0.4303,0.5506,0.4303,0.5467
2021-01-27 18:30:00,2021-01-27 19:10:00,2021-01-27 19:11:00,-0.000500221983124,0.0005297311614355,40,2021-01-27,FALSE,FALSE,FALSE,FALSE,0.0004935863284596960,Positive,Negative,0.4359,0.5092,0.4243,0.5049,0.4243,0.5011,0.4243,0.4978,0.4243,0.4951,0.4243,0.4927,0.4243,0.4905
2021-01-27 18:30:00,2021-01-27 19:11:00,2021-01-27 19:12:00,0.0005560935824868,0.0002648375221802,41,2021-01-27,FALSE,FALSE,FALSE,FALSE,0.0004935863284596960,Positive,Positive,0.4241,0.646,0.4062,0.6391,0.4062,0.6337,0.4062,0.6288,0.4062,0.6243,0.4062,0.6202,0.4062,0.6162
2021-01-27 18:30:00,2021-01-27 19:12:00,2021-01-27 19:13:00,-0.0006722960750748,0.0006357447484835,42,2021-01-27,FALSE,FALSE,FALSE,FALSE,0.0004935863284596960,Positive,Negative,0.3942,0.5889,0.3805,0.5807,0.3805,0.5737,0.3805,0.5677,0.3805,0.5622,0.3805,0.5569,0.3805,0.5521
2021-01-27 18:30:00,2021-01-27 19:13:00,2021-01-27 19:14:00,0.0003015347658401,0.0005561735261402,43,2021-01-27,FALSE,FALSE,FALSE,FALSE,0.0004935863284596960,Positive,Positive,0.4186,0.5416,0.4038,0.5354,0.4038,0.5299,0.4038,0.5251,0.4038,0.5211,0.4038,0.5176,0.4038,0.5144
2021-01-27 18:30:00,2021-01-27 19:14:00,2021-01-27 19:15:00,-0.0013437514026296,0.0003443343751655,44,2021-01-27,TRUE,FALSE,FALSE,FALSE,0.0004935863284596960,Positive,Negative,0.3854,0.5305,0.3701,0.5208,0.3701,0.5131,0.3701,0.5065,0.3701,0.501,0.3701,0.4962,0.3701,0.492
2021-01-27 18:30:00,2021-01-27 19:15:00,2021-01-27 19:16:00,0.0011050584333618,0.0015149634467328,45,2021-01-27,TRUE,FALSE,FALSE,FALSE,0.0004935863284596960,Positive,Positive,0.3574,0.5513,0.338,0.5435,0.338,0.5377,0.338,0.5329,0.338,0.5285,0.338,0.5244,0.338,0.5206
2021-01-27 18:30:00,2021-01-27 19:16:00,2021-01-27 19:17:00,-0.0006592077240265,0.0004774535809018,46,2021-01-27,FALSE,FALSE,FALSE,FALSE,0.0004935863284596960,Positive,Negative,0.3867,0.5724,0.3645,0.5656,0.3645,0.5597,0.3645,0.5544,0.3645,0.5492,0.3645,0.5441,0.3645,0.5396
2021-01-27 18:30:00,2021-01-27 19:17:00,2021-01-27 19:18:00,0.0005773772187395,0.0010089209855564,47,2021-01-27,FALSE,FALSE,FALSE,FALSE,0.0004935863284596960,Positive,Positive,0.3234,0.4961,0.3104,0.4867,0.3104,0.4792,0.3104,0.4728,0.3104,0.4673,0.3104,0.4625,0.3104,0.4582
2021-01-27 18:30:00,2021-01-27 19:18:00,2021-01-27 19:19:00,0.0001345273665377,0.0010892667375133,48,2021-01-27,FALSE,FALSE,FALSE,FALSE,0.0004935863284596960,Positive,Positive,0.3348,0.4732,0.3196,0.4685,0.3196,0.4638,0.3196,0.4592,0.3196,0.455,0.3196,0.4514,0.3196,0.4481
2021-01-27 18:30:00,2021-01-27 19:19:00,2021-01-27 19:20:00,-0.000358669985075,0.0007094780420531,49,2021-01-27,FALSE,FALSE,FALSE,FALSE,0.0004935863284596960,Positive,Negative,0.3275,0.4393,0.3152,0.43,0.3152,0.4222,0.3152,0.4158,0.3152,0.41,0.3152,0.405,0.3152,0.4006
2021-01-27 18:30:00,2021-01-27 19:20:00,2021-01-27 19:21:00,0.0005682236947484,0.0011963312508309,50,2021-01-27,FALSE,FALSE,FALSE,FALSE,0.0004935863284596960,Positive,Positive,0.4256,0.4844,0.4117,0.4803,0.4117,0.4765,0.4117,0.4729,0.4117,0.4694,0.4117,0.4663,0.4117,0.4633
2021-01-27 18:30:00,2021-01-27 19:21:00,2021-01-27 19:22:00,0.0005547913304545,0.0007710920258449,51,2021-01-27,FALSE,FALSE,FALSE,FALSE,0.0004935863284596960,Positive,Positive,0.3059,0.4587,0.2939,0.4539,0.2939,0.4497,0.2939,0.4462,0.2939,0.4434,0.2939,0.4403,0.2939,0.4374
2021-01-27 18:30:00,2021-01-27 19:22:00,2021-01-27 19:23:00,-0.0003451667870681,0.0008176993088899,52,2021-01-27,FALSE,FALSE,FALSE,FALSE,0.0004935863284596960,Positive,Negative,0.3034,0.4861,0.2888,0.4784,0.2888,0.4709,0.2888,0.4645,0.2888,0.4589,0.2888,0.454,0.2888,0.4498
2021-01-27 18:30:00,2021-01-27 19:23:00,2021-01-27 19:24:00,-0.0007087697282109,0.0011694973819206,53,2021-01-27,FALSE,FALSE,FALSE,FALSE,0.0004935863284596960,Positive,Positive,0.3573,0.5855,0.3376,0.5761,0.3376,0.5681,0.3376,0.5612,0.3376,0.555,0.3376,0.5496,0.3376,0.5444
2021-01-27 18:30:00,2021-01-27 19:24:00,2021-01-27 19:24:56,-0.0009561844871442,0.0007625211553126,54,2021-01-27,FALSE,FALSE,FALSE,FALSE,0.0004935863284596960,Positive,Negative,0.2805,0.4456,0.266,0.4395,0.266,0.4344,0.266,0.4296,0.266,0.4253,0.266,0.4214,0.266,0.4178
2021-03-17 18:30:00,2021-03-17 18:30:00,2021-03-17 18:31:00,0.0012905409224265,0.0009618792082215,55,2021-03-17,TRUE,FALSE,FALSE,FALSE,0.0004926249634979,Positive,Positive,0.4165,0.5432,0.4001,0.5353,0.4001,0.5286,0.4001,0.5229,0.4001,0.5178,0.4001,0.513,0.4001,0.5084
2021-03-17 18:30:00,2021-03-17 18:31:00,2021-03-17 18:32:00,-0.0009869426613633,0.0011388945130592,56,2021-03-17,FALSE,FALSE,FALSE,FALSE,0.0004926249634979,Positive,Negative,0.5336,0.6387,0.5114,0.6326,0.5114,0.6276,0.5114,0.623,0.5114,0.6189,0.5114,0.615,0.5114,0.6113
2021-03-17 18:30:00,2021-03-17 18:32:00,2021-03-17 18:33:00,-0.0002401840568349,0.0006575287036568,57,2021-03-17,FALSE,FALSE,FALSE,FALSE,0.0004926249634979,Positive,Negative,0.396,0.5389,0.3775,0.5315,0.3775,0.5248,0.3775,0.5191,0.3775,0.5136,0.3775,0.5081,0.3775,0.5029
2021-03-17 18:30:00,2021-03-17 18:33:00,2021-03-17 18:34:00,0.0003034018967887,0.0006829737181596,58,2021-03-17,FALSE,FALSE,FALSE,FALSE,0.0004926249634979,Positive,Positive,0.457,0.5856,0.4389,0.5812,0.4389,0.5769,0.4389,0.5727,0.4389,0.569,0.4389,0.5654,0.4389,0.5613
2021-03-17 18:30:00,2021-03-17 18:34:00,2021-03-17 18:35:00,0.001112739923744,0.0006323670764405,59,2021-03-17,TRUE,FALSE,FALSE,FALSE,0.0004926249634979,Positive,Positive,0.396,0.5193,0.3789,0.5124,0.3789,0.507,0.3789,0.5023,0.3789,0.4979,0.3789,0.4938,0.3789,0.49
2021-03-17 18:30:00,2021-03-17 18:35:00,2021-03-17 18:36:00,-0.0013022324821508,0.0011633200141621,60,2021-03-17,TRUE,FALSE,FALSE,FALSE,0.0004926249634979,Positive,Negative,0.4461,0.6428,0.4221,0.6352,0.4221,0.628,0.4221,0.622,0.4221,0.6162,0.4221,0.611,0.4221,0.6062
2021-03-17 18:30:00,2021-03-17 18:36:00,2021-03-17 18:37:00,0.0012883802095227,0.0006065047635895,61,2021-03-17,TRUE,FALSE,FALSE,FALSE,0.0004926249634979,Positive,Positive,0.5079,0.6298,0.4857,0.6212,0.4857,0.6144,0.4857,0.608,0.4857,0.6025,0.4857,0.5976,0.4857,0.5931
2021-03-17 18:30:00,2021-03-17 18:37:00,2021-03-17 18:38:00,-0.0005312211419659,0.0014403032217308,62,2021-03-17,FALSE,FALSE,FALSE,FALSE,0.0004926249634979,Positive,Negative,0.5479,0.6261,0.5233,0.6184,0.5233,0.6123,0.5233,0.6071,0.5233,0.6024,0.5233,0.5983,0.5233,0.5945
2021-03-17 18:30:00,2021-03-17 18:38:00,2021-03-17 18:39:00,-0.0004795111323853,0.0008076117406556,63,2021-03-17,FALSE,FALSE,FALSE,FALSE,0.0004926249634979,Positive,Negative,0.5247,0.6096,0.5082,0.6056,0.5082,0.6018,0.5082,0.5982,0.5082,0.5942,0.5082,0.59,0.5082,0.5863
2021-03-17 18:30:00,2021-03-17 18:39:00,2021-03-17 18:40:00,0.0001260588907078,0.0005045026864767,64,2021-03-17,FALSE,FALSE,FALSE,FALSE,0.0004926249634979,Positive,Positive,0.439,0.5499,0.4258,0.5431,0.4258,0.5377,0.4258,0.5331,0.4258,0.5285,0.4258,0.5244,0.4258,0.5207
2021-03-17 18:30:00,2021-03-17 18:40:00,2021-03-17 18:41:00,0.0005293170612883,0.0004539379113812,65,2021-03-17,FALSE,FALSE,FALSE,FALSE,0.0004926249634979,Positive,Positive,0.434,0.5484,0.4164,0.5426,0.4164,0.5367,0.4164,0.5313,0.4164,0.5264,0.4164,0.5218,0.4164,0.5176
2021-03-17 18:30:00,2021-03-17 18:41:00,2021-03-17 18:42:00,-0.0006807160445066,0.0009579509932439,66,2021-03-17,FALSE,FALSE,FALSE,FALSE,0.0004926249634979,Positive,Negative,0.4605,0.6148,0.4425,0.6095,0.4425,0.605,0.4425,0.6009,0.4425,0.5966,0.4425,0.5927,0.4425,0.5893
2021-03-17 18:30:00,2021-03-17 18:42:00,2021-03-17 18:43:00,0.0008310750307764,0.0004912766895509,67,2021-03-17,FALSE,FALSE,FALSE,FALSE,0.0004926249634979,Positive,Positive,0.4313,0.508,0.4151,0.5024,0.4151,0.4975,0.4151,0.4931,0.4151,0.489,0.4151,0.4851,0.4151,0.4814
2021-03-17 18:30:00,2021-03-17 18:43:00,2021-03-17 18:44:00,-0.0004286050107699,0.0011460668497014,68,2021-03-17,FALSE,FALSE,FALSE,FALSE,0.0004926249634979,Positive,Negative,0.4495,0.5145,0.433,0.508,0.433,0.5028,0.433,0.4986,0.433,0.4949,0.433,0.4916,0.433,0.4885
2021-03-17 18:30:00,2021-03-17 18:44:00,2021-03-17 18:45:00,-0.000898301589685,0.0008052340211375,69,2021-03-17,FALSE,FALSE,FALSE,FALSE,0.0004926249634979,Positive,Negative,0.4157,0.5155,0.4016,0.5089,0.4016,0.5036,0.4016,0.4988,0.4016,0.4945,0.4016,0.4905,0.4016,0.4867
2021-03-17 18:30:00,2021-03-17 18:45:00,2021-03-17 18:46:00,0.000218980348838,0.0012837293596457,70,2021-03-17,FALSE,FALSE,FALSE,FALSE,0.0004926249634979,Positive,Positive,0.4354,0.607,0.4167,0.6013,0.4167,0.5956,0.4167,0.5906,0.4167,0.5862,0.4167,0.5824,0.4167,0.5784
2021-03-17 18:30:00,2021-03-17 18:46:00,2021-03-17 18:47:00,-0.0007087697282109,0.0005032839276277,71,2021-03-17,FALSE,FALSE,FALSE,FALSE,0.0004926249634979,Positive,Positive,0.3802,0.4885,0.3679,0.4818,0.3679,0.4761,0.3679,0.4711,0.3679,0.4668,0.3679,0.4627,0.3679,0.4589
2021-03-17 18:30:00,2021-03-17 18:47:00,2021-03-17 18:48:00,-0.0003271423094252,0.000729963753524,72,2021-03-17,FALSE,FALSE,FALSE,FALSE,0.0004926249634979,Positive,Negative,0.4634,0.6106,0.4442,0.6031,0.4442,0.597,0.4442,0.5918,0.4442,0.587,0.4442,0.5827,0.4442,0.5785
2021-03-17 18:30:00,2021-03-17 18:48:00,2021-03-17 18:49:00,0.0005284937354214,0.0005790825318495,73,2021-03-17,FALSE,FALSE,FALSE,FALSE,0.0004926249634979,Positive,Positive,0.4232,0.5538,0.4027,0.547,0.4027,0.5415,0.4027,0.5365,0.4027,0.532,0.4027,0.528,0.4027,0.5242
2021-03-17 18:30:00,2021-03-17 18:49:00,2021-03-17 18:50:00,-0.0004656896603814,0.0006419858763107,74,2021-03-17,FALSE,FALSE,FALSE,FALSE,0.0004926249634979,Positive,Negative,0.3969,0.5416,0.3833,0.5377,0.3833,0.5336,0.3833,0.5298,0.3833,0.5262,0.3833,0.5229,0.3833,0.5197
2021-03-17 18:30:00,2021-03-17 18:50:00,2021-03-17 18:51:00,0.0003272251279863,0.000554058478354,75,2021-03-17,FALSE,FALSE,FALSE,FALSE,0.0004926249634979,Positive,Positive,0.4176,0.5236,0.404,0.5185,0.404,0.5141,0.404,0.5102,0.404,0.5066,0.404,0.5035,0.404,0.5006
2021-03-17 18:30:00,2021-03-17 18:51:00,2021-03-17 18:52:00,0.0003777005589967,0.0005540724323779,76,2021-03-17,FALSE,FALSE,FALSE,FALSE,0.0004926249634979,Positive,Positive,0.4151,0.549,0.3979,0.5423,0.3979,0.5371,0.3979,0.5326,0.3979,0.5283,0.3979,0.524,0.3979,0.5201
2021-03-17 18:30:00,2021-03-17 18:52:00,2021-03-17 18:53:00,-0.0007087697282109,0.0005537507104452,77,2021-03-17,FALSE,FALSE,FALSE,FALSE,0.0004926249634979,Positive,Negative,0.2917,0.4772,0.2745,0.4711,0.2745,0.4651,0.2745,0.4592,0.2745,0.4539,0.2745,0.4493,0.2745,0.4452
2021-03-17 18:30:00,2021-03-17 18:53:00,2021-03-17 18:54:00,-0.0001636578496448,0.0004530695461753,78,2021-03-17,FALSE,FALSE,FALSE,FALSE,0.0004926249634979,Positive,Negative,0.4511,0.5937,0.4332,0.5904,0.4332,0.5869,0.4332,0.5838,0.4332,0.5812,0.4332,0.5786,0.4332,0.5758
2021-03-17 18:30:00,2021-03-17 18:54:00,2021-03-17 18:55:00,0.0003396109260009,0.0006040623190959,79,2021-03-17,FALSE,FALSE,FALSE,FALSE,0.0004926249634979,Positive,Positive,0.5027,0.6225,0.484,0.6164,0.484,0.6109,0.484,0.606,0.484,0.602,0.484,0.5984,0.484,0.5948
2021-03-17 18:30:00,2021-03-17 18:55:00,2021-03-17 18:56:00,-0.0007043519147365,0.0009562635260959,80,2021-03-17,FALSE,FALSE,FALSE,FALSE,0.0004926249634979,Positive,Negative,0.4777,0.5613,0.4639,0.554,0.4639,0.5474,0.4639,0.5412,0.4639,0.5357,0.4639,0.5309,0.4639,0.5267
2021-03-17 18:30:00,2021-03-17 18:56:00,2021-03-17 18:57:00,0.000176028507961,0.0006793820139901,81,2021-03-17,FALSE,FALSE,FALSE,FALSE,0.0004926249634979,Positive,Positive,0.4339,0.5729,0.4139,0.5675,0.4139,0.5623,0.4139,0.5576,0.4139,0.5533,0.4139,0.5493,0.4139,0.5456
2021-03-17 18:30:00,2021-03-17 18:57:00,2021-03-17 18:58:00,-0.0001006232349835,0.0007550778988699,82,2021-03-17,FALSE,FALSE,FALSE,FALSE,0.0004926249634979,Positive,Negative,0.3663,0.4451,0.354,0.4413,0.354,0.438,0.354,0.4349,0.354,0.4319,0.354,0.4293,0.354,0.4268
2021-03-17 18:30:00,2021-03-17 18:58:00,2021-03-17 18:59:00,0.0005786296446774,0.0007046861629839,83,2021-03-17,FALSE,FALSE,FALSE,FALSE,0.0004926249634979,Positive,Positive,0.4351,0.5505,0.4173,0.5462,0.4173,0.5422,0.4173,0.5387,0.4173,0.5353,0.4173,0.5319,0.4173,0.5286
2021-03-17 18:30:00,2021-03-17 18:59:00,2021-03-17 19:00:00,-0.0001510876465708,0.0006667756991708,84,2021-03-17,FALSE,FALSE,FALSE,FALSE,0.0004926249634979,Positive,Negative,0.3773,0.5077,0.3593,0.5026,0.3593,0.4982,0.3593,0.494,0.3593,0.4904,0.3593,0.4873,0.3593,0.4842
2021-03-17 18:30:00,2021-03-17 19:00:00,2021-03-17 19:01:00,-0.0003017653271637,0.0005781611507896,85,2021-03-17,FALSE,FALSE,FALSE,FALSE,0.0004926249634979,Positive,Negative,0.3656,0.4523,0.3513,0.4471,0.3513,0.4424,0.3513,0.4376,0.3513,0.4333,0.3513,0.4291,0.3513,0.4254
2021-03-17 18:30:00,2021-03-17 19:01:00,2021-03-17 19:02:00,-0.0003391279208618,0.0004023234177374,86,2021-03-17,FALSE,FALSE,FALSE,FALSE,0.0004926249634979,Positive,Negative,0.3832,0.5442,0.3677,0.5384,0.3677,0.5328,0.3677,0.5282,0.3677,0.524,0.3677,0.5203,0.3677,0.5168
2021-03-17 18:30:00,2021-03-17 19:02:00,2021-03-17 19:03:00,0.0011187275587251,0.000906071737431,87,2021-03-17,TRUE,FALSE,FALSE,FALSE,0.0004926249634979,Positive,Positive,0.4069,0.5114,0.3919,0.5062,0.3919,0.5016,0.3919,0.4978,0.3919,0.4945,0.3919,0.491,0.3919,0.4875
2021-03-17 18:30:00,2021-03-17 19:03:00,2021-03-17 19:04:00,-0.0006413913202355,0.0008298963886933,88,2021-03-17,FALSE,FALSE,FALSE,FALSE,0.0004926249634979,Positive,Negative,0.4303,0.5668,0.4141,0.5628,0.4141,0.5587,0.4141,0.5548,0.4141,0.551,0.4141,0.5473,0.4141,0.5438
2021-03-17 18:30:00,2021-03-17 19:04:00,2021-03-17 19:05:00,-0.0001382083176278,0.0004523977078516,89,2021-03-17,FALSE,FALSE,FALSE,FALSE,0.0004926249634979,Positive,Negative,0.4445,0.5654,0.4328,0.5608,0.4328,0.5566,0.4328,0.5528,0.4328,0.5493,0.4328,0.5459,0.4328,0.5428
2021-03-17 18:30:00,2021-03-17 19:05:00,2021-03-17 19:06:00,-0.000100505037815,0.0005152242482123,90,2021-03-17,FALSE,FALSE,FALSE,FALSE,0.0004926249634979,Positive,Negative,0.4668,0.5862,0.4506,0.5789,0.4506,0.5727,0.4506,0.5669,0.4506,0.562,0.4506,0.5573,0.4506,0.5533
2021-03-17 18:30:00,2021-03-17 19:06:00,2021-03-17 19:07:00,0.0003279319722004,0.0004272752406565,91,2021-03-17,FALSE,FALSE,FALSE,FALSE,0.0004926249634979,Positive,Positive,0.4792,0.56,0.4597,0.5547,0.4597,0.5499,0.4597,0.5457,0.4597,0.542,0.4597,0.5387,0.4597,0.5357
2021-03-17 18:30:00,2021-03-17 19:07:00,2021-03-17 19:08:00,-0.0007087697282109,0.0003246883795737,92,2021-03-17,FALSE,FALSE,FALSE,FALSE,0.0004926249634979,Positive,Negative,0.4443,0.5966,0.4305,0.5907,0.4305,0.5858,0.4305,0.5814,0.4305,0.5774,0.4305,0.5738,0.4305,0.5705
2021-03-17 18:30:00,2021-03-17 19:08:00,2021-03-17 19:09:00,-0.0005652357434977,0.000452329496909,93,2021-03-17,FALSE,FALSE,FALSE,FALSE,0.0004926249634979,Positive,Negative,0.3848,0.4995,0.3733,0.4925,0.3733,0.4865,0.3733,0.4804,0.3733,0.4741,0.3733,0.4687,0.3733,0.4638
2021-03-17 18:30:00,2021-03-17 19:09:00,2021-03-17 19:10:00,1.23885722311E-05,0.0006032272658724,94,2021-03-17,FALSE,FALSE,FALSE,FALSE,0.0004926249634979,Positive,Positive,0.4671,0.5736,0.4505,0.5687,0.4505,0.5642,0.4505,0.56,0.4505,0.5562,0.4505,0.5525,0.4505,0.5489
2021-03-17 18:30:00,2021-03-17 19:10:00,2021-03-17 19:11:00,-0.0007087697282109,0.000578281748925,95,2021-03-17,FALSE,FALSE,FALSE,FALSE,0.0004926249634979,Positive,Negative,0.3553,0.4374,0.3403,0.4321,0.3403,0.4274,0.3403,0.4234,0.3403,0.4197,0.3403,0.4163,0.3403,0.4132
2021-03-17 18:30:00,2021-03-17 19:11:00,2021-03-17 19:12:00,0.0003392853691859,0.0007623274385043,96,2021-03-17,FALSE,FALSE,FALSE,FALSE,0.0004926249634979,Positive,Positive,0.3775,0.5096,0.3663,0.504,0.3663,0.4989,0.3663,0.4941,0.3663,0.49,0.3663,0.4864,0.3663,0.4833
2021-03-17 18:30:00,2021-03-17 19:12:00,2021-03-17 19:13:00,-0.0007087697282109,0.0006668931586827,97,2021-03-17,FALSE,FALSE,FALSE,FALSE,0.0004926249634979,Positive,Positive,0.4796,0.5363,0.4617,0.5319,0.4617,0.5275,0.4617,0.5235,0.4617,0.52,0.4617,0.5167,0.4617,0.5136
2021-03-17 18:30:00,2021-03-17 19:13:00,2021-03-17 19:14:00,0.0002141284930689,0.0007048458149779,98,2021-03-17,FALSE,FALSE,FALSE,FALSE,0.0004926249634979,Positive,Positive,0.3832,0.5227,0.3658,0.5153,0.3658,0.5092,0.3658,0.5043,0.3658,0.5001,0.3658,0.4963,0.3658,0.4923
2021-03-17 18:30:00,2021-03-17 19:14:00,2021-03-17 19:15:00,0.0003772397825649,0.0005034612964128,99,2021-03-17,FALSE,FALSE,FALSE,FALSE,0.0004926249634979,Positive,Positive,0.4602,0.607,0.4394,0.5999,0.4394,0.5926,0.4394,0.5856,0.4394,0.5792,0.4394,0.5736,0.4394,0.5685
2021-03-17 18:30:00,2021-03-17 19:15:00,2021-03-17 19:16:00,-0.0003271769781184,0.0005284880209381,100,2021-03-17,FALSE,FALSE,FALSE,FALSE,0.0004926249634979,Positive,Negative,0.4782,0.5333,0.4566,0.5273,0.4566,0.5219,0.4566,0.5168,0.4566,0.5122,0.4566,0.5082,0.4566,0.5046
2021-03-17 18:30:00,2021-03-17 19:16:00,2021-03-17 19:17:00,0.0002767213324327,0.0005485698180912,101,2021-03-17,FALSE,FALSE,FALSE,FALSE,0.0004926249634979,Positive,Positive,0.3685,0.5084,0.3513,0.5042,0.3513,0.5007,0.3513,0.4976,0.3513,0.495,0.3513,0.4925,0.3513,0.4903
2021-03-17 18:30:00,2021-03-17 19:17:00,2021-03-17 19:18:00,-0.0008803000569701,0.0006415417127905,102,2021-03-17,FALSE,FALSE,FALSE,FALSE,0.0004926249634979,Positive,Negative,0.4907,0.5451,0.4719,0.5397,0.4719,0.5354,0.4719,0.5318,0.4719,0.5285,0.4719,0.5254,0.4719,0.5225
2021-03-17 18:30:00,2021-03-17 19:18:00,2021-03-17 19:19:00,0.0001202320270375,0.0006794504001207,103,2021-03-17,FALSE,FALSE,FALSE,FALSE,0.0004926249634979,Positive,Positive,0.386,0.5369,0.3675,0.5306,0.3675,0.5251,0.3675,0.5208,0.3675,0.5168,0.3675,0.5133,0.3675,0.51
2021-03-17 18:30:00,2021-03-17 19:19:00,2021-03-17 19:20:00,-7.4853130934E-06,0.0006293741503448,104,2021-03-17,FALSE,FALSE,FALSE,FALSE,0.0004926249634979,Positive,Negative,0.3466,0.4967,0.3301,0.4865,0.3301,0.4786,0.3301,0.4721,0.3301,0.4663,0.3301,0.4612,0.3301,0.4567
2021-03-17 18:30:00,2021-03-17 19:20:00,2021-03-17 19:21:00,1.24030119554E-05,0.0006044731009468,105,2021-03-17,FALSE,FALSE,FALSE,FALSE,0.0004926249634979,Positive,Positive,0.4018,0.5744,0.3903,0.5696,0.3903,0.5651,0.3903,0.561,0.3903,0.557,0.3903,0.5534,0.3903,0.5501
2021-03-17 18:30:00,2021-03-17 19:21:00,2021-03-17 19:22:00,0.0007306944744213,0.000604686318972,106,2021-03-17,FALSE,FALSE,FALSE,FALSE,0.0004926249634979,Positive,Positive,0.3755,0.5326,0.3608,0.5275,0.3608,0.5227,0.3608,0.5182,0.3608,0.5142,0.3608,0.5099,0.3608,0.5059
2021-03-17 18:30:00,2021-03-17 19:22:00,2021-03-17 19:23:00,-0.0005544500769501,0.0003779194275779,107,2021-03-17,FALSE,FALSE,FALSE,FALSE,0.0004926249634979,Positive,Negative,0.3887,0.4626,0.3737,0.4595,0.3737,0.4559,0.3737,0.4528,0.3737,0.4499,0.3737,0.4473,0.3737,0.4447
2021-03-17 18:30:00,2021-03-17 19:23:00,2021-03-17 19:24:00,0.0002896606503387,0.0004031140560831,108,2021-03-17,FALSE,FALSE,FALSE,FALSE,0.0004926249634979,Positive,Positive,0.4501,0.6238,0.4354,0.6184,0.4354,0.6136,0.4354,0.6093,0.4354,0.6055,0.4354,0.6017,0.4354,0.5979
2021-03-17 18:30:00,2021-03-17 19:24:00,2021-03-17 19:25:00,0.0004282748857314,0.0005418210226556,109,2021-03-17,FALSE,FALSE,FALSE,FALSE,0.0004926249634979,Positive,Positive,0.4017,0.5263,0.3865,0.5216,0.3865,0.5168,0.3865,0.5122,0.3865,0.5081,0.3865,0.5045,0.3865,0.5013
2021-03-17 18:30:00,2021-03-17 19:25:00,2021-03-17 19:26:00,-0.0005919687568958,0.0005542678625414,110,2021-03-17,FALSE,FALSE,FALSE,FALSE,0.0004926249634979,Positive,Negative,0.3963,0.5978,0.3769,0.59,0.3769,0.5832,0.3769,0.5776,0.3769,0.5728,0.3769,0.568,0.3769,0.5637
2021-03-17 18:30:00,2021-03-17 19:26:00,2021-03-17 19:27:00,0.0002518257380276,0.0005289539306315,111,2021-03-17,FALSE,FALSE,FALSE,FALSE,0.0004926249634979,Positive,Positive,0.3712,0.5954,0.3507,0.5882,0.3507,0.5824,0.3507,0.5774,0.3507,0.5729,0.3507,0.5686,0.3507,0.5647
2021-03-17 18:30:00,2021-03-17 19:27:00,2021-03-17 19:28:00,-0.0001586572541557,0.0003576393786141,112,2021-03-17,FALSE,FALSE,FALSE,FALSE,0.0004926249634979,Positive,Negative,0.4579,0.5783,0.4377,0.571,0.4377,0.5641,0.4377,0.5582,0.4377,0.5529,0.4377,0.5485,0.4377,0.5447
2021-03-17 18:30:00,2021-03-17 19:28:00,2021-03-17 19:29:00,3.27348727116481E-05,0.0001762780156131,113,2021-03-17,FALSE,FALSE,FALSE,FALSE,0.0004926249634979,Positive,Positive,0.3613,0.5169,0.3475,0.5127,0.3475,0.5089,0.3475,0.5058,0.3475,0.5032,0.3475,0.5009,0.3475,0.4987
2021-03-17 18:30:00,2021-03-17 19:29:00,2021-03-17 19:29:56,-5.0362610797698E-05,0.0005112358560177,114,2021-03-17,FALSE,FALSE,FALSE,FALSE,0.0004926249634979,Positive,Negative,0.3961,0.5948,0.3801,0.5878,0.3801,0.5823,0.3801,0.5775,0.3801,0.5736,0.3801,0.57,0.3801,0.5668
2021-04-28 18:30:00,2021-04-28 18:30:00,2021-04-28 18:31:00,3.44486038788E-05,0.0002873838490276,115,2021-04-28,FALSE,FALSE,FALSE,FALSE,-0.0003744897978671,Negative,Positive,0.5325,0.6207,0.5073,0.6113,0.5073,0.6032,0.5073,0.5963,0.5073,0.5903,0.5073,0.5848,0.5073,0.5798
2021-04-28 18:30:00,2021-04-28 18:31:00,2021-04-28 18:32:00,-0.0001868389501559,0.00031159445108,116,2021-04-28,FALSE,FALSE,FALSE,FALSE,-0.0003744897978671,Negative,Negative,0.4003,0.4967,0.3719,0.4896,0.3719,0.484,0.3719,0.4793,0.3719,0.475,0.3719,0.4711,0.3719,0.4674
2021-04-28 18:30:00,2021-04-28 18:32:00,2021-04-28 18:33:00,0.0003113505677088,0.0007550154598403,117,2021-04-28,FALSE,FALSE,FALSE,FALSE,-0.0003744897978671,Negative,Positive,0.3685,0.4836,0.3457,0.4792,0.3457,0.4756,0.3457,0.4721,0.3457,0.4686,0.3457,0.4654,0.3457,0.4625
2021-04-28 18:30:00,2021-04-28 18:33:00,2021-04-28 18:34:00,0.0004791793574356,0.0002994908655286,118,2021-04-28,FALSE,FALSE,FALSE,FALSE,-0.0003744897978671,Negative,Positive,0.4347,0.531,0.4049,0.5254,0.4049,0.5205,0.4049,0.5153,0.4049,0.5107,0.4049,0.506,0.4049,0.5015
2021-04-28 18:30:00,2021-04-28 18:34:00,2021-04-28 18:35:00,0.0005266506407889,0.000551056591116,119,2021-04-28,FALSE,FALSE,FALSE,FALSE,-0.0003744897978671,Negative,Positive,0.5121,0.5799,0.4818,0.5667,0.4818,0.5555,0.4818,0.5455,0.4818,0.5367,0.4818,0.5289,0.4818,0.521
2021-04-28 18:30:00,2021-04-28 18:35:00,2021-04-28 18:36:00,-0.0007187259989627,0.0014367826415388,120,2021-04-28,FALSE,FALSE,FALSE,FALSE,-0.0003744897978671,Negative,Negative,0.5488,0.5922,0.5223,0.5868,0.5223,0.5817,0.5223,0.576,0.5223,0.5706,0.5223,0.5656,0.5223,0.5609
2021-04-28 18:30:00,2021-04-28 18:36:00,2021-04-28 18:37:00,0.0005499794866876,0.0003947651745339,121,2021-04-28,FALSE,FALSE,FALSE,FALSE,-0.0003744897978671,Negative,Positive,0.5013,0.6928,0.4781,0.6789,0.4781,0.6672,0.4781,0.6562,0.4781,0.6456,0.4781,0.6355,0.4781,0.6257
2021-04-28 18:30:00,2021-04-28 18:37:00,2021-04-28 18:38:00,-0.0009803928258184,0.0010523546435148,122,2021-04-28,FALSE,FALSE,FALSE,FALSE,-0.0003744897978671,Negative,Negative,0.4349,0.5288,0.4188,0.5201,0.4188,0.5134,0.4188,0.5075,0.4188,0.5016,0.4188,0.4954,0.4188,0.49
2021-04-28 18:30:00,2021-04-28 18:38:00,2021-04-28 18:39:00,0.0006333069433523,0.0007169829358061,123,2021-04-28,FALSE,FALSE,FALSE,FALSE,-0.0003744897978671,Negative,Positive,0.4101,0.4885,0.3888,0.4797,0.3888,0.4726,0.3888,0.4667,0.3888,0.4618,0.3888,0.4576,0.3888,0.4531
2021-04-28 18:30:00,2021-04-28 18:39:00,2021-04-28 18:40:00,-0.0004383288131996,0.0005496869174512,124,2021-04-28,FALSE,FALSE,FALSE,FALSE,-0.0003744897978671,Negative,Negative,0.4784,0.5268,0.4572,0.5194,0.4572,0.5136,0.4572,0.5081,0.4572,0.503,0.4572,0.4985,0.4572,0.4943
2021-04-28 18:30:00,2021-04-28 18:40:00,2021-04-28 18:41:00,0.000426151309985,0.0002866630037505,125,2021-04-28,FALSE,FALSE,FALSE,FALSE,-0.0003744897978671,Negative,Positive,0.3645,0.5197,0.34,0.5104,0.34,0.5026,0.34,0.4957,0.34,0.4893,0.34,0.4835,0.34,0.4783
2021-04-28 18:30:00,2021-04-28 18:41:00,2021-04-28 18:42:00,-0.000585179600986,0.0005972573940465,126,2021-04-28,FALSE,FALSE,FALSE,FALSE,-0.0003744897978671,Negative,Negative,0.4559,0.5258,0.4348,0.5168,0.4348,0.5092,0.4348,0.5023,0.4348,0.4957,0.4348,0.4896,0.4348,0.484
2021-04-28 18:30:00,2021-04-28 18:42:00,2021-04-28 18:43:00,4.58297416439321E-05,0.0003319791450222,127,2021-04-28,FALSE,FALSE,FALSE,FALSE,-0.0003744897978671,Negative,Positive,0.3003,0.3828,0.2861,0.3762,0.2861,0.3703,0.2861,0.3652,0.2861,0.3605,0.2861,0.3562,0.2861,0.3522
2021-04-28 18:30:00,2021-04-28 18:43:00,2021-04-28 18:44:00,0.0001965385342864,0.0002746859026416,128,2021-04-28,FALSE,FALSE,FALSE,FALSE,-0.0003744897978671,Negative,Positive,0.4823,0.5731,0.4596,0.5655,0.4596,0.5588,0.4596,0.5525,0.4596,0.5468,0.4596,0.5413,0.4596,0.5356
2021-04-28 18:30:00,2021-04-28 18:44:00,2021-04-28 18:45:00,0.000294900680557,0.0003582774022499,129,2021-04-28,FALSE,FALSE,FALSE,FALSE,-0.0003744897978671,Negative,Positive,0.3565,0.4614,0.3402,0.457,0.3402,0.4524,0.3402,0.4478,0.3402,0.4438,0.3402,0.4403,0.3402,0.4366
2021-04-28 18:30:00,2021-04-28 18:45:00,2021-04-28 18:46:00,-0.0007520541141828,0.0006175501741606,130,2021-04-28,FALSE,FALSE,FALSE,FALSE,-0.0003744897978671,Negative,Negative,0.3734,0.4617,0.354,0.4561,0.354,0.4511,0.354,0.4465,0.354,0.4426,0.354,0.4392,0.354,0.4361
2021-04-28 18:30:00,2021-04-28 18:46:00,2021-04-28 18:47:00,-0.000250826041569,0.0003939875117896,131,2021-04-28,FALSE,FALSE,FALSE,FALSE,-0.0003744897978671,Negative,Negative,0.3476,0.4506,0.3274,0.4458,0.3274,0.4414,0.3274,0.4372,0.3274,0.4329,0.3274,0.4289,0.3274,0.4254
2021-04-28 18:30:00,2021-04-28 18:47:00,2021-04-28 18:48:00,0.0003460633098965,0.0010993212885956,132,2021-04-28,FALSE,FALSE,FALSE,FALSE,-0.0003744897978671,Negative,Positive,0.319,0.4371,0.3012,0.4306,0.3012,0.425,0.3012,0.4205,0.3012,0.4166,0.3012,0.4129,0.3012,0.4096
2021-04-28 18:30:00,2021-04-28 18:48:00,2021-04-28 18:49:00,0.0002030706497586,0.0003799818851404,133,2021-04-28,FALSE,FALSE,FALSE,FALSE,-0.0003744897978671,Negative,Positive,0.3946,0.5133,0.3739,0.5058,0.3739,0.4996,0.3739,0.4944,0.3739,0.4897,0.3739,0.4855,0.3739,0.4817
2021-04-28 18:30:00,2021-04-28 18:49:00,2021-04-28 18:50:00,0.0001433954450957,0.0003346480219911,134,2021-04-28,FALSE,FALSE,FALSE,FALSE,-0.0003744897978671,Negative,Positive,0.355,0.4505,0.3351,0.4419,0.3351,0.4353,0.3351,0.4299,0.3351,0.4252,0.3351,0.4208,0.3351,0.4165
2021-04-28 18:30:00,2021-04-28 18:50:00,2021-04-28 18:51:00,2.3885723843486E-05,0.0003824457405104,135,2021-04-28,FALSE,FALSE,FALSE,FALSE,-0.0003744897978671,Negative,Positive,0.3576,0.4886,0.3348,0.481,0.3348,0.4751,0.3348,0.4699,0.3348,0.4651,0.3348,0.4608,0.3348,0.457
2021-04-28 18:30:00,2021-04-28 18:51:00,2021-04-28 18:52:00,-1.4275134799997E-08,0.0002867657601682,136,2021-04-28,FALSE,FALSE,FALSE,FALSE,-0.0003744897978671,Negative,Negative,0.3144,0.4381,0.2953,0.4335,0.2953,0.4296,0.2953,0.4261,0.2953,0.4222,0.2953,0.4182,0.2953,0.4146
2021-04-28 18:30:00,2021-04-28 18:52:00,2021-04-28 18:53:00,-0.0001433634663918,0.0001911589008362,137,2021-04-28,FALSE,FALSE,FALSE,FALSE,-0.0003744897978671,Negative,Negative,0.4426,0.5907,0.4184,0.5809,0.4184,0.5715,0.4184,0.563,0.4184,0.5554,0.4184,0.5491,0.4184,0.5435
2021-04-28 18:30:00,2021-04-28 18:53:00,2021-04-28 18:54:00,-9.5568032493139E-05,0.0002891485650105,138,2021-04-28,FALSE,FALSE,FALSE,FALSE,-0.0003744897978671,Negative,Negative,0.4593,0.5562,0.4323,0.5461,0.4323,0.5373,0.4323,0.5301,0.4323,0.5233,0.4323,0.5166,0.4323,0.5105
2021-04-28 18:30:00,2021-04-28 18:54:00,2021-04-28 18:55:00,-0.0004062269366835,0.0002387153244485,139,2021-04-28,FALSE,FALSE,FALSE,FALSE,-0.0003744897978671,Negative,Negative,0.3994,0.5193,0.3719,0.5088,0.3719,0.4998,0.3719,0.4917,0.3719,0.4841,0.3719,0.4767,0.3719,0.4701
2021-04-28 18:30:00,2021-04-28 18:55:00,2021-04-28 18:56:00,0.0007767089955167,0.0006934149490697,140,2021-04-28,FALSE,FALSE,FALSE,FALSE,-0.0003744897978671,Negative,Positive,0.4523,0.5759,0.4273,0.5698,0.4273,0.5637,0.4273,0.5582,0.4273,0.5529,0.4273,0.5479,0.4273,0.5434
2021-04-28 18:30:00,2021-04-28 18:56:00,2021-04-28 18:57:00,-0.0002990633193952,0.0004064166009227,141,2021-04-28,FALSE,FALSE,FALSE,FALSE,-0.0003744897978671,Negative,Negative,0.4475,0.5437,0.4263,0.5359,0.4263,0.5289,0.4263,0.5223,0.4263,0.5161,0.4263,0.5106,0.4263,0.5057
2021-04-28 18:30:00,2021-04-28 18:57:00,2021-04-28 18:58:00,-4.7809139626095E-05,0.0003585857378498,142,2021-04-28,FALSE,FALSE,FALSE,FALSE,-0.0003744897978671,Negative,Negative,0.4731,0.5999,0.4503,0.5935,0.4503,0.5878,0.4503,0.5816,0.4503,0.5752,0.4503,0.5688,0.4503,0.5627
2021-04-28 18:30:00,2021-04-28 18:58:00,2021-04-28 18:59:00,0.000122385220849,0.0003825737650039,143,2021-04-28,FALSE,FALSE,FALSE,FALSE,-0.0003744897978671,Negative,Positive,0.4008,0.4701,0.3869,0.4629,0.3869,0.4564,0.3869,0.4509,0.3869,0.4462,0.3869,0.4419,0.3869,0.4382
2021-04-28 18:30:00,2021-04-28 18:59:00,2021-04-28 19:00:00,0.0002722723817654,0.0003108188882247,144,2021-04-28,FALSE,FALSE,FALSE,FALSE,-0.0003744897978671,Negative,Positive,0.3922,0.4637,0.3729,0.4591,0.3729,0.4551,0.3729,0.4515,0.3729,0.4477,0.3729,0.4441,0.3729,0.4408
2021-04-28 18:30:00,2021-04-28 19:00:00,2021-04-28 19:01:00,-0.0004302446095337,0.0004064068850107,145,2021-04-28,FALSE,FALSE,FALSE,FALSE,-0.0003744897978671,Negative,Negative,0.2952,0.3768,0.2842,0.3715,0.2842,0.3671,0.2842,0.363,0.2842,0.3595,0.2842,0.3561,0.2842,0.3527
2021-04-28 18:30:00,2021-04-28 19:01:00,2021-04-28 19:02:00,-0.000346585449573,0.0004302514580744,146,2021-04-28,FALSE,FALSE,FALSE,FALSE,-0.0003744897978671,Negative,Negative,0.3122,0.4015,0.3014,0.3965,0.3014,0.3915,0.3014,0.3873,0.3014,0.3831,0.3014,0.3792,0.3014,0.3756
2021-04-28 18:30:00,2021-04-28 19:02:00,2021-04-28 19:03:00,0.0006334509221651,0.0006217567018198,147,2021-04-28,FALSE,FALSE,FALSE,FALSE,-0.0003744897978671,Negative,Positive,0.2049,0.2873,0.1931,0.28,0.1931,0.2733,0.1931,0.2676,0.1931,0.2624,0.1931,0.2577,0.1931,0.2532
2021-04-28 18:30:00,2021-04-28 19:03:00,2021-04-28 19:04:00,-0.0002259574739018,0.0002630320420851,148,2021-04-28,FALSE,FALSE,FALSE,FALSE,-0.0003744897978671,Negative,Negative,0.2866,0.3512,0.2725,0.3457,0.2725,0.3411,0.2725,0.3371,0.2725,0.3335,0.2725,0.3303,0.2725,0.3272
2021-04-28 18:30:00,2021-04-28 19:04:00,2021-04-28 19:05:00,-7.29322825496295E-05,0.0003634511600547,149,2021-04-28,FALSE,FALSE,FALSE,FALSE,-0.0003744897978671,Negative,Negative,0.366,0.4337,0.3528,0.4279,0.3528,0.4227,0.3528,0.4178,0.3528,0.4133,0.3528,0.4089,0.3528,0.4047
2021-04-28 18:30:00,2021-04-28 19:05:00,2021-04-28 19:06:00,0.000298900907038,0.0003826561117356,150,2021-04-28,FALSE,FALSE,FALSE,FALSE,-0.0003744897978671,Negative,Positive,0.3037,0.372,0.2921,0.3672,0.2921,0.3632,0.2921,0.3596,0.2921,0.3561,0.2921,0.3527,0.2921,0.3496
2021-04-28 18:30:00,2021-04-28 19:06:00,2021-04-28 19:07:00,-0.0001865225506313,0.0004783430197794,151,2021-04-28,FALSE,FALSE,FALSE,FALSE,-0.0003744897978671,Negative,Negative,0.3827,0.4471,0.3658,0.4421,0.3658,0.4378,0.3658,0.434,0.3658,0.4305,0.3658,0.4274,0.3658,0.4245
2021-04-28 18:30:00,2021-04-28 19:07:00,2021-04-28 19:08:00,0.0003613002518651,0.0003827110292535,152,2021-04-28,FALSE,FALSE,FALSE,FALSE,-0.0003744897978671,Negative,Positive,0.4033,0.5249,0.3742,0.5182,0.3742,0.5118,0.3742,0.5061,0.3742,0.5009,0.3742,0.4962,0.3742,0.4921
2021-04-28 18:30:00,2021-04-28 19:08:00,2021-04-28 19:09:00,-0.0002943621600007,0.000597800095648,153,2021-04-28,FALSE,FALSE,FALSE,FALSE,-0.0003744897978671,Negative,Negative,0.4051,0.5405,0.3807,0.5277,0.3807,0.5173,0.3807,0.5081,0.3807,0.5005,0.3807,0.494,0.3807,0.4883
2021-04-28 18:30:00,2021-04-28 19:09:00,2021-04-28 19:10:00,4.03954028263638E-05,0.0002629691608893,154,2021-04-28,FALSE,FALSE,FALSE,FALSE,-0.0003744897978671,Negative,Positive,0.4106,0.546,0.3889,0.5392,0.3889,0.5334,0.3889,0.5276,0.3889,0.5219,0.3889,0.5169,0.3889,0.5125
2021-04-28 18:30:00,2021-04-28 19:10:00,2021-04-28 19:11:00,-0.0017624537235206,0.0002868754482428,155,2021-04-28,TRUE,FALSE,FALSE,FALSE,-0.0003744897978671,Negative,Negative,0.4633,0.622,0.4398,0.6143,0.4398,0.6071,0.4398,0.6009,0.4398,0.5954,0.4398,0.5895,0.4398,0.5833
2021-04-28 18:30:00,2021-04-28 19:11:00,2021-04-28 19:12:00,0.0015305895269175,0.0017130339015514,156,2021-04-28,TRUE,FALSE,FALSE,FALSE,-0.0003744897978671,Negative,Positive,0.3914,0.4515,0.3739,0.4472,0.3739,0.443,0.3739,0.4393,0.3739,0.4357,0.3739,0.4323,0.3739,0.4291
2021-04-28 18:30:00,2021-04-28 19:12:00,2021-04-28 19:13:00,0.0002035033570734,0.001414494977344,157,2021-04-28,FALSE,FALSE,FALSE,FALSE,-0.0003744897978671,Negative,Positive,0.405,0.4789,0.3828,0.4728,0.3828,0.4676,0.3828,0.4629,0.3828,0.4584,0.3828,0.4544,0.3828,0.4508
2021-04-28 18:30:00,2021-04-28 19:13:00,2021-04-28 19:14:00,0.0002154891469278,0.000718769466673,158,2021-04-28,FALSE,FALSE,FALSE,FALSE,-0.0003744897978671,Negative,Positive,0.4701,0.5401,0.452,0.5353,0.452,0.5313,0.452,0.5269,0.452,0.5227,0.452,0.5187,0.452,0.5145
2021-04-28 18:30:00,2021-04-28 19:14:00,2021-04-28 19:15:00,-0.0005147189094862,0.0006464743206034,159,2021-04-28,FALSE,FALSE,FALSE,FALSE,-0.0003744897978671,Negative,Negative,0.4933,0.5617,0.4731,0.5542,0.4731,0.5471,0.4731,0.5403,0.4731,0.5345,0.4731,0.5293,0.4731,0.5239
2021-04-28 18:30:00,2021-04-28 19:15:00,2021-04-28 19:16:00,0.0004309166827414,0.0006945442352827,160,2021-04-28,FALSE,FALSE,FALSE,FALSE,-0.0003744897978671,Negative,Positive,0.3782,0.4949,0.3614,0.4902,0.3614,0.4862,0.3614,0.482,0.3614,0.4775,0.3614,0.4734,0.3614,0.4696
2021-04-28 18:30:00,2021-04-28 19:16:00,2021-04-28 19:17:00,9.57245359624E-05,0.0002873219202681,161,2021-04-28,FALSE,FALSE,FALSE,FALSE,-0.0003744897978671,Negative,Positive,0.4712,0.6024,0.4535,0.5957,0.4535,0.5901,0.4535,0.5849,0.4535,0.5797,0.4535,0.5738,0.4535,0.5679
2021-04-28 18:30:00,2021-04-28 19:17:00,2021-04-28 19:18:00,-0.0002035012004336,0.0005027531721331,162,2021-04-28,FALSE,FALSE,FALSE,FALSE,-0.0003744897978671,Negative,Negative,0.3963,0.4637,0.3831,0.4582,0.3831,0.4532,0.3831,0.4486,0.3831,0.4443,0.3831,0.4401,0.3831,0.4363
2021-04-28 18:30:00,2021-04-28 19:18:00,2021-04-28 19:19:00,-0.000406831962049,0.0004547848149745,163,2021-04-28,FALSE,FALSE,FALSE,FALSE,-0.0003744897978671,Negative,Negative,0.448,0.5389,0.4305,0.5299,0.4305,0.522,0.4305,0.5152,0.4305,0.5088,0.4305,0.503,0.4305,0.4976
2021-04-28 18:30:00,2021-04-28 19:19:00,2021-04-28 19:20:00,0.0002632174218042,0.0005027652086475,164,2021-04-28,FALSE,FALSE,FALSE,FALSE,-0.0003744897978671,Negative,Positive,0.4827,0.5386,0.4649,0.5286,0.4649,0.5206,0.4649,0.514,0.4649,0.5083,0.4649,0.503,0.4649,0.4975
2021-04-28 18:30:00,2021-04-28 19:20:00,2021-04-28 19:21:00,0.0001647046382568,0.0004070783745598,165,2021-04-28,FALSE,FALSE,FALSE,FALSE,-0.0003744897978671,Negative,Positive,0.4355,0.5098,0.4154,0.5053,0.4154,0.5018,0.4154,0.4982,0.4154,0.4949,0.4154,0.4917,0.4154,0.4884
2021-04-28 18:30:00,2021-04-28 19:21:00,2021-04-28 19:22:00,8.66500266024071E-05,0.0002394292007852,166,2021-04-28,FALSE,FALSE,FALSE,FALSE,-0.0003744897978671,Negative,Positive,0.4143,0.4884,0.3977,0.4813,0.3977,0.4754,0.3977,0.4697,0.3977,0.4641,0.3977,0.4588,0.3977,0.4537
2021-04-28 18:30:00,2021-04-28 19:22:00,2021-04-28 19:23:00,-0.0001316710118822,0.0004429175096065,167,2021-04-28,FALSE,FALSE,FALSE,FALSE,-0.0003744897978671,Negative,Negative,0.4556,0.5555,0.4315,0.5471,0.4315,0.5393,0.4315,0.5319,0.4315,0.5254,0.4315,0.5194,0.4315,0.5136
2021-04-28 18:30:00,2021-04-28 19:23:00,2021-04-28 19:24:00,-0.0002347867730247,0.0002393890790701,168,2021-04-28,FALSE,FALSE,FALSE,FALSE,-0.0003744897978671,Negative,Negative,0.4314,0.5361,0.4126,0.5285,0.4126,0.5222,0.4126,0.5165,0.4126,0.5112,0.4126,0.5057,0.4126,0.5007
2021-04-28 18:30:00,2021-04-28 19:24:00,2021-04-28 19:25:00,0.0005459759568443,0.0002872668948842,169,2021-04-28,FALSE,FALSE,FALSE,FALSE,-0.0003744897978671,Negative,Positive,0.3844,0.5237,0.3694,0.5151,0.3694,0.5068,0.3694,0.4984,0.3694,0.4908,0.3694,0.4837,0.3694,0.4765
2021-04-28 18:30:00,2021-04-28 19:25:00,2021-04-28 19:25:21,0.0,0.0005266937993776,170,2021-04-28,FALSE,FALSE,FALSE,FALSE,-0.0003744897978671,Negative,Negative,0.4714,0.5852,0.4473,0.5766,0.4473,0.5686,0.4473,0.5619,0.4473,0.5558,0.4473,0.55,0.4473,0.5437
2021-06-16 18:30:00,2021-06-16 18:30:00,2021-06-16 18:31:00,0.0002822586385542,0.0011518548425402,171,2021-06-16,FALSE,FALSE,FALSE,FALSE,-0.0006168295535836000,Negative,Positive,0.5571,0.6708,0.5229,0.6632,0.5229,0.6564,0.5229,0.6507,0.5229,0.6456,0.5229,0.641,0.5229,0.6369
2021-06-16 18:30:00,2021-06-16 18:31:00,2021-06-16 18:32:00,0.0005363569390632,0.0008072749721014,172,2021-06-16,FALSE,FALSE,FALSE,FALSE,-0.0006168295535836000,Negative,Positive,0.4749,0.6308,0.4454,0.6236,0.4454,0.6175,0.4454,0.6122,0.4454,0.6075,0.4454,0.6036,0.4454,0.5998
2021-06-16 18:30:00,2021-06-16 18:32:00,2021-06-16 18:33:00,0.0003793489748352,0.0014967214672621,173,2021-06-16,FALSE,FALSE,FALSE,FALSE,-0.0006168295535836000,Negative,Positive,0.4294,0.6031,0.3995,0.592,0.3995,0.5835,0.3995,0.576,0.3995,0.5693,0.3995,0.5636,0.3995,0.5582
2021-06-16 18:30:00,2021-06-16 18:33:00,2021-06-16 18:34:00,-0.002323530365902,0.0013291244392756,174,2021-06-16,TRUE,FALSE,FALSE,FALSE,-0.0006168295535836000,Negative,Negative,0.4425,0.6264,0.4073,0.6207,0.4073,0.6156,0.4073,0.6111,0.4073,0.6071,0.4073,0.6026,0.4073,0.5986
2021-06-16 18:30:00,2021-06-16 18:34:00,2021-06-16 18:35:00,0.000686102841575,0.0016381766381766,175,2021-06-16,FALSE,FALSE,FALSE,FALSE,-0.0006168295535836000,Negative,Positive,0.4797,0.6453,0.4505,0.6418,0.4505,0.6382,0.4505,0.6345,0.4505,0.6308,0.4505,0.6273,0.4505,0.6238
2021-06-16 18:30:00,2021-06-16 18:35:00,2021-06-16 18:36:00,0.0004982359738268,0.0014730689728907,176,2021-06-16,FALSE,FALSE,FALSE,FALSE,-0.0006168295535836000,Negative,Positive,0.4915,0.6401,0.4544,0.6343,0.4544,0.6296,0.4544,0.6255,0.4544,0.6218,0.4544,0.6187,0.4544,0.6155
2021-06-16 18:30:00,2021-06-16 18:36:00,2021-06-16 18:37:00,0.0013784704871584,0.0008795283826186,177,2021-06-16,TRUE,FALSE,FALSE,FALSE,-0.0006168295535836000,Negative,Positive,0.5545,0.6513,0.5148,0.6446,0.5148,0.6385,0.5148,0.6331,0.5148,0.6286,0.5148,0.6249,0.5148,0.6214
2021-06-16 18:30:00,2021-06-16 18:37:00,2021-06-16 18:38:00,7.01657241668002E-05,0.0015688511730728,178,2021-06-16,FALSE,FALSE,FALSE,FALSE,-0.0006168295535836000,Negative,Positive,0.5553,0.6509,0.5282,0.6466,0.5282,0.6431,0.5282,0.6395,0.5282,0.636,0.5282,0.6325,0.5282,0.6293
2021-06-16 18:30:00,2021-06-16 18:38:00,2021-06-16 18:39:00,-0.0023967660836906,0.0021623419827013,179,2021-06-16,TRUE,FALSE,FALSE,FALSE,-0.0006168295535836000,Negative,Negative,0.5654,0.6079,0.5329,0.6043,0.5329,0.601,0.5329,0.5975,0.5329,0.5944,0.5329,0.5909,0.5329,0.5874
2021-06-16 18:30:00,2021-06-16 18:39:00,2021-06-16 18:40:00,0.0004020812718613,0.0015916379617532,180,2021-06-16,FALSE,FALSE,FALSE,FALSE,-0.0006168295535836000,Negative,Positive,0.4506,0.6358,0.4249,0.6295,0.4249,0.6242,0.4249,0.6198,0.4249,0.6158,0.4249,0.6121,0.4249,0.6086
2021-06-16 18:30:00,2021-06-16 18:40:00,2021-06-16 18:41:00,0.0006053454484861,0.0015933033697177,181,2021-06-16,FALSE,FALSE,FALSE,FALSE,-0.0006168295535836000,Negative,Positive,0.3846,0.5637,0.3572,0.5579,0.3572,0.5523,0.3572,0.5464,0.3572,0.5412,0.3572,0.5365,0.3572,0.5321
2021-06-16 18:30:00,2021-06-16 18:41:00,2021-06-16 18:42:00,0.0003922280565575,0.0009273570324574,182,2021-06-16,FALSE,FALSE,FALSE,FALSE,-0.0006168295535836000,Negative,Positive,0.3592,0.5636,0.3332,0.5538,0.3332,0.5457,0.3332,0.5389,0.3332,0.5332,0.3332,0.5279,0.3332,0.5232
2021-06-16 18:30:00,2021-06-16 18:42:00,2021-06-16 18:43:00,-0.0009628627894721,0.0010939097762241,183,2021-06-16,FALSE,FALSE,FALSE,FALSE,-0.0006168295535836000,Negative,Negative,0.4005,0.5385,0.3728,0.5341,0.3728,0.5299,0.3728,0.5258,0.3728,0.5217,0.3728,0.518,0.3728,0.5146
2021-06-16 18:30:00,2021-06-16 18:43:00,2021-06-16 18:44:00,0.0002729207089011,0.0013327304314714,184,2021-06-16,FALSE,FALSE,FALSE,FALSE,-0.0006168295535836000,Negative,Positive,0.408,0.5981,0.3802,0.5922,0.3802,0.5871,0.3802,0.5825,0.3802,0.5782,0.3802,0.5743,0.3802,0.5708
2021-06-16 18:30:00,2021-06-16 18:44:00,2021-06-16 18:45:00,0.0004282145209855,0.0008332936526832,185,2021-06-16,FALSE,FALSE,FALSE,FALSE,-0.0006168295535836000,Negative,Positive,0.4057,0.6355,0.3721,0.6273,0.3721,0.6202,0.3721,0.614,0.3721,0.608,0.3721,0.6025,0.3721,0.5976
2021-06-16 18:30:00,2021-06-16 18:45:00,2021-06-16 18:46:00,0.0010952732455186,0.0005476972900891,186,2021-06-16,TRUE,FALSE,FALSE,FALSE,-0.0006168295535836000,Negative,Positive,0.3896,0.6042,0.3607,0.5973,0.3607,0.5909,0.3607,0.5853,0.3607,0.5802,0.3607,0.5753,0.3607,0.5708
2021-06-16 18:30:00,2021-06-16 18:46:00,2021-06-16 18:47:00,2.10018644067E-05,0.0010239070387656,187,2021-06-16,FALSE,FALSE,FALSE,FALSE,-0.0006168295535836000,Negative,Positive,0.4637,0.6906,0.4352,0.6845,0.4352,0.6788,0.4352,0.6739,0.4352,0.6697,0.4352,0.6658,0.4352,0.6623
2021-06-16 18:30:00,2021-06-16 18:47:00,2021-06-16 18:48:00,-0.0017341582431432,0.0013564323449621,188,2021-06-16,TRUE,FALSE,FALSE,FALSE,-0.0006168295535836000,Negative,Negative,0.4744,0.5972,0.4519,0.59,0.4519,0.5839,0.4519,0.5782,0.4519,0.5733,0.4519,0.5688,0.4519,0.5643
2021-06-16 18:30:00,2021-06-16 18:48:00,2021-06-16 18:49:00,0.0005942417863622,0.001474750838467,189,2021-06-16,FALSE,FALSE,FALSE,FALSE,-0.0006168295535836000,Negative,Positive,0.4995,0.6213,0.4762,0.6154,0.4762,0.6099,0.4762,0.605,0.4762,0.6005,0.4762,0.5963,0.4762,0.5921
2021-06-16 18:30:00,2021-06-16 18:49:00,2021-06-16 18:50:00,0.0006660481978662,0.0006899997620689,190,2021-06-16,FALSE,FALSE,FALSE,FALSE,-0.0006168295535836000,Negative,Positive,0.4565,0.6405,0.4251,0.6351,0.4251,0.6297,0.4251,0.6245,0.4251,0.6198,0.4251,0.6154,0.4251,0.6107
2021-06-16 18:30:00,2021-06-16 18:50:00,2021-06-16 18:51:00,-0.0004044531541712,0.0013563355145746,191,2021-06-16,FALSE,FALSE,FALSE,FALSE,-0.0006168295535836000,Negative,Negative,0.3696,0.6203,0.3327,0.6136,0.3327,0.6069,0.3327,0.6006,0.3327,0.5944,0.3327,0.5889,0.3327,0.584
2021-06-16 18:30:00,2021-06-16 18:51:00,2021-06-16 18:52:00,0.000166643536688,0.0006421538315179,192,2021-06-16,FALSE,FALSE,FALSE,FALSE,-0.0006168295535836000,Negative,Positive,0.3603,0.55,0.3322,0.544,0.3322,0.5373,0.3322,0.531,0.3322,0.5255,0.3322,0.5206,0.3322,0.5163
2021-06-16 18:30:00,2021-06-16 18:52:00,2021-06-16 18:53:00,-0.0002617502940232,0.0009749369857801,193,2021-06-16,FALSE,FALSE,FALSE,FALSE,-0.0006168295535836000,Negative,Negative,0.4516,0.6053,0.4234,0.6004,0.4234,0.596,0.4234,0.5922,0.4234,0.589,0.4234,0.5858,0.4234,0.5823
2021-06-16 18:30:00,2021-06-16 18:53:00,2021-06-16 18:54:00,0.0006654466810847,0.0004279498823137,194,2021-06-16,FALSE,FALSE,FALSE,FALSE,-0.0006168295535836000,Negative,Positive,0.4475,0.5267,0.4291,0.522,0.4291,0.5179,0.4291,0.5139,0.4291,0.5102,0.4291,0.5069,0.4291,0.504
2021-06-16 18:30:00,2021-06-16 18:54:00,2021-06-16 18:55:00,-0.0007131833456931,0.0012597152568154,195,2021-06-16,FALSE,FALSE,FALSE,FALSE,-0.0006168295535836000,Negative,Negative,0.4965,0.6105,0.4676,0.6041,0.4676,0.5988,0.4676,0.594,0.4676,0.5898,0.4676,0.5862,0.4676,0.5828
2021-06-16 18:30:00,2021-06-16 18:55:00,2021-06-16 18:56:00,0.0005465253207293,0.0011882694044393,196,2021-06-16,FALSE,FALSE,FALSE,FALSE,-0.0006168295535836000,Negative,Positive,0.4631,0.5468,0.4383,0.543,0.4383,0.5393,0.4383,0.5358,0.4383,0.5323,0.4383,0.5293,0.4383,0.5266
2021-06-16 18:30:00,2021-06-16 18:56:00,2021-06-16 18:57:00,0.0002487821541945,0.0009977194982896,197,2021-06-16,FALSE,FALSE,FALSE,FALSE,-0.0006168295535836000,Negative,Positive,0.4437,0.6285,0.4202,0.6186,0.4202,0.6106,0.4202,0.6039,0.4202,0.5981,0.4202,0.5923,0.4202,0.587
2021-06-16 18:30:00,2021-06-16 18:57:00,2021-06-16 18:58:00,-0.0001307993715775,0.000925969894107,198,2021-06-16,FALSE,FALSE,FALSE,FALSE,-0.0006168295535836000,Negative,Negative,0.3548,0.455,0.3402,0.4504,0.3402,0.4466,0.3402,0.4434,0.3402,0.4405,0.3402,0.4379,0.3402,0.4353
2021-06-16 18:30:00,2021-06-16 18:58:00,2021-06-16 18:59:00,-0.000969773975425,0.0009015421115065,199,2021-06-16,FALSE,FALSE,FALSE,FALSE,-0.0006168295535836000,Negative,Negative,0.4561,0.591,0.4238,0.5842,0.4238,0.5783,0.4238,0.573,0.4238,0.5682,0.4238,0.5637,0.4238,0.5596
2021-06-16 18:30:00,2021-06-16 18:59:00,2021-06-16 19:00:00,-0.0001924476969078,0.0006164903458418,200,2021-06-16,FALSE,FALSE,FALSE,FALSE,-0.0006168295535836000,Negative,Negative,0.4375,0.5242,0.4044,0.5169,0.4044,0.5106,0.4044,0.505,0.4044,0.5001,0.4044,0.4956,0.4044,0.491
2021-06-16 18:30:00,2021-06-16 19:00:00,2021-06-16 19:01:00,0.0012098389959337,0.0007949125596183,201,2021-06-16,TRUE,FALSE,FALSE,FALSE,-0.0006168295535836000,Negative,Positive,0.4535,0.5286,0.4302,0.5254,0.4302,0.522,0.4302,0.5186,0.4302,0.5155,0.4302,0.5126,0.4302,0.5098
2021-06-16 18:30:00,2021-06-16 19:01:00,2021-06-16 19:02:00,-0.0008422382068555,0.0008542749341495,202,2021-06-16,FALSE,FALSE,FALSE,FALSE,-0.0006168295535836000,Negative,Negative,0.4805,0.5613,0.46,0.5549,0.46,0.5496,0.46,0.545,0.46,0.5408,0.46,0.5372,0.46,0.5339
2021-06-16 18:30:00,2021-06-16 19:02:00,2021-06-16 19:03:00,0.0006521877425909,0.0004625950395577,203,2021-06-16,FALSE,FALSE,FALSE,FALSE,-0.0006168295535836000,Negative,Positive,0.3542,0.5129,0.331,0.5065,0.331,0.5003,0.331,0.4952,0.331,0.4908,0.331,0.4866,0.331,0.4828
2021-06-16 18:30:00,2021-06-16 19:03:00,2021-06-16 19:04:00,-0.0004387810568419,0.0007589772781177,204,2021-06-16,FALSE,FALSE,FALSE,FALSE,-0.0006168295535836000,Negative,Negative,0.3823,0.5572,0.3584,0.5517,0.3584,0.5472,0.3584,0.5432,0.3584,0.5396,0.3584,0.5363,0.3584,0.5332
2021-06-16 18:30:00,2021-06-16 19:04:00,2021-06-16 19:05:00,0.0004404140317207,0.0003793806610707,205,2021-06-16,FALSE,FALSE,FALSE,FALSE,-0.0006168295535836000,Negative,Positive,0.4202,0.562,0.3944,0.5579,0.3944,0.5541,0.3944,0.5506,0.3944,0.5469,0.3944,0.5434,0.3944,0.5401
2021-06-16 18:30:00,2021-06-16 19:05:00,2021-06-16 19:06:00,-0.0001089706254301,0.0006163766535488,206,2021-06-16,FALSE,FALSE,FALSE,FALSE,-0.0006168295535836000,Negative,Negative,0.3856,0.6283,0.353,0.6213,0.353,0.6144,0.353,0.6081,0.353,0.6027,0.353,0.5977,0.353,0.5933
2021-06-16 18:30:00,2021-06-16 19:06:00,2021-06-16 19:07:00,-0.0001064853008004,0.0006397194711651,207,2021-06-16,FALSE,FALSE,FALSE,FALSE,-0.0006168295535836000,Negative,Negative,0.405,0.5076,0.3856,0.504,0.3856,0.501,0.3856,0.498,0.3856,0.4954,0.3856,0.4929,0.3856,0.4907
2021-06-16 18:30:00,2021-06-16 19:07:00,2021-06-16 19:08:00,-0.0002960313348362,0.0004737540269092,208,2021-06-16,FALSE,FALSE,FALSE,FALSE,-0.0006168295535836000,Negative,Negative,0.35,0.4237,0.3343,0.4192,0.3343,0.4154,0.3343,0.4118,0.3343,0.4087,0.3343,0.4057,0.3343,0.4031
2021-06-16 18:30:00,2021-06-16 19:08:00,2021-06-16 19:09:00,0.0001539026151605,0.000355273442126,209,2021-06-16,FALSE,FALSE,FALSE,FALSE,-0.0006168295535836000,Negative,Positive,0.4737,0.5653,0.4534,0.5617,0.4534,0.5582,0.4534,0.5552,0.4534,0.5522,0.4534,0.5496,0.4534,0.5472
2021-06-16 18:30:00,2021-06-16 19:09:00,2021-06-16 19:10:00,0.0004498086427279,0.0004262978400909,210,2021-06-16,FALSE,FALSE,FALSE,FALSE,-0.0006168295535836000,Negative,Positive,0.3894,0.5738,0.3656,0.5668,0.3656,0.5602,0.3656,0.5543,0.3656,0.5489,0.3656,0.544,0.3656,0.5394
2021-06-16 18:30:00,2021-06-16 19:10:00,2021-06-16 19:11:00,-0.0007087697282109,0.0007576654433526,211,2021-06-16,FALSE,FALSE,FALSE,FALSE,-0.0006168295535836000,Negative,Negative,0.3864,0.6391,0.3532,0.6315,0.3532,0.6251,0.3532,0.6194,0.3532,0.6145,0.3532,0.6097,0.3532,0.6053
2021-06-16 18:30:00,2021-06-16 19:11:00,2021-06-16 19:12:00,-0.0008634661157112,0.0007099415481458,212,2021-06-16,FALSE,FALSE,FALSE,FALSE,-0.0006168295535836000,Negative,Negative,0.423,0.624,0.3933,0.617,0.3933,0.6107,0.3933,0.6053,0.3933,0.6003,0.3933,0.5956,0.3933,0.5911
2021-06-16 18:30:00,2021-06-16 19:12:00,2021-06-16 19:13:00,0.0002553823539375,0.0006861956367422,213,2021-06-16,FALSE,FALSE,FALSE,FALSE,-0.0006168295535836000,Negative,Positive,0.4335,0.5486,0.4112,0.5412,0.4112,0.5352,0.4112,0.5303,0.4112,0.5259,0.4112,0.5221,0.4112,0.5187
2021-06-16 18:30:00,2021-06-16 19:13:00,2021-06-16 19:14:00,0.0004897500972303,0.0003667944531213,214,2021-06-16,FALSE,FALSE,FALSE,FALSE,-0.0006168295535836000,Negative,Positive,0.3603,0.4711,0.3366,0.4649,0.3366,0.4594,0.3366,0.4548,0.3366,0.4505,0.3366,0.4465,0.3366,0.4427
2021-06-16 18:30:00,2021-06-16 19:14:00,2021-06-16 19:15:00,-0.0008634661157112,0.0006152098812171,215,2021-06-16,FALSE,FALSE,FALSE,FALSE,-0.0006168295535836000,Negative,Negative,0.4674,0.6402,0.4335,0.6362,0.4335,0.6325,0.4335,0.6291,0.4335,0.6255,0.4335,0.6224,0.4335,0.6192
2021-06-16 18:30:00,2021-06-16 19:15:00,2021-06-16 19:16:00,-0.0001065026371834,0.0005439666997777,216,2021-06-16,FALSE,FALSE,FALSE,FALSE,-0.0006168295535836000,Negative,Negative,0.4007,0.6564,0.3691,0.6485,0.3691,0.6417,0.3691,0.636,0.3691,0.6306,0.3691,0.6254,0.3691,0.6206
2021-06-16 18:30:00,2021-06-16 19:16:00,2021-06-16 19:17:00,-0.0003990549927372,0.0005202790587678,217,2021-06-16,FALSE,FALSE,FALSE,FALSE,-0.0006168295535836000,Negative,Negative,0.4045,0.6055,0.3784,0.6015,0.3784,0.5979,0.3784,0.5946,0.3784,0.5916,0.3784,0.5885,0.3784,0.5856
2021-06-16 18:30:00,2021-06-16 19:17:00,2021-06-16 19:18:00,-0.0001092538921995,0.0002955501962453,218,2021-06-16,FALSE,FALSE,FALSE,FALSE,-0.0006168295535836000,Negative,Negative,0.4126,0.6488,0.3816,0.64,0.3816,0.6321,0.3816,0.6253,0.3816,0.6192,0.3816,0.6134,0.3816,0.608
2021-06-16 18:30:00,2021-06-16 19:18:00,2021-06-16 19:19:00,0.0010144396628602,0.0006386602327561,219,2021-06-16,TRUE,FALSE,FALSE,FALSE,-0.0006168295535836000,Negative,Positive,0.4773,0.6897,0.4484,0.6846,0.4484,0.6802,0.4484,0.6752,0.4484,0.671,0.4484,0.6676,0.4484,0.6643
2021-06-16 18:30:00,2021-06-16 19:19:00,2021-06-16 19:20:00,-0.0009906811184033,0.0007567516435699,220,2021-06-16,FALSE,FALSE,FALSE,FALSE,-0.0006168295535836000,Negative,Negative,0.4151,0.6224,0.3862,0.615,0.3862,0.6091,0.3862,0.6038,0.3862,0.5988,0.3862,0.5942,0.3862,0.5902
2021-06-16 18:30:00,2021-06-16 19:20:00,2021-06-16 19:21:00,0.0004017666673535,0.0004728020614169,221,2021-06-16,FALSE,FALSE,FALSE,FALSE,-0.0006168295535836000,Negative,Positive,0.3641,0.5378,0.3369,0.5316,0.3369,0.5264,0.3369,0.5213,0.3369,0.5169,0.3369,0.5128,0.3369,0.5088
2021-06-16 18:30:00,2021-06-16 19:21:00,2021-06-16 19:22:00,-0.0002127240509294,0.0004373160613188,222,2021-06-16,FALSE,FALSE,FALSE,FALSE,-0.0006168295535836000,Negative,Negative,0.3587,0.5531,0.3314,0.5463,0.3314,0.5406,0.3314,0.5355,0.3314,0.5309,0.3314,0.5267,0.3314,0.5229
2021-06-16 18:30:00,2021-06-16 19:22:00,2021-06-16 19:23:00,-0.0001181714620012,0.0003190810465859,223,2021-06-16,FALSE,FALSE,FALSE,FALSE,-0.0006168295535836000,Negative,Negative,0.4477,0.5508,0.4205,0.5472,0.4205,0.5435,0.4205,0.5402,0.4205,0.5373,0.4205,0.5346,0.4205,0.5321
2021-06-16 18:30:00,2021-06-16 19:23:00,2021-06-16 19:24:00,0.0012291870164073,0.0003309457958065,224,2021-06-16,TRUE,FALSE,FALSE,FALSE,-0.0006168295535836000,Negative,Positive,0.363,0.4932,0.3393,0.4882,0.3393,0.4836,0.3393,0.4795,0.3393,0.4757,0.3393,0.472,0.3393,0.4684
2021-06-16 18:30:00,2021-06-16 19:24:00,2021-06-16 19:25:00,-0.0010519228489209,0.0012647455142905,225,2021-06-16,TRUE,FALSE,FALSE,FALSE,-0.0006168295535836000,Negative,Negative,0.4432,0.5992,0.4233,0.5938,0.4233,0.5893,0.4233,0.5851,0.4233,0.5814,0.4233,0.5781,0.4233,0.5746
2021-06-16 18:30:00,2021-06-16 19:25:00,2021-06-16 19:26:00,0.0002361498134416,0.0005906255906255,226,2021-06-16,FALSE,FALSE,FALSE,FALSE,-0.0006168295535836000,Negative,Positive,0.4607,0.6298,0.4369,0.6243,0.4369,0.6191,0.4369,0.6144,0.4369,0.6104,0.4369,0.6067,0.4369,0.6033
2021-06-16 18:30:00,2021-06-16 19:26:00,2021-06-16 19:27:00,-0.0004838096945704,0.0002597709292714,227,2021-06-16,FALSE,FALSE,FALSE,FALSE,-0.0006168295535836000,Negative,Negative,0.4769,0.5812,0.4517,0.5771,0.4517,0.5732,0.4517,0.5697,0.4517,0.5664,0.4517,0.5632,0.4517,0.5603
2021-06-16 18:30:00,2021-06-16 19:27:00,2021-06-16 19:28:00,-0.0007087697282109,0.0003778664714355,228,2021-06-16,FALSE,FALSE,FALSE,FALSE,-0.0006168295535836000,Negative,Negative,0.4321,0.5956,0.4087,0.5874,0.4087,0.5809,0.4087,0.5752,0.4087,0.5698,0.4087,0.5648,0.4087,0.5601
2021-06-16 18:30:00,2021-06-16 19:28:00,2021-06-16 19:29:00,0.0007082144071222,0.001028320173987,229,2021-06-16,FALSE,FALSE,FALSE,FALSE,-0.0006168295535836000,Negative,Positive,0.4593,0.6099,0.4348,0.6036,0.4348,0.5986,0.4348,0.5947,0.4348,0.5913,0.4348,0.5878,0.4348,0.5845
2021-06-16 18:30:00,2021-06-16 19:29:00,2021-06-16 19:30:00,0.0006643449211542,0.000567483211955,230,2021-06-16,FALSE,FALSE,FALSE,FALSE,-0.0006168295535836000,Negative,Positive,0.4698,0.6874,0.4418,0.6803,0.4418,0.6738,0.4418,0.6678,0.4418,0.6621,0.4418,0.6568,0.4418,0.6516
2021-06-16 18:30:00,2021-06-16 19:30:00,2021-06-16 19:30:11,0.0,0.0005438637975881,231,2021-06-16,FALSE,FALSE,FALSE,FALSE,-0.0006168295535836000,Negative,Negative,0.3482,0.4489,0.3304,0.4415,0.3304,0.4348,0.3304,0.4288,0.3304,0.4237,0.3304,0.4189,0.3304,0.4146
2021-07-28 18:30:00,2021-07-28 18:30:00,2021-07-28 18:31:00,9.10919184361405E-05,0.000569657749624,232,2021-07-28,FALSE,FALSE,FALSE,FALSE,-0.0004022817637477,Negative,Positive,0.5466,0.6583,0.5121,0.6501,0.5121,0.6429,0.5121,0.6368,0.5121,0.6316,0.5121,0.6271,0.5121,0.623
2021-07-28 18:30:00,2021-07-28 18:31:00,2021-07-28 18:32:00,9.11179893004935E-05,0.0004898721775388,233,2021-07-28,FALSE,FALSE,FALSE,FALSE,-0.0004022817637477,Negative,Positive,0.3935,0.5576,0.3647,0.551,0.3647,0.5452,0.3647,0.5401,0.3647,0.5353,0.3647,0.5309,0.3647,0.5269
2021-07-28 18:30:00,2021-07-28 18:32:00,2021-07-28 18:33:00,0.0003075379708129,0.000455684666211,234,2021-07-28,FALSE,FALSE,FALSE,FALSE,-0.0004022817637477,Negative,Positive,0.4154,0.5829,0.3813,0.578,0.3813,0.5727,0.3813,0.5679,0.3813,0.5638,0.3813,0.5603,0.3813,0.5567
2021-07-28 18:30:00,2021-07-28 18:33:00,2021-07-28 18:34:00,-0.0002392199059259,0.0005581946390531,235,2021-07-28,FALSE,FALSE,FALSE,FALSE,-0.0004022817637477,Negative,Negative,0.4186,0.581,0.3849,0.5738,0.3849,0.5677,0.3849,0.5624,0.3849,0.5575,0.3849,0.5532,0.3849,0.5493
2021-07-28 18:30:00,2021-07-28 18:34:00,2021-07-28 18:35:00,-0.0008198166643035,0.0003416934326521,236,2021-07-28,FALSE,FALSE,FALSE,FALSE,-0.0004022817637477,Negative,Negative,0.4975,0.6431,0.4557,0.6364,0.4557,0.6301,0.4557,0.6244,0.4557,0.6196,0.4557,0.6148,0.4557,0.6102
2021-07-28 18:30:00,2021-07-28 18:35:00,2021-07-28 18:36:00,0.0003189499846468,0.0010714448547849,237,2021-07-28,FALSE,FALSE,FALSE,FALSE,-0.0004022817637477,Negative,Positive,0.5755,0.6231,0.5355,0.6143,0.5355,0.6071,0.5355,0.6011,0.5355,0.5959,0.5355,0.5914,0.5355,0.5871
2021-07-28 18:30:00,2021-07-28 18:36:00,2021-07-28 18:37:00,0.0010823378206758,0.0011403548784381,238,2021-07-28,TRUE,FALSE,FALSE,FALSE,-0.0004022817637477,Negative,Positive,0.5183,0.6219,0.4932,0.6143,0.4932,0.6063,0.4932,0.5981,0.4932,0.591,0.4932,0.5845,0.4932,0.5782
2021-07-28 18:30:00,2021-07-28 18:37:00,2021-07-28 18:38:00,-0.0007751008022197,0.0007067782312304,239,2021-07-28,FALSE,FALSE,FALSE,FALSE,-0.0004022817637477,Negative,Negative,0.5015,0.6175,0.476,0.613,0.476,0.6089,0.476,0.6047,0.476,0.601,0.476,0.5968,0.476,0.5929
2021-07-28 18:30:00,2021-07-28 18:38:00,2021-07-28 18:39:00,0.0010481598759359,0.000296282790528,240,2021-07-28,TRUE,FALSE,FALSE,FALSE,-0.0004022817637477,Negative,Positive,0.4477,0.5073,0.4247,0.5015,0.4247,0.4963,0.4247,0.4921,0.4247,0.4883,0.4247,0.4847,0.4247,0.4814
2021-07-28 18:30:00,2021-07-28 18:39:00,2021-07-28 18:40:00,-0.0007293533313698,0.0012874411821672,241,2021-07-28,FALSE,FALSE,FALSE,FALSE,-0.0004022817637477,Negative,Negative,0.4135,0.4794,0.3927,0.4734,0.3927,0.4677,0.3927,0.4625,0.3927,0.4581,0.3927,0.4541,0.3927,0.4504
2021-07-28 18:30:00,2021-07-28 18:40:00,2021-07-28 18:41:00,0.0002048061015417,0.0005330498901451,242,2021-07-28,FALSE,FALSE,FALSE,FALSE,-0.0004022817637477,Negative,Positive,0.4692,0.5788,0.4398,0.5707,0.4398,0.5637,0.4398,0.5578,0.4398,0.5524,0.4398,0.5474,0.4398,0.5426
2021-07-28 18:30:00,2021-07-28 18:41:00,2021-07-28 18:42:00,-0.0003414383057826,0.000489381558282,243,2021-07-28,FALSE,FALSE,FALSE,FALSE,-0.0004022817637477,Negative,Negative,0.385,0.5226,0.3697,0.5158,0.3697,0.5098,0.3697,0.505,0.3697,0.501,0.3697,0.4975,0.3697,0.4944
2021-07-28 18:30:00,2021-07-28 18:42:00,2021-07-28 18:43:00,4.54969399775817E-05,0.0003185220576525,244,2021-07-28,FALSE,FALSE,FALSE,FALSE,-0.0004022817637477,Negative,Positive,0.348,0.5333,0.3202,0.523,0.3202,0.5136,0.3202,0.5052,0.3202,0.4982,0.3202,0.4924,0.3202,0.4872
2021-07-28 18:30:00,2021-07-28 18:43:00,2021-07-28 18:44:00,-2.27614077233183E-05,0.0003413202266365,245,2021-07-28,FALSE,FALSE,FALSE,FALSE,-0.0004022817637477,Negative,Negative,0.4504,0.6199,0.4222,0.6152,0.4222,0.6102,0.4222,0.6053,0.4222,0.6008,0.4222,0.5965,0.4222,0.5927
2021-07-28 18:30:00,2021-07-28 18:44:00,2021-07-28 18:45:00,0.0001023469018431,0.0002047408890305,246,2021-07-28,FALSE,FALSE,FALSE,FALSE,-0.0004022817637477,Negative,Positive,0.4927,0.5527,0.4664,0.5457,0.4664,0.5399,0.4664,0.535,0.4664,0.5306,0.4664,0.5264,0.4664,0.5228
2021-07-28 18:30:00,2021-07-28 18:45:00,2021-07-28 18:46:00,-0.0001933356078699,0.0003184423619324,247,2021-07-28,FALSE,FALSE,FALSE,FALSE,-0.0004022817637477,Negative,Negative,0.4115,0.6091,0.3956,0.6021,0.3956,0.5955,0.3956,0.5896,0.3956,0.5845,0.3956,0.5799,0.3956,0.5756
2021-07-28 18:30:00,2021-07-28 18:46:00,2021-07-28 18:47:00,0.0004093141713662,0.0002388127594244,248,2021-07-28,FALSE,FALSE,FALSE,FALSE,-0.0004022817637477,Negative,Positive,0.3552,0.4925,0.3249,0.486,0.3249,0.4804,0.3249,0.4753,0.3249,0.4708,0.3249,0.4668,0.3249,0.4632
2021-07-28 18:30:00,2021-07-28 18:47:00,2021-07-28 18:48:00,-0.0001135920274375,0.0004889197148346,249,2021-07-28,FALSE,FALSE,FALSE,FALSE,-0.0004022817637477,Negative,Negative,0.3634,0.5535,0.3351,0.5467,0.3351,0.541,0.3351,0.5355,0.3351,0.5303,0.3351,0.5257,0.3351,0.5208
2021-07-28 18:30:00,2021-07-28 18:48:00,2021-07-28 18:49:00,-0.0002843604442184,0.000409183905433,250,2021-07-28,FALSE,FALSE,FALSE,FALSE,-0.0004022817637477,Negative,Negative,0.4622,0.6047,0.435,0.5975,0.435,0.5913,0.435,0.585,0.435,0.5795,0.435,0.5745,0.435,0.5697
2021-07-28 18:30:00,2021-07-28 18:49:00,2021-07-28 18:50:00,0.0003521920380764,0.0002500056819473,251,2021-07-28,FALSE,FALSE,FALSE,FALSE,-0.0004022817637477,Negative,Positive,0.4109,0.6011,0.3744,0.5928,0.3744,0.5854,0.3744,0.5782,0.3744,0.5719,0.3744,0.5663,0.3744,0.5612
2021-07-28 18:30:00,2021-07-28 18:50:00,2021-07-28 18:51:00,-0.0011357895877003,0.0003862758463984,252,2021-07-28,TRUE,FALSE,FALSE,FALSE,-0.0004022817637477,Negative,Negative,0.4985,0.668,0.4718,0.6635,0.4718,0.6592,0.4718,0.6555,0.4718,0.6517,0.4718,0.6478,0.4718,0.644
2021-07-28 18:30:00,2021-07-28 18:51:00,2021-07-28 18:52:00,0.0006131232436492,0.0008637934169848,253,2021-07-28,FALSE,FALSE,FALSE,FALSE,-0.0004022817637477,Negative,Positive,0.4429,0.5736,0.4182,0.5677,0.4182,0.5621,0.4182,0.5572,0.4182,0.5515,0.4182,0.5465,0.4182,0.542
2021-07-28 18:30:00,2021-07-28 18:52:00,2021-07-28 18:53:00,-0.0001477997418423,0.0004547108039288,254,2021-07-28,FALSE,FALSE,FALSE,FALSE,-0.0004022817637477,Negative,Negative,0.504,0.6308,0.4729,0.6269,0.4729,0.6231,0.4729,0.6192,0.4729,0.6154,0.4729,0.6119,0.4729,0.6085
2021-07-28 18:30:00,2021-07-28 18:53:00,2021-07-28 18:54:00,0.0001272644125799,0.0004776092246809,255,2021-07-28,FALSE,FALSE,FALSE,FALSE,-0.0004022817637477,Negative,Positive,0.4504,0.5537,0.4246,0.5477,0.4246,0.5424,0.4246,0.5376,0.4246,0.5332,0.4246,0.529,0.4246,0.5248
2021-07-28 18:30:00,2021-07-28 18:54:00,2021-07-28 18:55:00,0.000522405549033,0.000637044115305,256,2021-07-28,FALSE,FALSE,FALSE,FALSE,-0.0004022817637477,Negative,Positive,0.4121,0.5709,0.3883,0.5635,0.3883,0.5571,0.3883,0.551,0.3883,0.5456,0.3883,0.5408,0.3883,0.5364
2021-07-28 18:30:00,2021-07-28 18:55:00,2021-07-28 18:56:00,-0.0002293046885124,0.0004337350822538,257,2021-07-28,FALSE,FALSE,FALSE,FALSE,-0.0004022817637477,Negative,Negative,0.4147,0.5462,0.3967,0.5415,0.3967,0.5372,0.3967,0.5332,0.3967,0.5295,0.3967,0.526,0.3967,0.5227
2021-07-28 18:30:00,2021-07-28 18:56:00,2021-07-28 18:57:00,-0.0001946114227659,0.0002728637045795,258,2021-07-28,FALSE,FALSE,FALSE,FALSE,-0.0004022817637477,Negative,Negative,0.3485,0.5048,0.3262,0.4949,0.3262,0.4865,0.3262,0.4785,0.3262,0.4713,0.3262,0.4652,0.3262,0.4599
2021-07-28 18:30:00,2021-07-28 18:57:00,2021-07-28 18:58:00,-0.0003394442145469,0.0001823432609615,259,2021-07-28,FALSE,FALSE,FALSE,FALSE,-0.0004022817637477,Negative,Negative,0.3209,0.5161,0.2969,0.5033,0.2969,0.4928,0.2969,0.4836,0.2969,0.4758,0.2969,0.4692,0.2969,0.4632
2021-07-28 18:30:00,2021-07-28 18:58:00,2021-07-28 18:59:00,0.0004433470432945,0.0004662906014012,260,2021-07-28,FALSE,FALSE,FALSE,FALSE,-0.0004022817637477,Negative,Positive,0.3747,0.5373,0.3547,0.5297,0.3547,0.5235,0.3547,0.518,0.3547,0.513,0.3547,0.5087,0.3547,0.5045
2021-07-28 18:30:00,2021-07-28 18:59:00,2021-07-28 19:00:00,0.0004546266037527,0.0002843106036482,261,2021-07-28,FALSE,FALSE,FALSE,FALSE,-0.0004022817637477,Negative,Positive,0.3782,0.5642,0.3509,0.5578,0.3509,0.5522,0.3509,0.5471,0.3509,0.5423,0.3509,0.5381,0.3509,0.5341
2021-07-28 18:30:00,2021-07-28 19:00:00,2021-07-28 19:01:00,-0.0007160534074786,0.0006161158998384,262,2021-07-28,FALSE,FALSE,FALSE,FALSE,-0.0004022817637477,Negative,Negative,0.3278,0.4986,0.3059,0.4902,0.3059,0.483,0.3059,0.4771,0.3059,0.4721,0.3059,0.4673,0.3059,0.4631
2021-07-28 18:30:00,2021-07-28 19:01:00,2021-07-28 19:02:00,0.0003523679278333,0.0004320833238578,263,2021-07-28,FALSE,FALSE,FALSE,FALSE,-0.0004022817637477,Negative,Positive,0.3299,0.5026,0.3057,0.497,0.3057,0.4926,0.3057,0.4887,0.3057,0.4851,0.3057,0.4818,0.3057,0.479
2021-07-28 18:30:00,2021-07-28 19:02:00,2021-07-28 19:03:00,-0.000636567215603,0.000227386420483,264,2021-07-28,FALSE,FALSE,FALSE,FALSE,-0.0004022817637477,Negative,Negative,0.3432,0.4338,0.3281,0.4279,0.3281,0.4229,0.3281,0.4186,0.3281,0.4145,0.3281,0.4107,0.3281,0.4071
2021-07-28 18:30:00,2021-07-28 19:03:00,2021-07-28 19:04:00,0.0004808018769791,0.000910125142207,265,2021-07-28,FALSE,FALSE,FALSE,FALSE,-0.0004022817637477,Negative,Positive,0.3246,0.5212,0.3021,0.5109,0.3021,0.5004,0.3021,0.4901,0.3021,0.4808,0.3021,0.4729,0.3021,0.466
2021-07-28 18:30:00,2021-07-28 19:04:00,2021-07-28 19:05:00,-0.0002311105991485,0.0005689188266618,266,2021-07-28,FALSE,FALSE,FALSE,FALSE,-0.0004022817637477,Negative,Negative,0.3747,0.5662,0.346,0.5561,0.346,0.5468,0.346,0.5391,0.346,0.5322,0.346,0.5255,0.346,0.5194
2021-07-28 18:30:00,2021-07-28 19:05:00,2021-07-28 19:06:00,0.000193552720738,0.0004552902059817,267,2021-07-28,FALSE,FALSE,FALSE,FALSE,-0.0004022817637477,Negative,Positive,0.3896,0.5574,0.3673,0.5508,0.3673,0.5452,0.3673,0.5394,0.3673,0.5345,0.3673,0.5303,0.3673,0.5265
2021-07-28 18:30:00,2021-07-28 19:06:00,2021-07-28 19:07:00,0.0003982178051872,0.0004779897118405,268,2021-07-28,FALSE,FALSE,FALSE,FALSE,-0.0004022817637477,Negative,Positive,0.4219,0.6383,0.4042,0.6303,0.4042,0.624,0.4042,0.6186,0.4042,0.6136,0.4042,0.6088,0.4042,0.6041
2021-07-28 18:30:00,2021-07-28 19:07:00,2021-07-28 19:08:00,-0.0007280431915524,0.0004778809393773,269,2021-07-28,FALSE,FALSE,FALSE,FALSE,-0.0004022817637477,Negative,Negative,0.3854,0.5169,0.3671,0.5084,0.3671,0.5015,0.3671,0.4953,0.3671,0.4896,0.3671,0.4848,0.3671,0.4805
2021-07-28 18:30:00,2021-07-28 19:08:00,2021-07-28 19:09:00,0.0005573786771715,0.0005689965177413,270,2021-07-28,FALSE,FALSE,FALSE,FALSE,-0.0004022817637477,Negative,Positive,0.4581,0.6245,0.427,0.617,0.427,0.6106,0.427,0.6049,0.427,0.5997,0.427,0.595,0.427,0.5906
2021-07-28 18:30:00,2021-07-28 19:09:00,2021-07-28 19:10:00,0.0001936090084657,0.0004096308770652,271,2021-07-28,FALSE,FALSE,FALSE,FALSE,-0.0004022817637477,Negative,Positive,0.4324,0.59,0.4112,0.5833,0.4112,0.5776,0.4112,0.5722,0.4112,0.5674,0.4112,0.5632,0.4112,0.5593
2021-07-28 18:30:00,2021-07-28 19:10:00,2021-07-28 19:11:00,-0.0003528972201364,0.0003981888097567,272,2021-07-28,FALSE,FALSE,FALSE,FALSE,-0.0004022817637477,Negative,Negative,0.3707,0.4115,0.3471,0.4064,0.3471,0.4022,0.3471,0.3982,0.3471,0.3948,0.3471,0.3917,0.3471,0.3888
2021-07-28 18:30:00,2021-07-28 19:11:00,2021-07-28 19:12:00,0.000102355180058,0.0001592392911577,273,2021-07-28,FALSE,FALSE,FALSE,FALSE,-0.0004022817637477,Negative,Positive,0.4546,0.496,0.4303,0.4925,0.4303,0.4896,0.4303,0.4867,0.4303,0.484,0.4303,0.4812,0.4303,0.4786
2021-07-28 18:30:00,2021-07-28 19:12:00,2021-07-28 19:13:00,-0.0003768657331583,0.0002957166579468,274,2021-07-28,FALSE,FALSE,FALSE,FALSE,-0.0004022817637477,Negative,Negative,0.422,0.6241,0.3891,0.6156,0.3891,0.6081,0.3891,0.6015,0.3891,0.5954,0.3891,0.5895,0.3891,0.5841
2021-07-28 18:30:00,2021-07-28 19:13:00,2021-07-28 19:14:00,0.0006043763086918,0.000466439135381,275,2021-07-28,FALSE,FALSE,FALSE,FALSE,-0.0004022817637477,Negative,Positive,0.3713,0.6006,0.3382,0.5918,0.3382,0.5838,0.3382,0.5773,0.3382,0.5717,0.3382,0.5666,0.3382,0.5616
2021-07-28 18:30:00,2021-07-28 19:14:00,2021-07-28 19:15:00,-4.55921358159E-05,0.0003867503867504,276,2021-07-28,FALSE,FALSE,FALSE,FALSE,-0.0004022817637477,Negative,Negative,0.4079,0.5634,0.3875,0.5589,0.3875,0.555,0.3875,0.5513,0.3875,0.5477,0.3875,0.5446,0.3875,0.5419
2021-07-28 18:30:00,2021-07-28 19:15:00,2021-07-28 19:16:00,-0.0005684629595133,0.0004055114071973,277,2021-07-28,FALSE,FALSE,FALSE,FALSE,-0.0004022817637477,Negative,Negative,0.4482,0.6173,0.4227,0.6083,0.4227,0.6007,0.4227,0.5938,0.4227,0.5869,0.4227,0.5808,0.4227,0.5753
2021-07-28 18:30:00,2021-07-28 19:16:00,2021-07-28 19:17:00,-9.41066252999686E-08,0.0003638844666818,278,2021-07-28,FALSE,FALSE,FALSE,FALSE,-0.0004022817637477,Negative,Negative,0.4455,0.5942,0.4236,0.5874,0.4236,0.5813,0.4236,0.5759,0.4236,0.5712,0.4236,0.566,0.4236,0.5611
2021-07-28 18:30:00,2021-07-28 19:17:00,2021-07-28 19:18:00,0.0005233786762134,0.0007542490500785,279,2021-07-28,FALSE,FALSE,FALSE,FALSE,-0.0004022817637477,Negative,Positive,0.4504,0.4917,0.4225,0.4833,0.4225,0.4756,0.4225,0.4688,0.4225,0.463,0.4225,0.458,0.4225,0.4537
2021-07-28 18:30:00,2021-07-28 19:18:00,2021-07-28 19:19:00,-0.0004553933000992,0.0003754138084024,280,2021-07-28,FALSE,FALSE,FALSE,FALSE,-0.0004022817637477,Negative,Negative,0.4574,0.5512,0.4351,0.5464,0.4351,0.5427,0.4351,0.539,0.4351,0.5356,0.4351,0.5325,0.4351,0.5293
2021-07-28 18:30:00,2021-07-28 19:19:00,2021-07-28 19:20:00,-0.0001815835351194,0.0002980185858949,281,2021-07-28,FALSE,FALSE,FALSE,FALSE,-0.0004022817637477,Negative,Negative,0.441,0.6317,0.4219,0.6257,0.4219,0.6205,0.4219,0.616,0.4219,0.612,0.4219,0.6083,0.4219,0.605
2021-07-28 18:30:00,2021-07-28 19:20:00,2021-07-28 19:21:00,0.0004568169844655,0.0006329661325564,282,2021-07-28,FALSE,FALSE,FALSE,FALSE,-0.0004022817637477,Negative,Positive,0.3531,0.5613,0.3223,0.5524,0.3223,0.5451,0.3223,0.5385,0.3223,0.5332,0.3223,0.5284,0.3223,0.5236
2021-07-28 18:30:00,2021-07-28 19:21:00,2021-07-28 19:22:00,-0.00043623839761,0.0002730934662387,283,2021-07-28,FALSE,FALSE,FALSE,FALSE,-0.0004022817637477,Negative,Negative,0.4177,0.6187,0.3806,0.6104,0.3806,0.6029,0.3806,0.5964,0.3806,0.5909,0.3806,0.5856,0.3806,0.5808
2021-07-28 18:30:00,2021-07-28 19:22:00,2021-07-28 19:23:00,0.0001268806981986,0.000388826828869,284,2021-07-28,FALSE,FALSE,FALSE,FALSE,-0.0004022817637477,Negative,Positive,0.4307,0.6051,0.4054,0.5954,0.4054,0.5874,0.4054,0.5808,0.4054,0.5751,0.4054,0.5702,0.4054,0.5659
2021-07-28 18:30:00,2021-07-28 19:23:00,2021-07-28 19:24:00,0.0006944391419404,0.0005693334244266,285,2021-07-28,FALSE,FALSE,FALSE,FALSE,-0.0004022817637477,Negative,Positive,0.3052,0.5132,0.2756,0.5037,0.2756,0.4955,0.2756,0.4882,0.2756,0.4818,0.2756,0.4761,0.2756,0.4708
2021-07-28 18:30:00,2021-07-28 19:24:00,2021-07-28 19:24:42,-0.0004437972346253,0.0006149221098661,286,2021-07-28,FALSE,FALSE,FALSE,FALSE,-0.0004022817637477,Negative,Negative,0.4086,0.5674,0.3878,0.5629,0.3878,0.559,0.3878,0.5555,0.3878,0.5524,0.3878,0.5494,0.3878,0.5466
2021-09-22 18:30:00,2021-09-22 18:30:00,2021-09-22 18:31:00,-0.0004790089882893,0.0010016618480661,287,2021-09-22,FALSE,FALSE,FALSE,FALSE,-0.0007397563800961,Negative,Negative,0.5606,0.648,0.53,0.641,0.53,0.6341,0.53,0.6278,0.53,0.6214,0.53,0.616,0.53,0.6112
2021-09-22 18:30:00,2021-09-22 18:31:00,2021-09-22 18:32:00,0.0009798514386248,0.0009455349107438,288,2021-09-22,FALSE,FALSE,FALSE,FALSE,-0.0007397563800961,Negative,Positive,0.4685,0.626,0.4358,0.6156,0.4358,0.6072,0.4358,0.6,0.4358,0.5937,0.4358,0.5882,0.4358,0.5828
2021-09-22 18:30:00,2021-09-22 18:32:00,2021-09-22 18:33:00,0.0003415404035217,0.000717515346856,289,2021-09-22,FALSE,FALSE,FALSE,FALSE,-0.0007397563800961,Negative,Positive,0.4178,0.5863,0.3916,0.5736,0.3916,0.5632,0.3916,0.5534,0.3916,0.545,0.3916,0.5374,0.3916,0.5307
2021-09-22 18:30:00,2021-09-22 18:33:00,2021-09-22 18:34:00,-0.0007969190661965,0.0008653868051285,290,2021-09-22,FALSE,FALSE,FALSE,FALSE,-0.0007397563800961,Negative,Negative,0.4195,0.5938,0.3844,0.5842,0.3844,0.5764,0.3844,0.5686,0.3844,0.5613,0.3844,0.5548,0.3844,0.5487
2021-09-22 18:30:00,2021-09-22 18:34:00,2021-09-22 18:35:00,0.0004554818653034,0.0007512463860496,291,2021-09-22,FALSE,FALSE,FALSE,FALSE,-0.0007397563800961,Negative,Positive,0.4923,0.6344,0.4577,0.6239,0.4577,0.6145,0.4577,0.6064,0.4577,0.5996,0.4577,0.5934,0.4577,0.5877
2021-09-22 18:30:00,2021-09-22 18:35:00,2021-09-22 18:36:00,-0.0019120746187604,0.0007057805705439,292,2021-09-22,TRUE,FALSE,FALSE,FALSE,-0.0007397563800961,Negative,Negative,0.5378,0.6301,0.5067,0.6213,0.5067,0.6137,0.5067,0.6067,0.5067,0.6001,0.5067,0.594,0.5067,0.5884
2021-09-22 18:30:00,2021-09-22 18:36:00,2021-09-22 18:37:00,0.0023909373651587,0.0020290449809634,293,2021-09-22,TRUE,FALSE,FALSE,FALSE,-0.0007397563800961,Negative,Positive,0.5173,0.6957,0.4916,0.6868,0.4916,0.6793,0.4916,0.6722,0.4916,0.665,0.4916,0.6588,0.4916,0.6532
2021-09-22 18:30:00,2021-09-22 18:37:00,2021-09-22 18:38:00,-0.000775092475649,0.0012088037404493,294,2021-09-22,FALSE,FALSE,FALSE,FALSE,-0.0007397563800961,Negative,Negative,0.5199,0.6242,0.49,0.6172,0.49,0.6109,0.49,0.6056,0.49,0.6005,0.49,0.5957,0.49,0.5911
2021-09-22 18:30:00,2021-09-22 18:38:00,2021-09-22 18:39:00,-0.0007290835259942,0.000957352237241,295,2021-09-22,FALSE,FALSE,FALSE,FALSE,-0.0007397563800961,Negative,Negative,0.4955,0.6319,0.4689,0.628,0.4689,0.6233,0.4689,0.6186,0.4689,0.6141,0.4689,0.61,0.4689,0.6061
2021-09-22 18:30:00,2021-09-22 18:39:00,2021-09-22 18:40:00,-0.0003882956898848,0.0008665313661552,296,2021-09-22,FALSE,FALSE,FALSE,FALSE,-0.0007397563800961,Negative,Negative,0.4688,0.5128,0.4377,0.505,0.4377,0.4983,0.4377,0.4923,0.4377,0.4869,0.4377,0.4813,0.4377,0.4765
2021-09-22 18:30:00,2021-09-22 18:40:00,2021-09-22 18:41:00,0.001322696352372,0.001827318410233,297,2021-09-22,TRUE,FALSE,FALSE,FALSE,-0.0007397563800961,Negative,Positive,0.4765,0.6342,0.4482,0.6263,0.4482,0.6195,0.4482,0.6134,0.4482,0.6084,0.4482,0.6036,0.4482,0.5992
2021-09-22 18:30:00,2021-09-22 18:41:00,2021-09-22 18:42:00,0.0009586695993305,0.000890675314591,298,2021-09-22,FALSE,FALSE,FALSE,FALSE,-0.0007397563800961,Negative,Positive,0.3992,0.6316,0.3652,0.6191,0.3652,0.608,0.3652,0.5984,0.3652,0.5895,0.3652,0.5811,0.3652,0.5734
2021-09-22 18:30:00,2021-09-22 18:42:00,2021-09-22 18:43:00,-0.0013920378935985,0.001758071144801,299,2021-09-22,TRUE,FALSE,FALSE,FALSE,-0.0007397563800961,Negative,Negative,0.4226,0.5461,0.3953,0.5374,0.3953,0.53,0.3953,0.5231,0.3953,0.5169,0.3953,0.5112,0.3953,0.506
2021-09-22 18:30:00,2021-09-22 18:43:00,2021-09-22 18:44:00,-0.0001597339195196,0.0006158899609937,300,2021-09-22,FALSE,FALSE,FALSE,FALSE,-0.0007397563800961,Negative,Negative,0.4663,0.601,0.4428,0.5957,0.4428,0.5915,0.4428,0.5876,0.4428,0.5841,0.4428,0.581,0.4428,0.578
2021-09-22 18:30:00,2021-09-22 18:44:00,2021-09-22 18:45:00,0.0003306381310388,0.00086712456929,301,2021-09-22,FALSE,FALSE,FALSE,FALSE,-0.0007397563800961,Negative,Positive,0.4845,0.5694,0.4622,0.5658,0.4622,0.562,0.4622,0.5582,0.4622,0.5549,0.4622,0.5515,0.4622,0.5484
2021-09-22 18:30:00,2021-09-22 18:45:00,2021-09-22 18:46:00,-0.0002168004077195,0.0013251085218185,302,2021-09-22,FALSE,FALSE,FALSE,FALSE,-0.0007397563800961,Negative,Negative,0.4261,0.5838,0.3993,0.5786,0.3993,0.574,0.3993,0.5698,0.3993,0.5658,0.3993,0.5622,0.3993,0.5589
2021-09-22 18:30:00,2021-09-22 18:46:00,2021-09-22 18:47:00,-0.0002283781983553,0.0010220578161392,303,2021-09-22,FALSE,FALSE,FALSE,FALSE,-0.0007397563800961,Negative,Negative,0.4298,0.5258,0.4009,0.518,0.4009,0.5116,0.4009,0.5061,0.4009,0.5011,0.4009,0.4964,0.4009,0.4917
2021-09-22 18:30:00,2021-09-22 18:47:00,2021-09-22 18:48:00,-0.0003886044081168,0.0010051399200456,304,2021-09-22,FALSE,FALSE,FALSE,FALSE,-0.0007397563800961,Negative,Negative,0.4286,0.5433,0.4127,0.5391,0.4127,0.5353,0.4127,0.5318,0.4127,0.5285,0.4127,0.5254,0.4127,0.5223
2021-09-22 18:30:00,2021-09-22 18:48:00,2021-09-22 18:49:00,0.0008678248665266,0.0014406915319353,305,2021-09-22,FALSE,FALSE,FALSE,FALSE,-0.0007397563800961,Negative,Positive,0.4326,0.4823,0.4067,0.4756,0.4067,0.4697,0.4067,0.4642,0.4067,0.4593,0.4067,0.4549,0.4067,0.4509
2021-09-22 18:30:00,2021-09-22 18:49:00,2021-09-22 18:50:00,-0.0009399877856695,0.0008919586497117,306,2021-09-22,FALSE,FALSE,FALSE,FALSE,-0.0007397563800961,Negative,Negative,0.4579,0.5147,0.4314,0.5092,0.4314,0.5046,0.4314,0.4999,0.4314,0.4956,0.4314,0.4913,0.4314,0.4874
2021-09-22 18:30:00,2021-09-22 18:50:00,2021-09-22 18:51:00,0.0013976558761551,0.0017178195144296,307,2021-09-22,TRUE,FALSE,FALSE,FALSE,-0.0007397563800961,Negative,Positive,0.4484,0.5183,0.428,0.5117,0.428,0.5065,0.428,0.5021,0.428,0.4981,0.428,0.4944,0.428,0.491
2021-09-22 18:30:00,2021-09-22 18:51:00,2021-09-22 18:52:00,0.0004345705337604,0.0009847027571677,308,2021-09-22,FALSE,FALSE,FALSE,FALSE,-0.0007397563800961,Negative,Positive,0.4357,0.5344,0.4103,0.5303,0.4103,0.5262,0.4103,0.522,0.4103,0.5179,0.4103,0.5141,0.4103,0.5106
2021-09-22 18:30:00,2021-09-22 18:52:00,2021-09-22 18:53:00,-0.0004578515311603,0.0014192189717529,309,2021-09-22,FALSE,FALSE,FALSE,FALSE,-0.0007397563800961,Negative,Negative,0.3896,0.4307,0.3688,0.4269,0.3688,0.4237,0.3688,0.4211,0.3688,0.4187,0.3688,0.4163,0.3688,0.4139
2021-09-22 18:30:00,2021-09-22 18:53:00,2021-09-22 18:54:00,0.0002512551156619,0.0010750966443259,310,2021-09-22,FALSE,FALSE,FALSE,FALSE,-0.0007397563800961,Negative,Positive,0.3972,0.609,0.3748,0.5978,0.3748,0.5888,0.3748,0.5811,0.3748,0.5742,0.3748,0.5682,0.3748,0.563
2021-09-22 18:30:00,2021-09-22 18:54:00,2021-09-22 18:55:00,-0.001188014871811,0.001302797586396,311,2021-09-22,TRUE,FALSE,FALSE,FALSE,-0.0007397563800961,Negative,Negative,0.3129,0.4935,0.2905,0.4855,0.2905,0.4784,0.2905,0.4712,0.2905,0.4647,0.2905,0.4585,0.2905,0.4529
2021-09-22 18:30:00,2021-09-22 18:55:00,2021-09-22 18:56:00,0.0005938242280284,0.0009599780576444,312,2021-09-22,FALSE,FALSE,FALSE,FALSE,-0.0007397563800961,Negative,Positive,0.4266,0.5607,0.4024,0.5553,0.4024,0.5507,0.4024,0.5467,0.4024,0.5432,0.4024,0.5402,0.4024,0.5372
2021-09-22 18:30:00,2021-09-22 18:56:00,2021-09-22 18:57:00,-0.0007884362680682,0.0008914489474044,313,2021-09-22,FALSE,FALSE,FALSE,FALSE,-0.0007397563800961,Negative,Negative,0.4121,0.5228,0.3842,0.5154,0.3842,0.5093,0.3842,0.504,0.3842,0.4995,0.3842,0.4956,0.3842,0.4918
2021-09-22 18:30:00,2021-09-22 18:57:00,2021-09-22 18:58:00,0.001497429040916,0.0010980212741622,314,2021-09-22,TRUE,FALSE,FALSE,FALSE,-0.0007397563800961,Negative,Positive,0.3522,0.4423,0.3232,0.4329,0.3232,0.4252,0.3232,0.4183,0.3232,0.4121,0.3232,0.4066,0.3232,0.4017
2021-09-22 18:30:00,2021-09-22 18:58:00,2021-09-22 18:59:00,-0.000594725341351,0.0012123707567022,315,2021-09-22,FALSE,FALSE,FALSE,FALSE,-0.0007397563800961,Negative,Negative,0.444,0.5169,0.416,0.5112,0.416,0.5063,0.416,0.5017,0.416,0.4977,0.416,0.4939,0.416,0.4905
2021-09-22 18:30:00,2021-09-22 18:59:00,2021-09-22 19:00:00,-0.0004789593993159,0.0008000914390216,316,2021-09-22,FALSE,FALSE,FALSE,FALSE,-0.0007397563800961,Negative,Negative,0.3664,0.4515,0.3517,0.4438,0.3517,0.4373,0.3517,0.4317,0.3517,0.4268,0.3517,0.4223,0.3517,0.4185
2021-09-22 18:30:00,2021-09-22 19:00:00,2021-09-22 19:01:00,0.0006161377812463,0.0012122806616183,317,2021-09-22,FALSE,FALSE,FALSE,FALSE,-0.0007397563800961,Negative,Positive,0.4393,0.5485,0.4054,0.5418,0.4054,0.5359,0.4054,0.5306,0.4054,0.526,0.4054,0.5219,0.4054,0.5177
2021-09-22 18:30:00,2021-09-22 19:01:00,2021-09-22 19:02:00,-6.32091033000125E-08,0.000960439057855,318,2021-09-22,FALSE,FALSE,FALSE,FALSE,-0.0007397563800961,Negative,Negative,0.4018,0.4795,0.383,0.4684,0.383,0.4596,0.383,0.4525,0.383,0.4465,0.383,0.4414,0.383,0.4365
2021-09-22 18:30:00,2021-09-22 19:02:00,2021-09-22 19:03:00,-0.0002513826043238,0.0009375071456337,319,2021-09-22,FALSE,FALSE,FALSE,FALSE,-0.0007397563800961,Negative,Negative,0.2993,0.3991,0.2773,0.3931,0.2773,0.3873,0.2773,0.3822,0.2773,0.3778,0.2773,0.3739,0.2773,0.3705
2021-09-22 18:30:00,2021-09-22 19:03:00,2021-09-22 19:04:00,-0.0003198683970023,0.0008030264932452,320,2021-09-22,FALSE,FALSE,FALSE,FALSE,-0.0007397563800961,Negative,Negative,0.3762,0.5046,0.3543,0.4926,0.3543,0.4825,0.3543,0.4743,0.3543,0.4676,0.3543,0.4616,0.3543,0.4563
2021-09-22 18:30:00,2021-09-22 19:04:00,2021-09-22 19:05:00,-0.0004343483603228,0.0009147457006952,321,2021-09-22,FALSE,FALSE,FALSE,FALSE,-0.0007397563800961,Negative,Negative,0.377,0.4817,0.36,0.4738,0.36,0.4673,0.36,0.462,0.36,0.4572,0.36,0.4531,0.36,0.4494
2021-09-22 18:30:00,2021-09-22 19:05:00,2021-09-22 19:06:00,0.0011201568803723,0.0012351326623971,322,2021-09-22,TRUE,FALSE,FALSE,FALSE,-0.0007397563800961,Negative,Positive,0.3623,0.4622,0.3414,0.4577,0.3414,0.4537,0.3414,0.4497,0.3414,0.4455,0.3414,0.4419,0.3414,0.4385
2021-09-22 18:30:00,2021-09-22 19:06:00,2021-09-22 19:07:00,0.0004113981791545,0.0009837340715151,323,2021-09-22,FALSE,FALSE,FALSE,FALSE,-0.0007397563800961,Negative,Positive,0.4225,0.5059,0.4045,0.5001,0.4045,0.495,0.4045,0.49,0.4045,0.4858,0.4045,0.4821,0.4045,0.4782
2021-09-22 18:30:00,2021-09-22 19:07:00,2021-09-22 19:08:00,-0.0009600993649573,0.0011660607723437,324,2021-09-22,FALSE,FALSE,FALSE,FALSE,-0.0007397563800961,Negative,Negative,0.4062,0.5767,0.388,0.5703,0.388,0.5651,0.388,0.5604,0.388,0.5559,0.388,0.552,0.388,0.5485
2021-09-22 18:30:00,2021-09-22 19:08:00,2021-09-22 19:09:00,0.0006625746209158,0.0005919458792338,325,2021-09-22,FALSE,FALSE,FALSE,FALSE,-0.0007397563800961,Negative,Positive,0.3728,0.4238,0.3429,0.4166,0.3429,0.4107,0.3429,0.4056,0.3429,0.4009,0.3429,0.3968,0.3429,0.3931
2021-09-22 18:30:00,2021-09-22 19:09:00,2021-09-22 19:10:00,0.0004564946470968,0.0008228007222362,326,2021-09-22,FALSE,FALSE,FALSE,FALSE,-0.0007397563800961,Negative,Positive,0.4222,0.4746,0.4025,0.4689,0.4025,0.4642,0.4025,0.46,0.4025,0.4565,0.4025,0.4533,0.4025,0.4506
2021-09-22 18:30:00,2021-09-22 19:10:00,2021-09-22 19:11:00,-2.36912762131001E-05,0.0015766383328763,327,2021-09-22,FALSE,FALSE,FALSE,FALSE,-0.0007397563800961,Negative,Negative,0.4275,0.5328,0.3983,0.5275,0.3983,0.5232,0.3983,0.5193,0.3983,0.5156,0.3983,0.512,0.3983,0.5078
2021-09-22 18:30:00,2021-09-22 19:11:00,2021-09-22 19:12:00,-0.000753058222837,0.001141005454006,328,2021-09-22,FALSE,FALSE,FALSE,FALSE,-0.0007397563800961,Negative,Negative,0.4309,0.4968,0.4055,0.4904,0.4055,0.485,0.4055,0.4804,0.4055,0.4762,0.4055,0.4724,0.4055,0.469
2021-09-22 18:30:00,2021-09-22 19:12:00,2021-09-22 19:13:00,-0.0004330380471215,0.0006804216425159,329,2021-09-22,FALSE,FALSE,FALSE,FALSE,-0.0007397563800961,Negative,Negative,0.3381,0.5434,0.3209,0.5327,0.3209,0.5236,0.3209,0.5148,0.3209,0.5064,0.3209,0.4987,0.3209,0.4919
2021-09-22 18:30:00,2021-09-22 19:13:00,2021-09-22 19:14:00,0.0006154220313197,0.0006384240047426,330,2021-09-22,FALSE,FALSE,FALSE,FALSE,-0.0007397563800961,Negative,Positive,0.3411,0.5533,0.3209,0.5416,0.3209,0.5308,0.3209,0.5215,0.3209,0.5136,0.3209,0.5057,0.3209,0.4985
2021-09-22 18:30:00,2021-09-22 19:14:00,2021-09-22 19:15:00,-0.000341942690405,0.0005700084361248,331,2021-09-22,FALSE,FALSE,FALSE,FALSE,-0.0007397563800961,Negative,Negative,0.4485,0.5751,0.4305,0.568,0.4305,0.5619,0.4305,0.5565,0.4305,0.5517,0.4305,0.5471,0.4305,0.5428
2021-09-22 18:30:00,2021-09-22 19:15:00,2021-09-22 19:16:00,0.0003190519598905,0.0004333454910184,332,2021-09-22,FALSE,FALSE,FALSE,FALSE,-0.0007397563800961,Negative,Positive,0.4178,0.4901,0.402,0.485,0.402,0.4805,0.402,0.4768,0.402,0.4736,0.402,0.4708,0.402,0.4682
2021-09-22 18:30:00,2021-09-22 19:16:00,2021-09-22 19:17:00,-0.0002051411748173,0.0005697356426618,333,2021-09-22,FALSE,FALSE,FALSE,FALSE,-0.0007397563800961,Negative,Negative,0.4662,0.6022,0.4319,0.5977,0.4319,0.5926,0.4319,0.5877,0.4319,0.583,0.4319,0.5787,0.4319,0.5746
2021-09-22 18:30:00,2021-09-22 19:17:00,2021-09-22 19:18:00,0.0002505622097558,0.0005469212889111,334,2021-09-22,FALSE,FALSE,FALSE,FALSE,-0.0007397563800961,Negative,Positive,0.3771,0.6188,0.3393,0.6075,0.3393,0.5953,0.3393,0.5841,0.3393,0.5741,0.3393,0.5647,0.3393,0.5559
2021-09-22 18:30:00,2021-09-22 19:18:00,2021-09-22 19:19:00,0.0001137235211679,0.000546771768351,335,2021-09-22,FALSE,FALSE,FALSE,FALSE,-0.0007397563800961,Negative,Positive,0.4202,0.5836,0.3935,0.5773,0.3935,0.5714,0.3935,0.5656,0.3935,0.5603,0.3935,0.5557,0.3935,0.5516
2021-09-22 18:30:00,2021-09-22 19:19:00,2021-09-22 19:20:00,-0.0002961134861352,0.000718978808686,336,2021-09-22,FALSE,FALSE,FALSE,FALSE,-0.0007397563800961,Negative,Negative,0.3909,0.5993,0.3751,0.5905,0.3751,0.5829,0.3751,0.5762,0.3751,0.5702,0.3751,0.5647,0.3751,0.5588
2021-09-22 18:30:00,2021-09-22 19:20:00,2021-09-22 19:21:00,-0.0002048397829279,0.0006375372845466,337,2021-09-22,FALSE,FALSE,FALSE,FALSE,-0.0007397563800961,Negative,Negative,0.4187,0.5677,0.4011,0.5632,0.4011,0.5593,0.4011,0.5558,0.4011,0.5525,0.4011,0.5491,0.4011,0.5458
2021-09-22 18:30:00,2021-09-22 19:21:00,2021-09-22 19:22:00,0.0005006703189842,0.0003184394418774,338,2021-09-22,FALSE,FALSE,FALSE,FALSE,-0.0007397563800961,Negative,Positive,0.4615,0.5353,0.4395,0.5304,0.4395,0.5258,0.4395,0.5218,0.4395,0.518,0.4395,0.5146,0.4395,0.5112
2021-09-22 18:30:00,2021-09-22 19:22:00,2021-09-22 19:23:00,-0.0014332623819676,0.0007282492433035,339,2021-09-22,TRUE,FALSE,FALSE,FALSE,-0.0007397563800961,Negative,Negative,0.4585,0.5034,0.4337,0.4983,0.4337,0.4935,0.4337,0.4888,0.4337,0.4846,0.4337,0.4806,0.4337,0.477
2021-09-22 18:30:00,2021-09-22 19:23:00,2021-09-22 19:24:00,0.0011830303351409,0.0011612021857923,340,2021-09-22,TRUE,FALSE,FALSE,FALSE,-0.0007397563800961,Negative,Positive,0.3839,0.4886,0.3679,0.4839,0.3679,0.4798,0.3679,0.4759,0.3679,0.4724,0.3679,0.4691,0.3679,0.4658
2021-09-22 18:30:00,2021-09-22 19:24:00,2021-09-22 19:24:18,0.0,0.000432683548916,341,2021-09-22,FALSE,FALSE,FALSE,FALSE,-0.0007397563800961,Negative,Negative,0.3619,0.4728,0.3463,0.4651,0.3463,0.4586,0.3463,0.4525,0.3463,0.4469,0.3463,0.4419,0.3463,0.437
2021-11-03 18:30:00,2021-11-03 18:30:00,2021-11-03 18:31:00,0.00027685497033,0.0003891244159889,342,2021-11-03,FALSE,FALSE,FALSE,FALSE,-0.0001146345842448210,Negative,Positive,0.5698,0.6748,0.5441,0.6694,0.5185,0.6643,0.5185,0.6591,0.5185,0.6547,0.5185,0.6502,0.5185,0.6462
2021-11-03 18:30:00,2021-11-03 18:31:00,2021-11-03 18:32:00,-0.0005947178143813,0.0005191209551825,343,2021-11-03,FALSE,FALSE,FALSE,FALSE,-0.0001146345842448210,Negative,Negative,0.4244,0.5889,0.4033,0.5786,0.3761,0.5692,0.3761,0.5615,0.3761,0.5545,0.3761,0.5486,0.3761,0.5435
2021-11-03 18:30:00,2021-11-03 18:32:00,2021-11-03 18:33:00,0.0004000555269503,0.0004110240989919,344,2021-11-03,FALSE,FALSE,FALSE,FALSE,-0.0001146345842448210,Negative,Positive,0.4248,0.6078,0.4067,0.5941,0.3854,0.5828,0.3854,0.5733,0.3854,0.565,0.3854,0.5572,0.3854,0.5503
2021-11-03 18:30:00,2021-11-03 18:33:00,2021-11-03 18:34:00,0.000248772713438,0.0005410786944853,345,2021-11-03,FALSE,FALSE,FALSE,FALSE,-0.0001146345842448210,Negative,Positive,0.4465,0.6091,0.4226,0.6019,0.3972,0.5959,0.3972,0.5901,0.3972,0.5844,0.3972,0.5787,0.3972,0.5733
2021-11-03 18:30:00,2021-11-03 18:34:00,2021-11-03 18:35:00,-0.0005407365024244,0.0004759638267491,346,2021-11-03,FALSE,FALSE,FALSE,FALSE,-0.0001146345842448210,Negative,Negative,0.4417,0.6199,0.4197,0.6119,0.3925,0.6048,0.3925,0.5979,0.3925,0.591,0.3925,0.5846,0.3925,0.5786
2021-11-03 18:30:00,2021-11-03 18:35:00,2021-11-03 18:36:00,0.000324405690332,0.0008221371238181,347,2021-11-03,FALSE,FALSE,FALSE,FALSE,-0.0001146345842448210,Negative,Positive,0.5129,0.6422,0.4887,0.6377,0.4651,0.6331,0.4651,0.6286,0.4651,0.6249,0.4651,0.6216,0.4651,0.6186
2021-11-03 18:30:00,2021-11-03 18:36:00,2021-11-03 18:37:00,0.0003893112432061,0.0003677424937267,348,2021-11-03,FALSE,FALSE,FALSE,FALSE,-0.0001146345842448210,Negative,Positive,0.5891,0.7257,0.5592,0.7101,0.5242,0.6973,0.5242,0.686,0.5242,0.6756,0.5242,0.6658,0.5242,0.6561
2021-11-03 18:30:00,2021-11-03 18:37:00,2021-11-03 18:38:00,-0.0008325265709531,0.0006488590894343,349,2021-11-03,FALSE,FALSE,FALSE,FALSE,-0.0001146345842448210,Negative,Negative,0.563,0.7235,0.5405,0.7174,0.512,0.7112,0.512,0.7056,0.512,0.7008,0.512,0.6961,0.512,0.6915
2021-11-03 18:30:00,2021-11-03 18:38:00,2021-11-03 18:39:00,0.0006162144817055,0.0004757991262598,350,2021-11-03,FALSE,FALSE,FALSE,FALSE,-0.0001146345842448210,Negative,Positive,0.5043,0.6765,0.4814,0.6696,0.4599,0.6638,0.4599,0.6584,0.4599,0.6535,0.4599,0.6487,0.4599,0.6446
2021-11-03 18:30:00,2021-11-03 18:39:00,2021-11-03 18:40:00,-0.0003676105887304,0.0003676550098402,351,2021-11-03,FALSE,FALSE,FALSE,FALSE,-0.0001146345842448210,Negative,Negative,0.4961,0.6499,0.4738,0.6436,0.449,0.6372,0.449,0.6316,0.449,0.6261,0.449,0.6212,0.449,0.617
2021-11-03 18:30:00,2021-11-03 18:40:00,2021-11-03 18:41:00,0.000129721315374,0.0004758094167008,352,2021-11-03,FALSE,FALSE,FALSE,FALSE,-0.0001146345842448210,Negative,Positive,0.3897,0.5082,0.3777,0.5032,0.3645,0.4991,0.3645,0.4954,0.3645,0.4921,0.3645,0.4889,0.3645,0.4858
2021-11-03 18:30:00,2021-11-03 18:41:00,2021-11-03 18:42:00,0.000432469835229,0.0004217447254874,353,2021-11-03,FALSE,FALSE,FALSE,FALSE,-0.0001146345842448210,Negative,Positive,0.424,0.5987,0.3974,0.5908,0.3695,0.5838,0.3695,0.5767,0.3695,0.5697,0.3695,0.5633,0.3695,0.5576
2021-11-03 18:30:00,2021-11-03 18:42:00,2021-11-03 18:43:00,-1.77605681799984E-07,0.0006271897573424,354,2021-11-03,FALSE,FALSE,FALSE,FALSE,-0.0001146345842448210,Negative,Negative,0.4437,0.625,0.4158,0.6174,0.3861,0.6113,0.3861,0.6053,0.3861,0.5998,0.3861,0.5947,0.3861,0.59
2021-11-03 18:30:00,2021-11-03 18:43:00,2021-11-03 18:44:00,-0.0003458730099128,0.0008430062901238,355,2021-11-03,FALSE,FALSE,FALSE,FALSE,-0.0001146345842448210,Negative,Negative,0.4625,0.6109,0.441,0.605,0.4177,0.6,0.4177,0.5953,0.4177,0.5908,0.4177,0.5862,0.4177,0.5818
2021-11-03 18:30:00,2021-11-03 18:44:00,2021-11-03 18:45:00,0.0005530001184801,0.0003457067542457,356,2021-11-03,FALSE,FALSE,FALSE,FALSE,-0.0001146345842448210,Negative,Positive,0.395,0.552,0.3757,0.5464,0.3548,0.5412,0.3548,0.5363,0.3548,0.5317,0.3548,0.5274,0.3548,0.5234
2021-11-03 18:30:00,2021-11-03 18:45:00,2021-11-03 18:46:00,-0.0007473617400486,0.0007777057679844,357,2021-11-03,FALSE,FALSE,FALSE,FALSE,-0.0001146345842448210,Negative,Negative,0.4722,0.5507,0.448,0.5457,0.4213,0.5398,0.4213,0.5348,0.4213,0.53,0.4213,0.5256,0.4213,0.5217
2021-11-03 18:30:00,2021-11-03 18:46:00,2021-11-03 18:47:00,0.0009284109326477,0.0003670913409629,358,2021-11-03,FALSE,FALSE,FALSE,FALSE,-0.0001146345842448210,Negative,Positive,0.4905,0.6292,0.4713,0.6247,0.4486,0.6203,0.4486,0.6162,0.4486,0.6117,0.4486,0.6071,0.4486,0.6024
2021-11-03 18:30:00,2021-11-03 18:47:00,2021-11-03 18:48:00,-0.0009067665609608,0.0008852805907629,359,2021-11-03,FALSE,FALSE,FALSE,FALSE,-0.0001146345842448210,Negative,Negative,0.5198,0.6738,0.4982,0.6693,0.4748,0.6653,0.4748,0.6616,0.4748,0.6572,0.4748,0.6531,0.4748,0.6495
2021-11-03 18:30:00,2021-11-03 18:48:00,2021-11-03 18:49:00,0.0007098416567252,0.0005394441567408,360,2021-11-03,FALSE,FALSE,FALSE,FALSE,-0.0001146345842448210,Negative,Positive,0.4772,0.6291,0.4544,0.6247,0.4275,0.6205,0.4275,0.6161,0.4275,0.6109,0.4275,0.6061,0.4275,0.6015
2021-11-03 18:30:00,2021-11-03 18:49:00,2021-11-03 18:50:00,-0.0007313580132296,0.0008631851532154,361,2021-11-03,FALSE,FALSE,FALSE,FALSE,-0.0001146345842448210,Negative,Negative,0.3694,0.4797,0.3473,0.4715,0.3243,0.4649,0.3243,0.459,0.3243,0.4538,0.3243,0.4491,0.3243,0.4449
2021-11-03 18:30:00,2021-11-03 18:50:00,2021-11-03 18:51:00,0.0001725113891239,0.0004529473933955,362,2021-11-03,FALSE,FALSE,FALSE,FALSE,-0.0001146345842448210,Negative,Positive,0.4444,0.5639,0.4194,0.559,0.3966,0.5546,0.3966,0.5507,0.3966,0.5471,0.3966,0.5433,0.3966,0.5397
2021-11-03 18:30:00,2021-11-03 18:51:00,2021-11-03 18:52:00,0.0004312705656615,0.0005932605600379,363,2021-11-03,FALSE,FALSE,FALSE,FALSE,-0.0001146345842448210,Negative,Positive,0.4399,0.5483,0.4266,0.5414,0.408,0.5355,0.408,0.5304,0.408,0.5257,0.408,0.5214,0.408,0.5174
2021-11-03 18:30:00,2021-11-03 18:52:00,2021-11-03 18:53:00,-0.0004313054277168,0.0007116209863497,364,2021-11-03,FALSE,FALSE,FALSE,FALSE,-0.0001146345842448210,Negative,Negative,0.392,0.5188,0.3717,0.5097,0.3536,0.5017,0.3536,0.4953,0.3536,0.4895,0.3536,0.484,0.3536,0.4788
2021-11-03 18:30:00,2021-11-03 18:53:00,2021-11-03 18:54:00,-7.54380023858639E-05,0.0004527032853323,365,2021-11-03,FALSE,FALSE,FALSE,FALSE,-0.0001146345842448210,Negative,Negative,0.4444,0.5995,0.4241,0.5918,0.3991,0.586,0.3991,0.5808,0.3991,0.5756,0.3991,0.5709,0.3991,0.5666
2021-11-03 18:30:00,2021-11-03 18:54:00,2021-11-03 18:55:00,0.0001400862068964,0.0004310716441073,366,2021-11-03,FALSE,FALSE,FALSE,FALSE,-0.0001146345842448210,Negative,Positive,0.4293,0.5654,0.4088,0.5593,0.3876,0.5533,0.3876,0.548,0.3876,0.5432,0.3876,0.5381,0.3876,0.5333
2021-11-03 18:30:00,2021-11-03 18:55:00,2021-11-03 18:56:00,2.15354692011E-05,0.0004203039120594,367,2021-11-03,FALSE,FALSE,FALSE,FALSE,-0.0001146345842448210,Negative,Positive,0.4895,0.5836,0.4666,0.5773,0.4424,0.5715,0.4424,0.566,0.4424,0.5605,0.4424,0.5553,0.4424,0.5502
2021-11-03 18:30:00,2021-11-03 18:56:00,2021-11-03 18:57:00,-0.0003878585911719,0.0004310066159516,368,2021-11-03,FALSE,FALSE,FALSE,FALSE,-0.0001146345842448210,Negative,Negative,0.4353,0.5206,0.4187,0.5154,0.4011,0.5113,0.4011,0.5076,0.4011,0.5043,0.4011,0.5013,0.4011,0.4984
2021-11-03 18:30:00,2021-11-03 18:57:00,2021-11-03 18:58:00,0.0001508058805915,0.0004063112969628,369,2021-11-03,FALSE,FALSE,FALSE,FALSE,-0.0001146345842448210,Negative,Positive,0.4363,0.5513,0.4175,0.5443,0.3961,0.5386,0.3961,0.5332,0.3961,0.5277,0.3961,0.5228,0.3961,0.5185
2021-11-03 18:30:00,2021-11-03 18:58:00,2021-11-03 18:59:00,2.15475435762966E-05,0.0004204171832048,370,2021-11-03,FALSE,FALSE,FALSE,FALSE,-0.0001146345842448210,Negative,Positive,0.3497,0.5265,0.3299,0.5167,0.3124,0.5089,0.3124,0.5024,0.3124,0.496,0.3124,0.4901,0.3124,0.4844
2021-11-03 18:30:00,2021-11-03 18:59:00,2021-11-03 19:00:00,0.0003233246400938,0.0003664819884881,371,2021-11-03,FALSE,FALSE,FALSE,FALSE,-0.0001146345842448210,Negative,Positive,0.4464,0.5702,0.428,0.5646,0.4096,0.5591,0.4096,0.5537,0.4096,0.5486,0.4096,0.544,0.4096,0.5401
2021-11-03 18:30:00,2021-11-03 19:00:00,2021-11-03 19:01:00,-0.0005172581111674,0.000297685832159,372,2021-11-03,FALSE,FALSE,FALSE,FALSE,-0.0001146345842448210,Negative,Negative,0.426,0.5415,0.4074,0.5344,0.3826,0.5281,0.3826,0.5229,0.3826,0.5182,0.3826,0.514,0.3826,0.5101
2021-11-03 18:30:00,2021-11-03 19:01:00,2021-11-03 19:02:00,0.0005603559830782,0.0007763305442938,373,2021-11-03,FALSE,FALSE,FALSE,FALSE,-0.0001146345842448210,Negative,Positive,0.5131,0.6585,0.4946,0.6527,0.4649,0.6475,0.4649,0.6426,0.4649,0.638,0.4649,0.6338,0.4649,0.63
2021-11-03 18:30:00,2021-11-03 19:02:00,2021-11-03 19:03:00,-0.0003879533376581,0.0005557351958439,374,2021-11-03,FALSE,FALSE,FALSE,FALSE,-0.0001146345842448210,Negative,Negative,0.4081,0.4807,0.3927,0.4761,0.3741,0.4721,0.3741,0.4687,0.3741,0.4658,0.3741,0.463,0.3741,0.4603
2021-11-03 18:30:00,2021-11-03 19:03:00,2021-11-03 19:04:00,4.30904458473268E-05,0.0003448796154591,375,2021-11-03,FALSE,FALSE,FALSE,FALSE,-0.0001146345842448210,Negative,Positive,0.4303,0.5572,0.4147,0.5522,0.3941,0.5471,0.3941,0.5415,0.3941,0.5362,0.3941,0.5316,0.3941,0.5274
2021-11-03 18:30:00,2021-11-03 19:04:00,2021-11-03 19:05:00,0.0001293029136791,0.0004741890289902,376,2021-11-03,FALSE,FALSE,FALSE,FALSE,-0.0001146345842448210,Negative,Positive,0.3648,0.5022,0.3524,0.4912,0.3396,0.482,0.3396,0.4734,0.3396,0.4663,0.3396,0.4602,0.3396,0.455
2021-11-03 18:30:00,2021-11-03 19:05:00,2021-11-03 19:06:00,-0.000237048994926,0.0004526447385437,377,2021-11-03,FALSE,FALSE,FALSE,FALSE,-0.0001146345842448210,Negative,Negative,0.3114,0.4623,0.3005,0.4469,0.2834,0.4334,0.2834,0.4215,0.2834,0.4117,0.2834,0.4026,0.2834,0.3941
2021-11-03 18:30:00,2021-11-03 19:06:00,2021-11-03 19:07:00,0.0002801589457771,0.0003664266931069,378,2021-11-03,FALSE,FALSE,FALSE,FALSE,-0.0001146345842448210,Negative,Positive,0.4774,0.6036,0.4553,0.5988,0.4274,0.5942,0.4274,0.5894,0.4274,0.5849,0.4274,0.5809,0.4274,0.5772
2021-11-03 18:30:00,2021-11-03 19:07:00,2021-11-03 19:08:00,0.0001939278983128,0.0003875334080524,379,2021-11-03,FALSE,FALSE,FALSE,FALSE,-0.0001146345842448210,Negative,Positive,0.4516,0.5931,0.4327,0.5888,0.4067,0.585,0.4067,0.5815,0.4067,0.5782,0.4067,0.5749,0.4067,0.572
2021-11-03 18:30:00,2021-11-03 19:08:00,2021-11-03 19:09:00,-0.0001509052337622,0.0003878892360737,380,2021-11-03,FALSE,FALSE,FALSE,FALSE,-0.0001146345842448210,Negative,Negative,0.4155,0.5647,0.3952,0.5579,0.3762,0.5527,0.3762,0.5477,0.3762,0.5432,0.3762,0.5391,0.3762,0.5353
2021-11-03 18:30:00,2021-11-03 19:09:00,2021-11-03 19:10:00,-4.31006529558E-05,0.0003446864430513,381,2021-11-03,FALSE,FALSE,FALSE,FALSE,-0.0001146345842448210,Negative,Negative,0.5129,0.6564,0.4909,0.6517,0.4705,0.6477,0.4705,0.6441,0.4705,0.6408,0.4705,0.6377,0.4705,0.6345
2021-11-03 18:30:00,2021-11-03 19:10:00,2021-11-03 19:11:00,-0.0003876831629852,0.0004092975162103,382,2021-11-03,FALSE,FALSE,FALSE,FALSE,-0.0001146345842448210,Negative,Negative,0.4957,0.6193,0.4774,0.6137,0.4552,0.6085,0.4552,0.6035,0.4552,0.5988,0.4552,0.5945,0.4552,0.5906
2021-11-03 18:30:00,2021-11-03 19:11:00,2021-11-03 19:12:00,0.0001722745524525,0.000689491715326,383,2021-11-03,FALSE,FALSE,FALSE,FALSE,-0.0001146345842448210,Negative,Positive,0.5023,0.6636,0.4815,0.6564,0.4614,0.6507,0.4614,0.646,0.4614,0.6418,0.4614,0.6379,0.4614,0.6337
2021-11-03 18:30:00,2021-11-03 19:12:00,2021-11-03 19:13:00,0.0004093448557492,0.0002585538222873,384,2021-11-03,FALSE,FALSE,FALSE,FALSE,-0.0001146345842448210,Negative,Positive,0.4788,0.5706,0.4645,0.5674,0.4475,0.5643,0.4475,0.5614,0.4475,0.5587,0.4475,0.5558,0.4475,0.5527
2021-11-03 18:30:00,2021-11-03 19:13:00,2021-11-03 19:14:00,-0.0004093225839076,0.0005602120187024,385,2021-11-03,FALSE,FALSE,FALSE,FALSE,-0.0001146345842448210,Negative,Negative,0.4513,0.5572,0.4345,0.5509,0.4148,0.5453,0.4148,0.54,0.4148,0.535,0.4148,0.5306,0.4148,0.5264
2021-11-03 18:30:00,2021-11-03 19:14:00,2021-11-03 19:15:00,0.0001938494678675,0.0003446864430513,386,2021-11-03,FALSE,FALSE,FALSE,FALSE,-0.0001146345842448210,Negative,Positive,0.4702,0.6293,0.4505,0.6208,0.4299,0.6131,0.4299,0.6062,0.4299,0.5999,0.4299,0.5942,0.4299,0.5892
2021-11-03 18:30:00,2021-11-03 19:15:00,2021-11-03 19:16:00,-0.0002584628643783,0.0003877889566322,387,2021-11-03,FALSE,FALSE,FALSE,FALSE,-0.0001146345842448210,Negative,Negative,0.3996,0.4592,0.3804,0.4534,0.3593,0.4481,0.3593,0.4427,0.3593,0.4378,0.3593,0.4337,0.3593,0.43
2021-11-03 18:30:00,2021-11-03 19:16:00,2021-11-03 19:17:00,6.4600406002407E-05,0.0003447161477971,388,2021-11-03,FALSE,FALSE,FALSE,FALSE,-0.0001146345842448210,Negative,Positive,0.4758,0.5328,0.4605,0.5273,0.4441,0.5222,0.4441,0.5176,0.4441,0.5137,0.4441,0.51,0.4441,0.5066
2021-11-03 18:30:00,2021-11-03 19:17:00,2021-11-03 19:18:00,0.000172335796619,0.0002154336679735,389,2021-11-03,FALSE,FALSE,FALSE,FALSE,-0.0001146345842448210,Negative,Positive,0.4782,0.5725,0.4606,0.5648,0.4393,0.5584,0.4393,0.5531,0.4393,0.5484,0.4393,0.5443,0.4393,0.5405
2021-11-03 18:30:00,2021-11-03 19:18:00,2021-11-03 19:19:00,-0.0003554346915632,0.0004044715547891,390,2021-11-03,FALSE,FALSE,FALSE,FALSE,-0.0001146345842448210,Negative,Negative,0.3539,0.4791,0.3421,0.4712,0.3278,0.4636,0.3278,0.457,0.3278,0.4512,0.3278,0.4462,0.3278,0.4417
2021-11-03 18:30:00,2021-11-03 19:19:00,2021-11-03 19:20:00,-1.08429285508E-05,0.0004956255656596,391,2021-11-03,FALSE,FALSE,FALSE,FALSE,-0.0001146345842448210,Negative,Negative,0.3625,0.47,0.3513,0.4621,0.3381,0.4551,0.3381,0.4486,0.3381,0.4423,0.3381,0.4365,0.3381,0.4314
2021-11-03 18:30:00,2021-11-03 19:20:00,2021-11-03 19:21:00,0.0005387322728482,0.0004742094712563,392,2021-11-03,FALSE,FALSE,FALSE,FALSE,-0.0001146345842448210,Negative,Positive,0.3398,0.5076,0.3313,0.4911,0.3165,0.4783,0.3165,0.4683,0.3165,0.46,0.3165,0.4529,0.3165,0.4468
2021-11-03 18:30:00,2021-11-03 19:21:00,2021-11-03 19:22:00,-0.0003017194957049,0.0003987541626701,393,2021-11-03,FALSE,FALSE,FALSE,FALSE,-0.0001146345842448210,Negative,Negative,0.3658,0.5016,0.355,0.4953,0.3417,0.4895,0.3417,0.4842,0.3417,0.479,0.3417,0.4742,0.3417,0.4695
2021-11-03 18:30:00,2021-11-03 19:22:00,2021-11-03 19:23:00,0.0002197800526639,0.0002370229912301,394,2021-11-03,FALSE,FALSE,FALSE,FALSE,-0.0001146345842448210,Negative,Positive,0.3664,0.6019,0.3457,0.5894,0.3205,0.58,0.3205,0.5724,0.3205,0.566,0.3205,0.5602,0.3205,0.5549
2021-11-03 18:30:00,2021-11-03 19:23:00,2021-11-03 19:24:00,-7.17706241529E-05,0.0003770982825867,395,2021-11-03,FALSE,FALSE,FALSE,FALSE,-0.0001146345842448210,Negative,Negative,0.3712,0.5451,0.3544,0.5368,0.3402,0.5295,0.3402,0.5227,0.3402,0.5164,0.3402,0.5104,0.3402,0.5049
2021-11-03 18:30:00,2021-11-03 19:24:00,2021-11-03 19:25:00,-5.10635801430559E-05,0.0003555306564387,396,2021-11-03,FALSE,FALSE,FALSE,FALSE,-0.0001146345842448210,Negative,Negative,0.3955,0.5664,0.3742,0.5592,0.3531,0.5532,0.3531,0.5478,0.3531,0.5418,0.3531,0.5364,0.3531,0.5311
2021-11-03 18:30:00,2021-11-03 19:25:00,2021-11-03 19:25:36,-0.0006138836332624,0.0002693123916017,397,2021-11-03,FALSE,FALSE,FALSE,FALSE,-0.0001146345842448210,Negative,Negative,0.3936,0.51,0.3796,0.5028,0.3641,0.4966,0.3641,0.4911,0.3641,0.4862,0.3641,0.4812,0.3641,0.4767
2021-12-15 18:30:00,2021-12-15 18:30:00,2021-12-15 18:31:00,0.0004671929121576,0.0004003765703959,398,2021-12-15,FALSE,FALSE,FALSE,FALSE,-0.0003140408535454440,Negative,Positive,0.582,0.6614,0.5495,0.655,0.5331,0.6492,0.5331,0.6442,0.5331,0.6402,0.5331,0.6365,0.5331,0.6329
2021-12-15 18:30:00,2021-12-15 18:31:00,2021-12-15 18:32:00,-0.0001967999821713,0.0005085259240024,399,2021-12-15,FALSE,FALSE,FALSE,FALSE,-0.0003140408535454440,Negative,Negative,0.4878,0.5965,0.4625,0.5916,0.4526,0.5871,0.4526,0.5824,0.4526,0.5779,0.4526,0.5739,0.4526,0.5699
2021-12-15 18:30:00,2021-12-15 18:32:00,2021-12-15 18:33:00,-0.0002379355843481,0.0003244856901811,400,2021-12-15,FALSE,FALSE,FALSE,FALSE,-0.0003140408535454440,Negative,Negative,0.4233,0.54,0.3958,0.5302,0.3839,0.5213,0.3839,0.514,0.3839,0.5079,0.3839,0.5025,0.3839,0.4978
2021-12-15 18:30:00,2021-12-15 18:33:00,2021-12-15 18:34:00,-0.0002162536222482,0.0003136220097764,401,2021-12-15,FALSE,FALSE,FALSE,FALSE,-0.0003140408535454440,Negative,Negative,0.4976,0.6481,0.4662,0.6419,0.454,0.6368,0.454,0.6317,0.454,0.6269,0.454,0.6227,0.454,0.6188
2021-12-15 18:30:00,2021-12-15 18:34:00,2021-12-15 18:35:00,0.0003243991428607,0.0002811905173905,402,2021-12-15,FALSE,FALSE,FALSE,FALSE,-0.0003140408535454440,Negative,Positive,0.4843,0.635,0.4511,0.6286,0.4359,0.6233,0.4359,0.6185,0.4359,0.6141,0.4359,0.6098,0.4359,0.6059
2021-12-15 18:30:00,2021-12-15 18:35:00,2021-12-15 18:36:00,-4.3265224758287E-05,0.0002163050766801,403,2021-12-15,FALSE,FALSE,FALSE,FALSE,-0.0003140408535454440,Negative,Negative,0.5508,0.6366,0.5168,0.6296,0.5031,0.6239,0.5031,0.6186,0.5031,0.6144,0.5031,0.6105,0.5031,0.6066
2021-12-15 18:30:00,2021-12-15 18:36:00,2021-12-15 18:37:00,4.3251192034987E-05,0.0003677265844689,404,2021-12-15,FALSE,FALSE,FALSE,FALSE,-0.0003140408535454440,Negative,Positive,0.5592,0.6967,0.5268,0.6896,0.5106,0.6833,0.5106,0.6777,0.5106,0.6727,0.5106,0.6681,0.5106,0.6638
2021-12-15 18:30:00,2021-12-15 18:37:00,2021-12-15 18:38:00,-0.0004757467460848,0.0002809376960642,405,2021-12-15,FALSE,FALSE,FALSE,FALSE,-0.0003140408535454440,Negative,Negative,0.5158,0.6797,0.4899,0.6713,0.4774,0.6638,0.4774,0.6571,0.4774,0.6506,0.4774,0.6448,0.4774,0.6394
2021-12-15 18:30:00,2021-12-15 18:38:00,2021-12-15 18:39:00,0.000313533724876,0.0004759638267491,406,2021-12-15,FALSE,FALSE,FALSE,FALSE,-0.0003140408535454440,Negative,Positive,0.4731,0.5973,0.4462,0.5904,0.4318,0.5846,0.4318,0.5795,0.4318,0.5746,0.4318,0.5701,0.4318,0.5659
2021-12-15 18:30:00,2021-12-15 18:39:00,2021-12-15 18:40:00,-7.87552414381165E-05,0.0004543487667677,407,2021-12-15,FALSE,FALSE,FALSE,FALSE,-0.0003140408535454440,Negative,Negative,0.5254,0.5595,0.4991,0.5543,0.4867,0.5496,0.4867,0.5459,0.4867,0.5425,0.4867,0.5394,0.4867,0.5366
2021-12-15 18:30:00,2021-12-15 18:40:00,2021-12-15 18:41:00,6.79227857931372E-05,0.0003029581701326,408,2021-12-15,FALSE,FALSE,FALSE,FALSE,-0.0003140408535454440,Negative,Positive,0.4569,0.6036,0.4385,0.5977,0.4299,0.5931,0.4299,0.5891,0.4299,0.5857,0.4299,0.5825,0.4299,0.5796
2021-12-15 18:30:00,2021-12-15 18:41:00,2021-12-15 18:42:00,0.0002596601697755,0.0003571158029152,409,2021-12-15,FALSE,FALSE,FALSE,FALSE,-0.0003140408535454440,Negative,Positive,0.4582,0.5384,0.4364,0.5342,0.4273,0.5307,0.4273,0.5278,0.4273,0.5251,0.4273,0.5225,0.4273,0.5199
2021-12-15 18:30:00,2021-12-15 18:42:00,2021-12-15 18:43:00,0.0001511854982232,0.000259667193214,410,2021-12-15,FALSE,FALSE,FALSE,FALSE,-0.0003140408535454440,Negative,Positive,0.4531,0.6148,0.4314,0.6093,0.4183,0.6048,0.4183,0.6006,0.4183,0.5966,0.4183,0.5928,0.4183,0.5892
2021-12-15 18:30:00,2021-12-15 18:43:00,2021-12-15 18:44:00,-0.0001296546714429,0.0003677822728943,411,2021-12-15,FALSE,FALSE,FALSE,FALSE,-0.0003140408535454440,Negative,Negative,0.5112,0.595,0.486,0.5912,0.4724,0.5879,0.4724,0.5849,0.4724,0.5821,0.4724,0.5795,0.4724,0.577
2021-12-15 18:30:00,2021-12-15 18:44:00,2021-12-15 18:45:00,-0.0003784444292373,0.000421808585427,412,2021-12-15,FALSE,FALSE,FALSE,FALSE,-0.0003140408535454440,Negative,Negative,0.4777,0.5931,0.4501,0.5877,0.4386,0.5836,0.4386,0.5797,0.4386,0.5761,0.4386,0.5727,0.4386,0.5695
2021-12-15 18:30:00,2021-12-15 18:45:00,2021-12-15 18:46:00,0.0001254035108308,0.0003460581810316,413,2021-12-15,FALSE,FALSE,FALSE,FALSE,-0.0003140408535454440,Negative,Positive,0.4042,0.516,0.3809,0.5111,0.3711,0.5066,0.3711,0.5027,0.3711,0.4992,0.3711,0.4959,0.3711,0.4926
2021-12-15 18:30:00,2021-12-15 18:46:00,2021-12-15 18:47:00,0.0001881479938601,0.0001916214287258,414,2021-12-15,FALSE,FALSE,FALSE,FALSE,-0.0003140408535454440,Negative,Positive,0.3943,0.5353,0.3725,0.5258,0.3647,0.5185,0.3647,0.5122,0.3647,0.506,0.3647,0.5007,0.3647,0.4957
2021-12-15 18:30:00,2021-12-15 18:47:00,2021-12-15 18:48:00,-0.0004757364594666,0.0002595211834166,415,2021-12-15,FALSE,FALSE,FALSE,FALSE,-0.0003140408535454440,Negative,Negative,0.4736,0.5766,0.447,0.5713,0.4363,0.5666,0.4363,0.5623,0.4363,0.5585,0.4363,0.5549,0.4363,0.5517
2021-12-15 18:30:00,2021-12-15 18:48:00,2021-12-15 18:49:00,0.0001729388227456,0.0003244576150201,416,2021-12-15,FALSE,FALSE,FALSE,FALSE,-0.0003140408535454440,Negative,Positive,0.3749,0.4602,0.3553,0.4549,0.3477,0.4507,0.3477,0.4472,0.3477,0.444,0.3477,0.4406,0.3477,0.4373
2021-12-15 18:30:00,2021-12-15 18:49:00,2021-12-15 18:50:00,8.65122037278571E-05,0.000237992211164,417,2021-12-15,FALSE,FALSE,FALSE,FALSE,-0.0003140408535454440,Negative,Positive,0.3903,0.495,0.3697,0.4904,0.3602,0.4864,0.3602,0.4823,0.3602,0.4785,0.3602,0.4747,0.3602,0.4711
2021-12-15 18:30:00,2021-12-15 18:50:00,2021-12-15 18:51:00,-8.65449623340571E-05,0.0003459840747792,418,2021-12-15,FALSE,FALSE,FALSE,FALSE,-0.0003140408535454440,Negative,Negative,0.3048,0.4368,0.2843,0.4287,0.2747,0.4216,0.2747,0.4149,0.2747,0.4089,0.2747,0.4037,0.2747,0.3988
2021-12-15 18:30:00,2021-12-15 18:51:00,2021-12-15 18:52:00,-0.0001082208809318,0.0003354579000334,419,2021-12-15,FALSE,FALSE,FALSE,FALSE,-0.0003140408535454440,Negative,Negative,0.395,0.5338,0.3689,0.5272,0.3582,0.5217,0.3582,0.5168,0.3582,0.5126,0.3582,0.5087,0.3582,0.5052
2021-12-15 18:30:00,2021-12-15 18:52:00,2021-12-15 18:53:00,4.32122915928E-05,0.0004543683435795,420,2021-12-15,FALSE,FALSE,FALSE,FALSE,-0.0003140408535454440,Negative,Positive,0.4395,0.5768,0.4231,0.572,0.4165,0.5677,0.4165,0.5636,0.4165,0.56,0.4165,0.5566,0.4165,0.5533
2021-12-15 18:30:00,2021-12-15 18:53:00,2021-12-15 18:54:00,0.0004113107083243,0.0004547226192022,421,2021-12-15,FALSE,FALSE,FALSE,FALSE,-0.0003140408535454440,Negative,Positive,0.4326,0.6295,0.4065,0.6235,0.3954,0.618,0.3954,0.6127,0.3954,0.6075,0.3954,0.6029,0.3954,0.5985
2021-12-15 18:30:00,2021-12-15 18:54:00,2021-12-15 18:55:00,7.57186770407E-05,0.0002381622534479,422,2021-12-15,FALSE,FALSE,FALSE,FALSE,-0.0003140408535454440,Negative,Positive,0.4473,0.6003,0.4256,0.5953,0.4169,0.5899,0.4169,0.585,0.4169,0.581,0.4169,0.5774,0.4169,0.574
2021-12-15 18:30:00,2021-12-15 18:55:00,2021-12-15 18:56:00,-0.0003571358341009,0.0003463578309341,423,2021-12-15,FALSE,FALSE,FALSE,FALSE,-0.0003140408535454440,Negative,Negative,0.4684,0.5991,0.4435,0.594,0.4336,0.5893,0.4336,0.5848,0.4336,0.5806,0.4336,0.5769,0.4336,0.5732
2021-12-15 18:30:00,2021-12-15 18:56:00,2021-12-15 18:57:00,0.0003895654192688,0.0004545552934045,424,2021-12-15,FALSE,FALSE,FALSE,FALSE,-0.0003140408535454440,Negative,Positive,0.396,0.6137,0.3662,0.6068,0.3513,0.6,0.3513,0.5944,0.3513,0.5896,0.3513,0.5851,0.3513,0.5809
2021-12-15 18:30:00,2021-12-15 18:57:00,2021-12-15 18:58:00,2.15237431218E-05,0.000324654243231,425,2021-12-15,FALSE,FALSE,FALSE,FALSE,-0.0003140408535454440,Negative,Positive,0.3943,0.5187,0.3792,0.5161,0.3714,0.5136,0.3714,0.511,0.3714,0.5085,0.3714,0.5062,0.3714,0.5042
2021-12-15 18:30:00,2021-12-15 18:58:00,2021-12-15 18:59:00,0.0002810609067137,0.0007358829513235,426,2021-12-15,FALSE,FALSE,FALSE,FALSE,-0.0003140408535454440,Negative,Positive,0.4948,0.5785,0.4688,0.5706,0.4566,0.5641,0.4566,0.5585,0.4566,0.5535,0.4566,0.549,0.4566,0.545
2021-12-15 18:30:00,2021-12-15 18:59:00,2021-12-15 19:00:00,-0.0038048278186369,0.0010165898816863,427,2021-12-15,TRUE,TRUE,FALSE,FALSE,-0.0003140408535454440,Negative,Negative,0.4212,0.5422,0.3992,0.5359,0.3896,0.5306,0.3896,0.526,0.3896,0.5216,0.3896,0.5173,0.3896,0.5134
2021-12-15 18:30:00,2021-12-15 19:00:00,2021-12-15 19:01:00,0.0035028279538418,0.0042106177019577,428,2021-12-15,TRUE,TRUE,FALSE,FALSE,-0.0003140408535454440,Negative,Positive,0.4007,0.5393,0.379,0.5331,0.3677,0.5276,0.3677,0.5229,0.3677,0.5188,0.3677,0.5148,0.3677,0.5113
2021-12-15 18:30:00,2021-12-15 19:01:00,2021-12-15 19:02:00,0.0008020063247856,0.003168334020529,429,2021-12-15,FALSE,FALSE,FALSE,FALSE,-0.0003140408535454440,Negative,Positive,0.3306,0.4526,0.3081,0.4445,0.2999,0.4379,0.2999,0.4322,0.2999,0.4273,0.2999,0.423,0.2999,0.4192
2021-12-15 18:30:00,2021-12-15 19:02:00,2021-12-15 19:03:00,0.0023590331316062,0.0021475520076357,430,2021-12-15,TRUE,FALSE,FALSE,FALSE,-0.0003140408535454440,Negative,Positive,0.3901,0.5216,0.3697,0.5149,0.3602,0.5094,0.3602,0.5047,0.3602,0.5008,0.3602,0.4975,0.3602,0.4943
2021-12-15 18:30:00,2021-12-15 19:03:00,2021-12-15 19:04:00,-0.0023640909891815,0.0040068441229343,431,2021-12-15,TRUE,FALSE,FALSE,FALSE,-0.0003140408535454440,Negative,Negative,0.4612,0.5705,0.4423,0.5643,0.4344,0.5588,0.4344,0.5543,0.4344,0.5505,0.4344,0.547,0.4344,0.5438
2021-12-15 18:30:00,2021-12-15 19:04:00,2021-12-15 19:05:00,0.0002358711887419,0.0015975820379965,432,2021-12-15,FALSE,FALSE,FALSE,FALSE,-0.0003140408535454440,Negative,Positive,0.3645,0.5174,0.3394,0.5107,0.3286,0.5047,0.3286,0.4991,0.3286,0.4939,0.3286,0.4893,0.3286,0.4852
2021-12-15 18:30:00,2021-12-15 19:05:00,2021-12-15 19:06:00,-0.0018530375057069,0.001509010951108,433,2021-12-15,TRUE,FALSE,FALSE,FALSE,-0.0003140408535454440,Negative,Negative,0.3382,0.4812,0.3142,0.4751,0.3028,0.4692,0.3028,0.464,0.3028,0.4595,0.3028,0.4553,0.3028,0.4514
2021-12-15 18:30:00,2021-12-15 19:06:00,2021-12-15 19:07:00,-0.0001294910533026,0.001400499870723,434,2021-12-15,FALSE,FALSE,FALSE,FALSE,-0.0003140408535454440,Negative,Negative,0.3876,0.5092,0.364,0.5021,0.3534,0.4957,0.3534,0.4898,0.3534,0.4842,0.3534,0.4792,0.3534,0.4749
2021-12-15 18:30:00,2021-12-15 19:07:00,2021-12-15 19:08:00,0.0011849015408832,0.0018551274860865,435,2021-12-15,TRUE,FALSE,FALSE,FALSE,-0.0003140408535454440,Negative,Positive,0.326,0.4946,0.3081,0.488,0.2998,0.4819,0.2998,0.4765,0.2998,0.4716,0.2998,0.4671,0.2998,0.4625
2021-12-15 18:30:00,2021-12-15 19:08:00,2021-12-15 19:09:00,-5.41340458701E-05,0.0009914434122895,436,2021-12-15,FALSE,FALSE,FALSE,FALSE,-0.0003140408535454440,Negative,Negative,0.3777,0.5254,0.3539,0.5161,0.3431,0.5075,0.3431,0.5005,0.3431,0.4945,0.3431,0.4892,0.3431,0.4843
2021-12-15 18:30:00,2021-12-15 19:09:00,2021-12-15 19:10:00,-0.0006461218145432,0.0008617718028265,437,2021-12-15,FALSE,FALSE,FALSE,FALSE,-0.0003140408535454440,Negative,Negative,0.4577,0.6017,0.4374,0.5951,0.4285,0.5897,0.4285,0.5848,0.4285,0.5803,0.4285,0.5761,0.4285,0.5724
2021-12-15 18:30:00,2021-12-15 19:10:00,2021-12-15 19:11:00,0.0013888645495139,0.000635460870689,438,2021-12-15,TRUE,FALSE,FALSE,FALSE,-0.0003140408535454440,Negative,Positive,0.4481,0.6378,0.4189,0.6322,0.4021,0.6268,0.4021,0.6223,0.4021,0.618,0.4021,0.6142,0.4021,0.6104
2021-12-15 18:30:00,2021-12-15 19:11:00,2021-12-15 19:12:00,-0.0007112278478249,0.002022703925097,439,2021-12-15,FALSE,FALSE,FALSE,FALSE,-0.0003140408535454440,Negative,Negative,0.4297,0.5717,0.3947,0.5674,0.3804,0.5633,0.3804,0.5593,0.3804,0.5552,0.3804,0.5516,0.3804,0.5483
2021-12-15 18:30:00,2021-12-15 19:12:00,2021-12-15 19:13:00,0.0001072388578576,0.001032680019793,440,2021-12-15,FALSE,FALSE,FALSE,FALSE,-0.0003140408535454440,Negative,Positive,0.4733,0.6767,0.4449,0.6715,0.4299,0.6667,0.4299,0.6628,0.4299,0.6595,0.4299,0.6563,0.4299,0.6532
2021-12-15 18:30:00,2021-12-15 19:13:00,2021-12-15 19:14:00,-0.0006448834680325,0.0010105353687378,441,2021-12-15,FALSE,FALSE,FALSE,FALSE,-0.0003140408535454440,Negative,Negative,0.4244,0.5567,0.3977,0.5528,0.387,0.5491,0.387,0.5455,0.387,0.5424,0.387,0.5394,0.387,0.5365
2021-12-15 18:30:00,2021-12-15 19:14:00,2021-12-15 19:15:00,-0.0010311493018259,0.0007308056057088,442,2021-12-15,TRUE,FALSE,FALSE,FALSE,-0.0003140408535454440,Negative,Negative,0.3712,0.4373,0.3516,0.4334,0.342,0.4299,0.342,0.4268,0.342,0.4239,0.342,0.4211,0.342,0.4185
2021-12-15 18:30:00,2021-12-15 19:15:00,2021-12-15 19:16:00,0.001203165976057,0.0012690082377991,443,2021-12-15,TRUE,FALSE,FALSE,FALSE,-0.0003140408535454440,Negative,Positive,0.3172,0.3711,0.2938,0.3663,0.2836,0.362,0.2836,0.3583,0.2836,0.3551,0.2836,0.3521,0.2836,0.3496
2021-12-15 18:30:00,2021-12-15 19:16:00,2021-12-15 19:17:00,-0.0002580381597414,0.0006882164440716,444,2021-12-15,FALSE,FALSE,FALSE,FALSE,-0.0003140408535454440,Negative,Negative,0.3232,0.4069,0.3073,0.4016,0.3,0.3974,0.3,0.3938,0.3,0.3907,0.3,0.3878,0.3,0.3851
2021-12-15 18:30:00,2021-12-15 19:17:00,2021-12-15 19:18:00,0.0008708543340694,0.0008601780568578,445,2021-12-15,FALSE,FALSE,FALSE,FALSE,-0.0003140408535454440,Negative,Positive,0.3018,0.4046,0.2853,0.3992,0.2784,0.394,0.2784,0.3888,0.2784,0.3842,0.2784,0.3804,0.2784,0.3771
2021-12-15 18:30:00,2021-12-15 19:18:00,2021-12-15 19:19:00,-0.0008278070955123,0.0011073958994097,446,2021-12-15,FALSE,FALSE,FALSE,FALSE,-0.0003140408535454440,Negative,Negative,0.4503,0.5773,0.4314,0.5696,0.4241,0.5633,0.4241,0.5577,0.4241,0.5527,0.4241,0.5486,0.4241,0.5448
2021-12-15 18:30:00,2021-12-15 19:19:00,2021-12-15 19:20:00,-0.0010743243358124,0.0004298764105319,447,2021-12-15,TRUE,FALSE,FALSE,FALSE,-0.0003140408535454440,Negative,Negative,0.4199,0.5852,0.3946,0.5793,0.3818,0.5748,0.3818,0.5712,0.3818,0.5681,0.3818,0.565,0.3818,0.5623
2021-12-15 18:30:00,2021-12-15 19:20:00,2021-12-15 19:21:00,0.000794606019068,0.0012906834168692,448,2021-12-15,FALSE,FALSE,FALSE,FALSE,-0.0003140408535454440,Negative,Positive,0.4891,0.6435,0.4645,0.637,0.4513,0.6314,0.4513,0.6267,0.4513,0.6221,0.4513,0.6178,0.4513,0.6134
2021-12-15 18:30:00,2021-12-15 19:21:00,2021-12-15 19:22:00,-0.0004089506298843,0.0009900563901682,449,2021-12-15,FALSE,FALSE,FALSE,FALSE,-0.0003140408535454440,Negative,Negative,0.408,0.4928,0.3915,0.4886,0.3848,0.485,0.3848,0.4815,0.3848,0.4783,0.3848,0.4754,0.3848,0.4725
2021-12-15 18:30:00,2021-12-15 19:22:00,2021-12-15 19:23:00,0.0005593145010025,0.0010767739851405,450,2021-12-15,FALSE,FALSE,FALSE,FALSE,-0.0003140408535454440,Negative,Positive,0.4178,0.5217,0.403,0.5162,0.3969,0.5116,0.3969,0.5076,0.3969,0.504,0.3969,0.5009,0.3969,0.498
2021-12-15 18:30:00,2021-12-15 19:23:00,2021-12-15 19:24:00,-2.15762966038E-05,0.0006246634356489,451,2021-12-15,FALSE,FALSE,FALSE,FALSE,-0.0003140408535454440,Negative,Negative,0.4457,0.615,0.422,0.6077,0.4095,0.6018,0.4095,0.5967,0.4095,0.5914,0.4095,0.5865,0.4095,0.5822
2021-12-15 18:30:00,2021-12-15 19:24:00,2021-12-15 19:25:00,-0.0008186943399687,0.0006678443707182,452,2021-12-15,FALSE,FALSE,FALSE,FALSE,-0.0003140408535454440,Negative,Negative,0.4273,0.619,0.4001,0.6126,0.3883,0.607,0.3883,0.6017,0.3883,0.5967,0.3883,0.5919,0.3883,0.5877
2021-12-15 18:30:00,2021-12-15 19:25:00,2021-12-15 19:26:00,0.0009909512014945,0.0014666551634889,453,2021-12-15,FALSE,FALSE,FALSE,FALSE,-0.0003140408535454440,Negative,Positive,0.495,0.6252,0.4728,0.618,0.4637,0.6119,0.4637,0.6067,0.4637,0.6025,0.4637,0.5987,0.4637,0.5953
2021-12-15 18:30:00,2021-12-15 19:26:00,2021-12-15 19:27:00,-0.0008841932958896,0.0006039689387402,454,2021-12-15,FALSE,FALSE,FALSE,FALSE,-0.0003140408535454440,Negative,Negative,0.3947,0.5415,0.375,0.5372,0.3664,0.5337,0.3664,0.5305,0.3664,0.5276,0.3664,0.5245,0.3664,0.5214
2021-12-15 18:30:00,2021-12-15 19:27:00,2021-12-15 19:28:00,0.0008841532637837,0.0014678582221646,455,2021-12-15,FALSE,FALSE,FALSE,FALSE,-0.0003140408535454440,Negative,Positive,0.398,0.4549,0.3846,0.4502,0.3778,0.4454,0.3778,0.4415,0.3778,0.4381,0.3778,0.4349,0.3778,0.4319
2021-12-15 18:30:00,2021-12-15 19:28:00,2021-12-15 19:29:00,0.0009282217050984,0.0006263498920086,456,2021-12-15,FALSE,FALSE,FALSE,FALSE,-0.0003140408535454440,Negative,Positive,0.4904,0.618,0.4667,0.6113,0.4547,0.606,0.4547,0.6017,0.4547,0.5976,0.4547,0.5941,0.4547,0.5906
2021-12-15 18:30:00,2021-12-15 19:29:00,2021-12-15 19:30:00,-0.0009713176588279,0.0012736378551074,457,2021-12-15,FALSE,FALSE,FALSE,FALSE,-0.0003140408535454440,Negative,Negative,0.3312,0.4749,0.3154,0.4696,0.3086,0.465,0.3086,0.4606,0.3086,0.4567,0.3086,0.453,0.3086,0.4496
2021-12-15 18:30:00,2021-12-15 19:30:00,2021-12-15 19:30:54,0.0008950225236815,0.0005177881814847,458,2021-12-15,FALSE,FALSE,FALSE,FALSE,-0.0003140408535454440,Negative,Positive,0.4347,0.5654,0.418,0.5604,0.409,0.5563,0.409,0.5529,0.409,0.5497,0.409,0.5464,0.409,0.5434
2022-01-26 18:30:00,2022-01-26 18:30:00,2022-01-26 18:31:00,-0.0005444332309605,0.001135022246436,459,2022-01-26,FALSE,FALSE,FALSE,FALSE,0.0003175986926235,Positive,Negative,0.5593,0.6644,0.5205,0.6562,0.5116,0.6496,0.5116,0.6429,0.5116,0.6362,0.5116,0.6296,0.5116,0.6238
2022-01-26 18:30:00,2022-01-26 18:31:00,2022-01-26 18:32:00,0.0002494742496297,0.0004989906779469,460,2022-01-26,FALSE,FALSE,FALSE,FALSE,0.0003175986926235,Positive,Positive,0.3857,0.4937,0.3541,0.4877,0.3463,0.4822,0.3463,0.4773,0.3463,0.4732,0.3463,0.4694,0.3463,0.4659
2022-01-26 18:30:00,2022-01-26 18:32:00,2022-01-26 18:33:00,-0.0009071302728518,0.0003175827416465,461,2022-01-26,FALSE,FALSE,FALSE,FALSE,0.0003175986926235,Positive,Negative,0.3978,0.4932,0.3675,0.4868,0.3589,0.4806,0.3589,0.4747,0.3589,0.469,0.3589,0.4637,0.3589,0.4588
2022-01-26 18:30:00,2022-01-26 18:33:00,2022-01-26 18:34:00,0.0010207102143776,0.0008965556375192,462,2022-01-26,TRUE,FALSE,FALSE,FALSE,0.0003175986926235,Positive,Positive,0.4481,0.5362,0.4143,0.5278,0.4054,0.5206,0.4054,0.5141,0.4054,0.5088,0.4054,0.504,0.4054,0.4996
2022-01-26 18:30:00,2022-01-26 18:34:00,2022-01-26 18:35:00,-0.0007282329222857,0.0005107889987401,463,2022-01-26,FALSE,FALSE,FALSE,FALSE,0.0003175986926235,Positive,Negative,0.4444,0.6157,0.4067,0.6076,0.3983,0.5993,0.3983,0.5922,0.3983,0.5855,0.3983,0.5788,0.3983,0.572
2022-01-26 18:30:00,2022-01-26 18:35:00,2022-01-26 18:36:00,0.0007055979183731,0.0009762964308419,464,2022-01-26,FALSE,FALSE,FALSE,FALSE,0.0003175986926235,Positive,Positive,0.5239,0.677,0.4952,0.6701,0.4862,0.664,0.4862,0.6587,0.4862,0.6536,0.4862,0.6487,0.4862,0.6433
2022-01-26 18:30:00,2022-01-26 18:36:00,2022-01-26 18:37:00,-0.0002383790232601,0.0007721306263342,465,2022-01-26,FALSE,FALSE,FALSE,FALSE,0.0003175986926235,Positive,Negative,0.5199,0.5969,0.4838,0.5897,0.4757,0.5836,0.4757,0.5777,0.4757,0.5726,0.4757,0.5675,0.4757,0.5626
2022-01-26 18:30:00,2022-01-26 18:37:00,2022-01-26 18:38:00,5.67445428784293E-05,0.0008513536523071,466,2022-01-26,FALSE,FALSE,FALSE,FALSE,0.0003175986926235,Positive,Positive,0.5024,0.592,0.4732,0.5831,0.4666,0.5759,0.4666,0.5698,0.4666,0.5642,0.4666,0.559,0.4666,0.5544
2022-01-26 18:30:00,2022-01-26 18:38:00,2022-01-26 18:39:00,-0.0001134862523314,0.0008629695235501,467,2022-01-26,FALSE,FALSE,FALSE,FALSE,0.0003175986926235,Positive,Negative,0.4599,0.6778,0.433,0.6702,0.4281,0.664,0.4281,0.6575,0.4281,0.65,0.4281,0.6427,0.4281,0.6361
2022-01-26 18:30:00,2022-01-26 18:39:00,2022-01-26 18:40:00,0.0001134862523314,0.0003859426080638,468,2022-01-26,FALSE,FALSE,FALSE,FALSE,0.0003175986926235,Positive,Positive,0.4967,0.6369,0.4706,0.6293,0.4648,0.6224,0.4648,0.6157,0.4648,0.609,0.4648,0.6031,0.4648,0.5974
2022-01-26 18:30:00,2022-01-26 18:40:00,2022-01-26 18:41:00,0.0002950722927117,0.0006130790190736,469,2022-01-26,FALSE,FALSE,FALSE,FALSE,0.0003175986926235,Positive,Positive,0.5112,0.642,0.4792,0.634,0.4717,0.6271,0.4717,0.6215,0.4717,0.6165,0.4717,0.6113,0.4717,0.606
2022-01-26 18:30:00,2022-01-26 18:41:00,2022-01-26 18:42:00,-5.68476729173E-05,0.0007263812593634,470,2022-01-26,FALSE,FALSE,FALSE,FALSE,0.0003175986926235,Positive,Negative,0.4174,0.572,0.392,0.5663,0.3815,0.5608,0.3815,0.5556,0.3815,0.5503,0.3815,0.545,0.3815,0.5402
2022-01-26 18:30:00,2022-01-26 18:42:00,2022-01-26 18:43:00,-0.0005898400187052,0.000476525448728,471,2022-01-26,FALSE,FALSE,FALSE,FALSE,0.0003175986926235,Positive,Negative,0.423,0.6177,0.3917,0.6087,0.3843,0.6014,0.3843,0.5954,0.3843,0.5894,0.3843,0.5837,0.3843,0.578
2022-01-26 18:30:00,2022-01-26 18:43:00,2022-01-26 18:44:00,0.0004083229901389,0.0005559526646017,472,2022-01-26,FALSE,FALSE,FALSE,FALSE,0.0003175986926235,Positive,Positive,0.4581,0.5553,0.4421,0.5469,0.4374,0.5402,0.4374,0.5346,0.4374,0.5296,0.4374,0.5253,0.4374,0.5214
2022-01-26 18:30:00,2022-01-26 18:44:00,2022-01-26 18:45:00,-0.0007146538072652,0.0005216345608422,473,2022-01-26,FALSE,FALSE,FALSE,FALSE,0.0003175986926235,Positive,Negative,0.4349,0.4611,0.4193,0.4546,0.4155,0.449,0.4155,0.4442,0.4155,0.4399,0.4155,0.4359,0.4155,0.4323
2022-01-26 18:30:00,2022-01-26 18:45:00,2022-01-26 18:46:00,0.0003855408761907,0.0009541113753598,474,2022-01-26,FALSE,FALSE,FALSE,FALSE,0.0003175986926235,Positive,Positive,0.5273,0.6272,0.4926,0.6207,0.4859,0.6151,0.4859,0.6105,0.4859,0.606,0.4859,0.602,0.4859,0.598
2022-01-26 18:30:00,2022-01-26 18:46:00,2022-01-26 18:47:00,0.0007265327849227,0.0006130650984309,475,2022-01-26,FALSE,FALSE,FALSE,FALSE,0.0003175986926235,Positive,Positive,0.4332,0.5378,0.4134,0.5323,0.4046,0.5279,0.4046,0.5242,0.4046,0.5206,0.4046,0.5169,0.4046,0.5134
2022-01-26 18:30:00,2022-01-26 18:47:00,2022-01-26 18:48:00,-0.0003633545148272,0.0007038735752236,476,2022-01-26,FALSE,FALSE,FALSE,FALSE,0.0003175986926235,Positive,Negative,0.5101,0.6721,0.4839,0.6662,0.4783,0.661,0.4783,0.6561,0.4783,0.6519,0.4783,0.6479,0.4783,0.6442
2022-01-26 18:30:00,2022-01-26 18:48:00,2022-01-26 18:49:00,-0.0001134759496826,0.0004766660613763,477,2022-01-26,FALSE,FALSE,FALSE,FALSE,0.0003175986926235,Positive,Negative,0.4363,0.5146,0.412,0.5101,0.4061,0.5056,0.4061,0.5014,0.4061,0.4975,0.4061,0.4939,0.4061,0.4904
2022-01-26 18:30:00,2022-01-26 18:49:00,2022-01-26 18:50:00,-0.0002496147474974,0.0003858374943258,478,2022-01-26,FALSE,FALSE,FALSE,FALSE,0.0003175986926235,Positive,Negative,0.4882,0.5994,0.4637,0.5917,0.4565,0.5847,0.4565,0.5786,0.4565,0.573,0.4565,0.5679,0.4565,0.563
2022-01-26 18:30:00,2022-01-26 18:50:00,2022-01-26 18:51:00,0.0003177114435449,0.0006130650984309,479,2022-01-26,FALSE,FALSE,FALSE,FALSE,0.0003175986926235,Positive,Positive,0.482,0.6139,0.4523,0.6054,0.4453,0.5984,0.4453,0.592,0.4453,0.5858,0.4453,0.5804,0.4453,0.5756
2022-01-26 18:30:00,2022-01-26 18:51:00,2022-01-26 18:52:00,0.0001361789693498,0.0004993531107429,480,2022-01-26,FALSE,FALSE,FALSE,FALSE,0.0003175986926235,Positive,Positive,0.4457,0.6005,0.4119,0.5937,0.4041,0.5875,0.4041,0.5819,0.4041,0.5771,0.4041,0.5729,0.4041,0.5692
2022-01-26 18:30:00,2022-01-26 18:52:00,2022-01-26 18:53:00,0.000718821173981,0.0006583278472679,481,2022-01-26,FALSE,FALSE,FALSE,FALSE,0.0003175986926235,Positive,Positive,0.4568,0.6118,0.4263,0.6071,0.4196,0.6032,0.4196,0.5999,0.4196,0.5966,0.4196,0.5928,0.4196,0.5893
2022-01-26 18:30:00,2022-01-26 18:53:00,2022-01-26 18:54:00,-0.0009231184470808,0.0011346101479531,482,2022-01-26,FALSE,FALSE,FALSE,FALSE,0.0003175986926235,Positive,Negative,0.4323,0.4698,0.4076,0.4625,0.4024,0.4565,0.4024,0.4514,0.4024,0.4466,0.4024,0.4423,0.4024,0.4382
2022-01-26 18:30:00,2022-01-26 18:54:00,2022-01-26 18:55:00,-0.0002040399918383,0.0005216129178573,483,2022-01-26,FALSE,FALSE,FALSE,FALSE,0.0003175986926235,Positive,Negative,0.3499,0.39,0.3363,0.3827,0.3333,0.3768,0.3333,0.3716,0.3333,0.3672,0.3333,0.3633,0.3333,0.3595
2022-01-26 18:30:00,2022-01-26 18:55:00,2022-01-26 18:56:00,0.0003174202183383,0.0003016098710335,484,2022-01-26,FALSE,FALSE,FALSE,FALSE,0.0003175986926235,Positive,Positive,0.461,0.5858,0.4375,0.5803,0.4275,0.5753,0.4275,0.5701,0.4275,0.5651,0.4275,0.5604,0.4275,0.5563
2022-01-26 18:30:00,2022-01-26 18:56:00,2022-01-26 18:57:00,0.0001813729916031,0.0002932367096074,485,2022-01-26,FALSE,FALSE,FALSE,FALSE,0.0003175986926235,Positive,Positive,0.4842,0.5986,0.4579,0.5907,0.4492,0.5841,0.4492,0.5772,0.4492,0.5709,0.4492,0.5653,0.4492,0.5604
2022-01-26 18:30:00,2022-01-26 18:57:00,2022-01-26 18:58:00,-0.0013373930492664,0.0008163820668071,486,2022-01-26,TRUE,FALSE,FALSE,FALSE,0.0003175986926235,Positive,Negative,0.4423,0.5666,0.4268,0.5609,0.4237,0.5558,0.4237,0.5512,0.4237,0.5463,0.4237,0.5414,0.4237,0.5365
2022-01-26 18:30:00,2022-01-26 18:58:00,2022-01-26 18:59:00,0.0010426583495298,0.0012084215064987,487,2022-01-26,TRUE,FALSE,FALSE,FALSE,0.0003175986926235,Positive,Positive,0.4579,0.5897,0.4372,0.5828,0.4322,0.5768,0.4322,0.5718,0.4322,0.5673,0.4322,0.5633,0.4322,0.5597
2022-01-26 18:30:00,2022-01-26 18:59:00,2022-01-26 19:00:00,0.0016327066092145,0.000544736483726,488,2022-01-26,TRUE,FALSE,FALSE,FALSE,0.0003175986926235,Positive,Positive,0.4564,0.5972,0.426,0.5898,0.4175,0.5839,0.4175,0.5781,0.4175,0.5726,0.4175,0.5676,0.4175,0.5628
2022-01-26 18:30:00,2022-01-26 19:00:00,2022-01-26 19:01:00,0.0007230213217316,0.0055165838043996,489,2022-01-26,FALSE,FALSE,FALSE,FALSE,0.0003175986926235,Positive,Positive,0.4129,0.5417,0.3862,0.5378,0.3774,0.5344,0.3774,0.5303,0.3774,0.5264,0.3774,0.523,0.3774,0.5198
2022-01-26 18:30:00,2022-01-26 19:01:00,2022-01-26 19:02:00,0.0007400855589861,0.0041946308724831,490,2022-01-26,FALSE,FALSE,FALSE,FALSE,0.0003175986926235,Positive,Positive,0.3882,0.4958,0.3696,0.4907,0.3656,0.4864,0.3656,0.4821,0.3656,0.478,0.3656,0.4741,0.3656,0.4705
2022-01-26 18:30:00,2022-01-26 19:02:00,2022-01-26 19:03:00,-0.0060920788433122,0.003457627118644,491,2022-01-26,TRUE,TRUE,TRUE,FALSE,0.0003175986926235,Positive,Negative,0.4409,0.5747,0.4122,0.5673,0.4061,0.5611,0.4061,0.5555,0.4061,0.5499,0.4061,0.5448,0.4061,0.5401
2022-01-26 18:30:00,2022-01-26 19:03:00,2022-01-26 19:04:00,0.0028606145608573,0.0043881474779461,492,2022-01-26,TRUE,TRUE,FALSE,FALSE,0.0003175986926235,Positive,Positive,0.4694,0.665,0.4416,0.6604,0.434,0.6563,0.434,0.6513,0.434,0.6452,0.434,0.6391,0.434,0.6338
2022-01-26 18:30:00,2022-01-26 19:04:00,2022-01-26 19:05:00,0.0016945961226033,0.0019901847705633,493,2022-01-26,TRUE,FALSE,FALSE,FALSE,0.0003175986926235,Positive,Positive,0.4696,0.6337,0.4341,0.6282,0.4245,0.6233,0.4245,0.6185,0.4245,0.6143,0.4245,0.6101,0.4245,0.606
2022-01-26 18:30:00,2022-01-26 19:05:00,2022-01-26 19:06:00,-0.0005214048661634,0.00203408217692,494,2022-01-26,FALSE,FALSE,FALSE,FALSE,0.0003175986926235,Positive,Negative,0.4847,0.5904,0.4548,0.5834,0.4489,0.5772,0.4489,0.5713,0.4489,0.5658,0.4489,0.5609,0.4489,0.5564
2022-01-26 18:30:00,2022-01-26 19:06:00,2022-01-26 19:07:00,-0.002615089591778,0.0015459089831981,495,2022-01-26,TRUE,TRUE,FALSE,FALSE,0.0003175986926235,Positive,Negative,0.4246,0.6322,0.3986,0.6225,0.3926,0.6127,0.3926,0.6043,0.3926,0.5954,0.3926,0.5875,0.3926,0.5802
2022-01-26 18:30:00,2022-01-26 19:07:00,2022-01-26 19:08:00,0.001938563370185,0.0028459140804986,496,2022-01-26,TRUE,FALSE,FALSE,FALSE,0.0003175986926235,Positive,Positive,0.4146,0.5493,0.3831,0.5427,0.3756,0.5372,0.3756,0.5316,0.3756,0.5257,0.3756,0.5206,0.3756,0.5162
2022-01-26 18:30:00,2022-01-26 19:08:00,2022-01-26 19:09:00,-0.0026399197456297,0.0009367945823928,497,2022-01-26,TRUE,TRUE,FALSE,FALSE,0.0003175986926235,Positive,Negative,0.448,0.5593,0.4212,0.554,0.4146,0.5487,0.4146,0.5441,0.4146,0.5401,0.4146,0.5361,0.4146,0.5322
2022-01-26 18:30:00,2022-01-26 19:09:00,2022-01-26 19:10:00,0.0014873851757772,0.0028502918155906,498,2022-01-26,TRUE,FALSE,FALSE,FALSE,0.0003175986926235,Positive,Positive,0.2908,0.4987,0.2591,0.4894,0.251,0.4807,0.251,0.4727,0.251,0.4658,0.251,0.4595,0.251,0.4536
2022-01-26 18:30:00,2022-01-26 19:10:00,2022-01-26 19:11:00,-0.0013582992596312,0.00230837124041,499,2022-01-26,TRUE,FALSE,FALSE,FALSE,0.0003175986926235,Positive,Negative,0.4695,0.589,0.441,0.583,0.4347,0.5774,0.4347,0.5719,0.4347,0.567,0.4347,0.5627,0.4347,0.5588
2022-01-26 18:30:00,2022-01-26 19:11:00,2022-01-26 19:12:00,0.0040547424404466,0.0028131947910522,500,2022-01-26,TRUE,TRUE,FALSE,FALSE,0.0003175986926235,Positive,Positive,0.3774,0.5066,0.3511,0.4979,0.3445,0.4906,0.3445,0.4843,0.3445,0.4792,0.3445,0.4748,0.3445,0.4709
2022-01-26 18:30:00,2022-01-26 19:12:00,2022-01-26 19:13:00,-0.0039873214065087,0.0021998956750503,501,2022-01-26,TRUE,TRUE,FALSE,FALSE,0.0003175986926235,Positive,Negative,0.4976,0.6096,0.4718,0.6036,0.4662,0.5985,0.4662,0.5936,0.4662,0.5889,0.4662,0.5844,0.4662,0.5801
2022-01-26 18:30:00,2022-01-26 19:13:00,2022-01-26 19:14:00,-0.0015693965008617,0.0021548790999409,502,2022-01-26,TRUE,FALSE,FALSE,FALSE,0.0003175986926235,Positive,Negative,0.4736,0.5879,0.4463,0.5804,0.4409,0.5746,0.4409,0.5693,0.4409,0.5646,0.4409,0.5603,0.4409,0.5562
2022-01-26 18:30:00,2022-01-26 19:14:00,2022-01-26 19:15:00,0.0051088331556103,0.005128555798687,503,2022-01-26,TRUE,TRUE,TRUE,FALSE,0.0003175986926235,Positive,Positive,0.3995,0.5251,0.3722,0.5184,0.3648,0.5115,0.3648,0.5053,0.3648,0.4987,0.3648,0.4928,0.3648,0.4873
2022-01-26 18:30:00,2022-01-26 19:15:00,2022-01-26 19:16:00,-0.0027981492612852,0.0023679956283158,504,2022-01-26,TRUE,TRUE,FALSE,FALSE,0.0003175986926235,Positive,Negative,0.4602,0.6204,0.4252,0.6128,0.4158,0.605,0.4158,0.5982,0.4158,0.5922,0.4158,0.5864,0.4158,0.5814
2022-01-26 18:30:00,2022-01-26 19:16:00,2022-01-26 19:17:00,0.0009883810158692,0.0027800565126242,505,2022-01-26,FALSE,FALSE,FALSE,FALSE,0.0003175986926235,Positive,Positive,0.4621,0.5451,0.4357,0.5405,0.4283,0.5361,0.4283,0.5313,0.4283,0.5265,0.4283,0.5223,0.4283,0.5184
2022-01-26 18:30:00,2022-01-26 19:17:00,2022-01-26 19:18:00,0.0024475268541161,0.0020423883318139,506,2022-01-26,TRUE,FALSE,FALSE,FALSE,0.0003175986926235,Positive,Positive,0.3899,0.4901,0.3683,0.4854,0.3629,0.4812,0.3629,0.4774,0.3629,0.4739,0.3629,0.4707,0.3629,0.4676
2022-01-26 18:30:00,2022-01-26 19:18:00,2022-01-26 19:19:00,-0.0029354079092072,0.002825051830588,507,2022-01-26,TRUE,TRUE,FALSE,FALSE,0.0003175986926235,Positive,Negative,0.3627,0.4786,0.3415,0.4727,0.3359,0.467,0.3359,0.4623,0.3359,0.4582,0.3359,0.4544,0.3359,0.4507
2022-01-26 18:30:00,2022-01-26 19:19:00,2022-01-26 19:20:00,0.0006132784452815,0.0013421292083711,508,2022-01-26,FALSE,FALSE,FALSE,FALSE,0.0003175986926235,Positive,Positive,0.3764,0.48,0.3579,0.4747,0.3517,0.4694,0.3517,0.4642,0.3517,0.4594,0.3517,0.4553,0.3517,0.4515
2022-01-26 18:30:00,2022-01-26 19:20:00,2022-01-26 19:21:00,0.0012508109668382,0.0022142531876139,509,2022-01-26,TRUE,FALSE,FALSE,FALSE,0.0003175986926235,Positive,Positive,0.3335,0.4825,0.3163,0.4789,0.3106,0.4755,0.3106,0.4721,0.3106,0.4686,0.3106,0.4652,0.3106,0.462
2022-01-26 18:30:00,2022-01-26 19:21:00,2022-01-26 19:22:00,-0.002386498153621,0.0020715245054519,510,2022-01-26,TRUE,FALSE,FALSE,FALSE,0.0003175986926235,Positive,Negative,0.3333,0.4549,0.3144,0.449,0.3076,0.4437,0.3076,0.4394,0.3076,0.4359,0.3076,0.4328,0.3076,0.43
2022-01-26 18:30:00,2022-01-26 19:22:00,2022-01-26 19:23:00,0.0012948395806472,0.0023216114714919,511,2022-01-26,TRUE,FALSE,FALSE,FALSE,0.0003175986926235,Positive,Positive,0.3901,0.5318,0.369,0.5255,0.3617,0.5199,0.3617,0.5147,0.3617,0.5095,0.3617,0.5049,0.3617,0.5005
2022-01-26 18:30:00,2022-01-26 19:23:00,2022-01-26 19:24:00,0.0010463778812372,0.0017309312865829,512,2022-01-26,TRUE,FALSE,FALSE,FALSE,0.0003175986926235,Positive,Positive,0.4962,0.6175,0.4723,0.6108,0.4644,0.6053,0.4644,0.6006,0.4644,0.5965,0.4644,0.5924,0.4644,0.5887
2022-01-26 18:30:00,2022-01-26 19:24:00,2022-01-26 19:25:00,0.0015441625012179,0.0014331210191082,513,2022-01-26,TRUE,FALSE,FALSE,FALSE,0.0003175986926235,Positive,Positive,0.3726,0.514,0.3444,0.5093,0.3377,0.5054,0.3377,0.5017,0.3377,0.4985,0.3377,0.4956,0.3377,0.4928
2022-01-26 18:30:00,2022-01-26 19:25:00,2022-01-26 19:25:27,0.0,0.0035678574675029,514,2022-01-26,FALSE,FALSE,FALSE,FALSE,0.0003175986926235,Positive,Negative,0.4322,0.5125,0.4137,0.5066,0.4066,0.5021,0.4066,0.498,0.4066,0.4935,0.4066,0.4893,0.4066,0.4855
2022-03-16 18:30:00,2022-03-16 18:30:00,2022-03-16 18:31:00,-0.0002598533568858,0.0012680521310319,515,2022-03-16,FALSE,FALSE,FALSE,FALSE,-0.0006101562743516000,Negative,Negative,0.4883,0.6729,0.4883,0.6658,0.4883,0.6594,0.4883,0.6534,0.4883,0.648,0.4883,0.6432,0.4883,0.6388
2022-03-16 18:30:00,2022-03-16 18:31:00,2022-03-16 18:32:00,0.0019262216774462,0.001834344574573,516,2022-03-16,TRUE,FALSE,FALSE,FALSE,-0.0006101562743516000,Negative,Positive,0.39,0.5727,0.39,0.5669,0.39,0.562,0.39,0.5575,0.39,0.5536,0.39,0.55,0.39,0.5468
2022-03-16 18:30:00,2022-03-16 18:32:00,2022-03-16 18:33:00,-0.0006137292641146,0.0017889508744674,517,2022-03-16,FALSE,FALSE,FALSE,FALSE,-0.0006101562743516000,Negative,Negative,0.4073,0.6223,0.4073,0.6152,0.4073,0.6093,0.4073,0.6034,0.4073,0.5981,0.4073,0.5932,0.4073,0.589
2022-03-16 18:30:00,2022-03-16 18:33:00,2022-03-16 18:34:00,0.0004960192344847,0.0014118975903614,518,2022-03-16,FALSE,FALSE,FALSE,FALSE,-0.0006101562743516000,Negative,Positive,0.4125,0.6322,0.4125,0.6282,0.4125,0.6246,0.4125,0.6213,0.4125,0.6181,0.4125,0.615,0.4125,0.6119
2022-03-16 18:30:00,2022-03-16 18:34:00,2022-03-16 18:35:00,-0.0003056157323134,0.0017419962335216,519,2022-03-16,FALSE,FALSE,FALSE,FALSE,-0.0006101562743516000,Negative,Negative,0.4659,0.7035,0.4659,0.6969,0.4659,0.691,0.4659,0.6861,0.4659,0.6816,0.4659,0.6773,0.4659,0.6731
2022-03-16 18:30:00,2022-03-16 18:35:00,2022-03-16 18:36:00,0.0013159727873513,0.0021181952976065,520,2022-03-16,TRUE,FALSE,FALSE,FALSE,-0.0006101562743516000,Negative,Positive,0.5079,0.602,0.5079,0.597,0.5079,0.5922,0.5079,0.5877,0.5079,0.5835,0.5079,0.5799,0.5079,0.5766
2022-03-16 18:30:00,2022-03-16 18:36:00,2022-03-16 18:37:00,-0.0001895367404976,0.0023745709314902,521,2022-03-16,FALSE,FALSE,FALSE,FALSE,-0.0006101562743516000,Negative,Negative,0.4451,0.6315,0.4451,0.6231,0.4451,0.6161,0.4451,0.6097,0.4451,0.604,0.4451,0.5989,0.4451,0.5941
2022-03-16 18:30:00,2022-03-16 18:37:00,2022-03-16 18:38:00,0.000139205261956,0.0023239878155665,522,2022-03-16,FALSE,FALSE,FALSE,FALSE,-0.0006101562743516000,Negative,Positive,0.4488,0.6693,0.4488,0.6626,0.4488,0.6563,0.4488,0.6511,0.4488,0.6465,0.4488,0.6422,0.4488,0.6384
2022-03-16 18:30:00,2022-03-16 18:38:00,2022-03-16 18:39:00,-9.52949008387E-05,0.0018988231984621,523,2022-03-16,FALSE,FALSE,FALSE,FALSE,-0.0006101562743516000,Negative,Negative,0.4423,0.6356,0.4423,0.6288,0.4423,0.6231,0.4423,0.6181,0.4423,0.6133,0.4423,0.609,0.4423,0.6049
2022-03-16 18:30:00,2022-03-16 18:39:00,2022-03-16 18:40:00,-0.0010067880541584,0.0023194245952721,524,2022-03-16,TRUE,FALSE,FALSE,FALSE,-0.0006101562743516000,Negative,Negative,0.3786,0.5838,0.3786,0.5766,0.3786,0.5709,0.3786,0.5661,0.3786,0.5621,0.3786,0.5585,0.3786,0.5553
2022-03-16 18:30:00,2022-03-16 18:40:00,2022-03-16 18:41:00,0.0008065225087174,0.0013095739207707,525,2022-03-16,FALSE,FALSE,FALSE,FALSE,-0.0006101562743516000,Negative,Positive,0.4328,0.6635,0.4328,0.6577,0.4328,0.6528,0.4328,0.6481,0.4328,0.6434,0.4328,0.6391,0.4328,0.6351
2022-03-16 18:30:00,2022-03-16 18:41:00,2022-03-16 18:42:00,0.0008197581820125,0.0017546732798352,526,2022-03-16,FALSE,FALSE,FALSE,FALSE,-0.0006101562743516000,Negative,Positive,0.395,0.6291,0.395,0.6238,0.395,0.6192,0.395,0.6153,0.395,0.612,0.395,0.6086,0.395,0.605
2022-03-16 18:30:00,2022-03-16 18:42:00,2022-03-16 18:43:00,-0.0017900275232656,0.0030480683888447,527,2022-03-16,TRUE,FALSE,FALSE,FALSE,-0.0006101562743516000,Negative,Negative,0.3051,0.5982,0.3051,0.5904,0.3051,0.5841,0.3051,0.5787,0.3051,0.5734,0.3051,0.5683,0.3051,0.5638
2022-03-16 18:30:00,2022-03-16 18:43:00,2022-03-16 18:44:00,0.0005828179668193,0.0013994495498436,528,2022-03-16,FALSE,FALSE,FALSE,FALSE,-0.0006101562743516000,Negative,Positive,0.4733,0.6838,0.4733,0.676,0.4733,0.6688,0.4733,0.6619,0.4733,0.6558,0.4733,0.6505,0.4733,0.6459
2022-03-16 18:30:00,2022-03-16 18:44:00,2022-03-16 18:45:00,-0.0010954364373634,0.0015622813971924,529,2022-03-16,TRUE,FALSE,FALSE,FALSE,-0.0006101562743516000,Negative,Negative,0.4756,0.6613,0.4756,0.656,0.4756,0.651,0.4756,0.6469,0.4756,0.6429,0.4756,0.6394,0.4756,0.6361
2022-03-16 18:30:00,2022-03-16 18:45:00,2022-03-16 18:46:00,0.0020745715346941,0.0014210361408848,530,2022-03-16,TRUE,FALSE,FALSE,FALSE,-0.0006101562743516000,Negative,Positive,0.4262,0.6347,0.4262,0.6296,0.4262,0.6248,0.4262,0.6203,0.4262,0.6162,0.4262,0.6122,0.4262,0.6085
2022-03-16 18:30:00,2022-03-16 18:46:00,2022-03-16 18:47:00,-0.0021322740992754,0.002937405291992,531,2022-03-16,TRUE,FALSE,FALSE,FALSE,-0.0006101562743516000,Negative,Negative,0.3874,0.6251,0.3874,0.6203,0.3874,0.6158,0.3874,0.6118,0.3874,0.6081,0.3874,0.6046,0.3874,0.6013
2022-03-16 18:30:00,2022-03-16 18:47:00,2022-03-16 18:48:00,0.0001976587049391,0.0009549763585121,532,2022-03-16,FALSE,FALSE,FALSE,FALSE,-0.0006101562743516000,Negative,Positive,0.4344,0.5932,0.4344,0.5887,0.4344,0.5846,0.4344,0.581,0.4344,0.5776,0.4344,0.5745,0.4344,0.5715
2022-03-16 18:30:00,2022-03-16 18:48:00,2022-03-16 18:49:00,0.0008386542329119,0.0014923284988107,533,2022-03-16,FALSE,FALSE,FALSE,FALSE,-0.0006101562743516000,Negative,Positive,0.4484,0.5665,0.4484,0.5624,0.4484,0.5591,0.4484,0.5561,0.4484,0.5533,0.4484,0.5507,0.4484,0.5483
2022-03-16 18:30:00,2022-03-16 18:49:00,2022-03-16 18:50:00,-0.0017119841344322,0.001095494487565,534,2022-03-16,TRUE,FALSE,FALSE,FALSE,-0.0006101562743516000,Negative,Negative,0.4575,0.6205,0.4575,0.6155,0.4575,0.6112,0.4575,0.6073,0.4575,0.6037,0.4575,0.6003,0.4575,0.5972
2022-03-16 18:30:00,2022-03-16 18:50:00,2022-03-16 18:51:00,0.0029482240101733,0.0019595950170297,535,2022-03-16,TRUE,TRUE,FALSE,FALSE,-0.0006101562743516000,Negative,Positive,0.4045,0.6288,0.4045,0.6248,0.4045,0.6209,0.4045,0.6174,0.4045,0.6139,0.4045,0.6107,0.4045,0.6075
2022-03-16 18:30:00,2022-03-16 18:51:00,2022-03-16 18:52:00,-0.0019117734715196,0.0018188601809533,536,2022-03-16,TRUE,FALSE,FALSE,FALSE,-0.0006101562743516000,Negative,Negative,0.3478,0.5437,0.3478,0.538,0.3478,0.5327,0.3478,0.5282,0.3478,0.5241,0.3478,0.52,0.3478,0.5165
2022-03-16 18:30:00,2022-03-16 18:52:00,2022-03-16 18:53:00,0.0008847150214836,0.0009316408524513,537,2022-03-16,FALSE,FALSE,FALSE,FALSE,-0.0006101562743516000,Negative,Positive,0.4421,0.6155,0.4421,0.6112,0.4421,0.6068,0.4421,0.6028,0.4421,0.5992,0.4421,0.596,0.4421,0.5931
2022-03-16 18:30:00,2022-03-16 18:53:00,2022-03-16 18:54:00,0.0003950452629507,0.0015136696008569,538,2022-03-16,FALSE,FALSE,FALSE,FALSE,-0.0006101562743516000,Negative,Positive,0.4245,0.5827,0.4245,0.5772,0.4245,0.5727,0.4245,0.5686,0.4245,0.5645,0.4245,0.5605,0.4245,0.5569
2022-03-16 18:30:00,2022-03-16 18:54:00,2022-03-16 18:55:00,0.0011957283566567,0.0016287781836797,539,2022-03-16,TRUE,FALSE,FALSE,FALSE,-0.0006101562743516000,Negative,Positive,0.3605,0.5612,0.3605,0.5558,0.3605,0.5507,0.3605,0.5459,0.3605,0.5411,0.3605,0.5366,0.3605,0.5323
2022-03-16 18:30:00,2022-03-16 18:55:00,2022-03-16 18:56:00,-0.0037962969340873,0.0031387319522911,540,2022-03-16,TRUE,TRUE,FALSE,FALSE,-0.0006101562743516000,Negative,Negative,0.3866,0.5777,0.3866,0.5726,0.3866,0.5682,0.3866,0.5642,0.3866,0.5605,0.3866,0.5571,0.3866,0.5539
2022-03-16 18:30:00,2022-03-16 18:56:00,2022-03-16 18:57:00,0.0012051604249711,0.0021026348795788,541,2022-03-16,TRUE,FALSE,FALSE,FALSE,-0.0006101562743516000,Negative,Positive,0.3916,0.6232,0.3916,0.6172,0.3916,0.612,0.3916,0.6071,0.3916,0.6027,0.3916,0.5988,0.3916,0.5953
2022-03-16 18:30:00,2022-03-16 18:57:00,2022-03-16 18:58:00,2.31241574913E-05,0.0012554635915558,542,2022-03-16,FALSE,FALSE,FALSE,FALSE,-0.0006101562743516000,Negative,Positive,0.3495,0.5741,0.3495,0.5673,0.3495,0.5611,0.3495,0.5559,0.3495,0.5514,0.3495,0.5476,0.3495,0.5437
2022-03-16 18:30:00,2022-03-16 18:58:00,2022-03-16 18:59:00,-0.0006739386508401,0.001022447367198,543,2022-03-16,FALSE,FALSE,FALSE,FALSE,-0.0006101562743516000,Negative,Negative,0.4649,0.6713,0.4649,0.6666,0.4649,0.6625,0.4649,0.6585,0.4649,0.6549,0.4649,0.6516,0.4649,0.6483
2022-03-16 18:30:00,2022-03-16 18:59:00,2022-03-16 19:00:00,0.0012434357755184,0.0011863499965107,544,2022-03-16,TRUE,FALSE,FALSE,FALSE,-0.0006101562743516000,Negative,Positive,0.3514,0.5205,0.3514,0.5139,0.3514,0.5084,0.3514,0.5038,0.3514,0.4998,0.3514,0.4961,0.3514,0.4929
2022-03-16 18:30:00,2022-03-16 19:00:00,2022-03-16 19:01:00,-0.0012672847989973,0.0012799627647195,545,2022-03-16,TRUE,FALSE,FALSE,FALSE,-0.0006101562743516000,Negative,Negative,0.4133,0.6253,0.4133,0.6194,0.4133,0.6138,0.4133,0.6085,0.4133,0.6036,0.4133,0.5988,0.4133,0.5946
2022-03-16 18:30:00,2022-03-16 19:01:00,2022-03-16 19:02:00,0.00216355247874,0.0016064070030034,546,2022-03-16,TRUE,FALSE,FALSE,FALSE,-0.0006101562743516000,Negative,Positive,0.3672,0.5167,0.3672,0.5118,0.3672,0.5079,0.3672,0.5046,0.3672,0.5017,0.3672,0.4989,0.3672,0.4962
2022-03-16 18:30:00,2022-03-16 19:02:00,2022-03-16 19:03:00,-0.0001873846393651,0.0020494189431519,547,2022-03-16,FALSE,FALSE,FALSE,FALSE,-0.0006101562743516000,Negative,Negative,0.3356,0.5874,0.3356,0.579,0.3356,0.5716,0.3356,0.5653,0.3356,0.5596,0.3356,0.5545,0.3356,0.5499
2022-03-16 18:30:00,2022-03-16 19:03:00,2022-03-16 19:04:00,-0.000662865149682,0.0012438244696309,548,2022-03-16,FALSE,FALSE,FALSE,FALSE,-0.0006101562743516000,Negative,Negative,0.4227,0.645,0.4227,0.6395,0.4227,0.6346,0.4227,0.6305,0.4227,0.6266,0.4227,0.6231,0.4227,0.62
2022-03-16 18:30:00,2022-03-16 19:04:00,2022-03-16 19:05:00,0.0004874671457474,0.0012309836255951,549,2022-03-16,FALSE,FALSE,FALSE,FALSE,-0.0006101562743516000,Negative,Positive,0.4185,0.6179,0.4185,0.6126,0.4185,0.6081,0.4185,0.6043,0.4185,0.6006,0.4185,0.5972,0.4185,0.5941
2022-03-16 18:30:00,2022-03-16 19:05:00,2022-03-16 19:06:00,-0.0034225967823494,0.0021246212253142,550,2022-03-16,TRUE,TRUE,FALSE,FALSE,-0.0006101562743516000,Negative,Negative,0.4202,0.5931,0.4202,0.587,0.4202,0.5807,0.4202,0.575,0.4202,0.5698,0.4202,0.5652,0.4202,0.5612
2022-03-16 18:30:00,2022-03-16 19:06:00,2022-03-16 19:07:00,0.0036450731048803,0.0036078394860574,551,2022-03-16,TRUE,TRUE,FALSE,FALSE,-0.0006101562743516000,Negative,Positive,0.3809,0.5231,0.3809,0.5147,0.3809,0.5073,0.3809,0.5008,0.3809,0.4951,0.3809,0.4892,0.3809,0.4839
2022-03-16 18:30:00,2022-03-16 19:07:00,2022-03-16 19:08:00,-0.0008840631798857,0.0016287402857276,552,2022-03-16,FALSE,FALSE,FALSE,FALSE,-0.0006101562743516000,Negative,Negative,0.4011,0.5575,0.4011,0.552,0.4011,0.5474,0.4011,0.5431,0.4011,0.5389,0.4011,0.5348,0.4011,0.5312
2022-03-16 18:30:00,2022-03-16 19:08:00,2022-03-16 19:09:00,-0.0009756890863374,0.0014650822073905,553,2022-03-16,FALSE,FALSE,FALSE,FALSE,-0.0006101562743516000,Negative,Negative,0.4655,0.6385,0.4655,0.6338,0.4655,0.6297,0.4655,0.6262,0.4655,0.6231,0.4655,0.6203,0.4655,0.6176
2022-03-16 18:30:00,2022-03-16 19:09:00,2022-03-16 19:10:00,0.0019292460324449,0.0013022347278096,554,2022-03-16,TRUE,FALSE,FALSE,FALSE,-0.0006101562743516000,Negative,Positive,0.4156,0.6107,0.4156,0.6069,0.4156,0.603,0.4156,0.5993,0.4156,0.5958,0.4156,0.5922,0.4156,0.5886
2022-03-16 18:30:00,2022-03-16 19:10:00,2022-03-16 19:11:00,-0.0014413127584995,0.0016049124276044,555,2022-03-16,TRUE,FALSE,FALSE,FALSE,-0.0006101562743516000,Negative,Negative,0.4013,0.6762,0.4013,0.6674,0.4013,0.6598,0.4013,0.6536,0.4013,0.6481,0.4013,0.6432,0.4013,0.6384
2022-03-16 18:30:00,2022-03-16 19:11:00,2022-03-16 19:12:00,0.0002089632136964,0.00185960018596,556,2022-03-16,FALSE,FALSE,FALSE,FALSE,-0.0006101562743516000,Negative,Positive,0.4323,0.6455,0.4323,0.6397,0.4323,0.6353,0.4323,0.6313,0.4323,0.6277,0.4323,0.6242,0.4323,0.621
2022-03-16 18:30:00,2022-03-16 19:12:00,2022-03-16 19:13:00,0.0005575787162192,0.000615777855234,557,2022-03-16,FALSE,FALSE,FALSE,FALSE,-0.0006101562743516000,Negative,Positive,0.4394,0.6351,0.4394,0.6313,0.4394,0.6279,0.4394,0.6247,0.4394,0.6217,0.4394,0.6191,0.4394,0.6167
2022-03-16 18:30:00,2022-03-16 19:13:00,2022-03-16 19:14:00,0.0005109627095349,0.0013133578958379,558,2022-03-16,FALSE,FALSE,FALSE,FALSE,-0.0006101562743516000,Negative,Positive,0.371,0.6403,0.371,0.6326,0.371,0.6262,0.371,0.621,0.371,0.6164,0.371,0.6122,0.371,0.6084
2022-03-16 18:30:00,2022-03-16 19:14:00,2022-03-16 19:15:00,-0.0014279969574386,0.0013473958091345,559,2022-03-16,TRUE,FALSE,FALSE,FALSE,-0.0006101562743516000,Negative,Negative,0.3827,0.5821,0.3827,0.5737,0.3827,0.5663,0.3827,0.5598,0.3827,0.5541,0.3827,0.5491,0.3827,0.5447
2022-03-16 18:30:00,2022-03-16 19:15:00,2022-03-16 19:16:00,0.000498584375524,0.0018124361000092,560,2022-03-16,FALSE,FALSE,FALSE,FALSE,-0.0006101562743516000,Negative,Positive,0.4587,0.6737,0.4587,0.6684,0.4587,0.6638,0.4587,0.6594,0.4587,0.6552,0.4587,0.6512,0.4587,0.6475
2022-03-16 18:30:00,2022-03-16 19:16:00,2022-03-16 19:17:00,0.0006733024256621,0.0012286324786324,561,2022-03-16,FALSE,FALSE,FALSE,FALSE,-0.0006101562743516000,Negative,Positive,0.4022,0.6504,0.4022,0.646,0.4022,0.6411,0.4022,0.6364,0.4022,0.6316,0.4022,0.6266,0.4022,0.6218
2022-03-16 18:30:00,2022-03-16 19:17:00,2022-03-16 19:18:00,0.0011984745170062,0.0014630747793776,562,2022-03-16,TRUE,FALSE,FALSE,FALSE,-0.0006101562743516000,Negative,Positive,0.4057,0.5786,0.4057,0.5735,0.4057,0.5692,0.4057,0.5653,0.4057,0.5616,0.4057,0.5582,0.4057,0.555
2022-03-16 18:30:00,2022-03-16 19:18:00,2022-03-16 19:19:00,-0.0014887233790582,0.002622053090774,563,2022-03-16,TRUE,FALSE,FALSE,FALSE,-0.0006101562743516000,Negative,Negative,0.3957,0.4917,0.3957,0.4868,0.3957,0.4827,0.3957,0.4793,0.3957,0.4763,0.3957,0.4737,0.3957,0.4712
2022-03-16 18:30:00,2022-03-16 19:19:00,2022-03-16 19:20:00,0.0001111246071757,0.000949557645097,564,2022-03-16,FALSE,FALSE,FALSE,FALSE,-0.0006101562743516000,Negative,Positive,0.2624,0.5457,0.2624,0.5356,0.2624,0.5276,0.2624,0.5209,0.2624,0.5152,0.2624,0.5098,0.2624,0.5047
2022-03-16 18:30:00,2022-03-16 19:20:00,2022-03-16 19:21:00,0.0005352794821199,0.0010416666666666,565,2022-03-16,FALSE,FALSE,FALSE,FALSE,-0.0006101562743516000,Negative,Positive,0.322,0.6123,0.322,0.6031,0.322,0.5955,0.322,0.5891,0.322,0.5834,0.322,0.5783,0.322,0.5738
2022-03-16 18:30:00,2022-03-16 19:21:00,2022-03-16 19:22:00,-0.0021150626914155,0.0014801794717609,566,2022-03-16,TRUE,FALSE,FALSE,FALSE,-0.0006101562743516000,Negative,Negative,0.4177,0.644,0.4177,0.6381,0.4177,0.6326,0.4177,0.6273,0.4177,0.6229,0.4177,0.6188,0.4177,0.6149
2022-03-16 18:30:00,2022-03-16 19:22:00,2022-03-16 19:23:00,0.0019992042067216,0.0015725317854261,567,2022-03-16,TRUE,FALSE,FALSE,FALSE,-0.0006101562743516000,Negative,Positive,0.3546,0.5413,0.3546,0.5358,0.3546,0.531,0.3546,0.5267,0.3546,0.523,0.3546,0.5198,0.3546,0.5167
2022-03-16 18:30:00,2022-03-16 19:23:00,2022-03-16 19:24:00,-0.0009827893183318,0.0012720292335445,568,2022-03-16,FALSE,FALSE,FALSE,FALSE,-0.0006101562743516000,Negative,Negative,0.4813,0.6534,0.4813,0.648,0.4813,0.6428,0.4813,0.6384,0.4813,0.6343,0.4813,0.6306,0.4813,0.6273
2022-03-16 18:30:00,2022-03-16 19:24:00,2022-03-16 19:24:28,0.0,0.0012020064261112,569,2022-03-16,FALSE,FALSE,FALSE,FALSE,-0.0006101562743516000,Negative,Negative,0.3574,0.4443,0.3574,0.4389,0.3574,0.4344,0.3574,0.4306,0.3574,0.4271,0.3574,0.4239,0.3574,0.4211
2022-05-04 18:30:00,2022-05-04 18:30:00,2022-05-04 18:31:00,0.0025481922407277,0.0071821479186183,570,2022-05-04,TRUE,TRUE,FALSE,FALSE,-0.0036530983032388,Negative,Positive,0.4193,0.5627,0.3978,0.5569,0.3978,0.552,0.3978,0.5477,0.3978,0.543,0.3978,0.5388,0.3978,0.5347
2022-05-04 18:30:00,2022-05-04 18:31:00,2022-05-04 18:32:00,0.0016541935004852,0.0033163510525809,571,2022-05-04,TRUE,FALSE,FALSE,FALSE,-0.0036530983032388,Negative,Positive,0.5102,0.6853,0.4758,0.6795,0.4758,0.6744,0.4758,0.6685,0.4758,0.6629,0.4758,0.6579,0.4758,0.6533
2022-05-04 18:30:00,2022-05-04 18:32:00,2022-05-04 18:33:00,-0.0029773303866302,0.0033581191645008,572,2022-05-04,TRUE,TRUE,FALSE,FALSE,-0.0036530983032388,Negative,Negative,0.3891,0.5656,0.3627,0.557,0.3627,0.5499,0.3627,0.5438,0.3627,0.5385,0.3627,0.5338,0.3627,0.5296
2022-05-04 18:30:00,2022-05-04 18:33:00,2022-05-04 18:34:00,0.0017012366519251,0.003613500036135,573,2022-05-04,TRUE,FALSE,FALSE,FALSE,-0.0036530983032388,Negative,Positive,0.3991,0.5721,0.3706,0.5626,0.3706,0.5551,0.3706,0.5483,0.3706,0.5425,0.3706,0.5374,0.3706,0.5325
2022-05-04 18:30:00,2022-05-04 18:34:00,2022-05-04 18:35:00,0.0051339537772442,0.0020511088052893,574,2022-05-04,TRUE,TRUE,TRUE,FALSE,-0.0036530983032388,Negative,Positive,0.5075,0.6474,0.4771,0.64,0.4771,0.6338,0.4771,0.6285,0.4771,0.6234,0.4771,0.6186,0.4771,0.614
2022-05-04 18:30:00,2022-05-04 18:35:00,2022-05-04 18:36:00,-0.0023422323728781,0.0062059306481213,575,2022-05-04,TRUE,FALSE,FALSE,FALSE,-0.0036530983032388,Negative,Negative,0.5208,0.568,0.4907,0.5602,0.4907,0.5535,0.4907,0.5474,0.4907,0.5417,0.4907,0.5365,0.4907,0.5318
2022-05-04 18:30:00,2022-05-04 18:36:00,2022-05-04 18:37:00,-0.002331008278418,0.0036316409726063,576,2022-05-04,TRUE,FALSE,FALSE,FALSE,-0.0036530983032388,Negative,Negative,0.516,0.5558,0.4838,0.5485,0.4838,0.5426,0.4838,0.5375,0.4838,0.5331,0.4838,0.5293,0.4838,0.5258
2022-05-04 18:30:00,2022-05-04 18:37:00,2022-05-04 18:38:00,-0.0007685635355087,0.0034640365648304,577,2022-05-04,FALSE,FALSE,FALSE,FALSE,-0.0036530983032388,Negative,Negative,0.4922,0.6367,0.4658,0.6315,0.4658,0.6271,0.4658,0.6229,0.4658,0.6189,0.4658,0.6149,0.4658,0.6112
2022-05-04 18:30:00,2022-05-04 18:38:00,2022-05-04 18:39:00,0.0029177218496363,0.0023795216921043,578,2022-05-04,TRUE,TRUE,FALSE,FALSE,-0.0036530983032388,Negative,Positive,0.4633,0.5884,0.4332,0.5821,0.4332,0.5767,0.4332,0.572,0.4332,0.5678,0.4332,0.5639,0.4332,0.5603
2022-05-04 18:30:00,2022-05-04 18:39:00,2022-05-04 18:40:00,-0.0012618042128582,0.0030294287362954,579,2022-05-04,TRUE,FALSE,FALSE,FALSE,-0.0036530983032388,Negative,Negative,0.419,0.584,0.3892,0.5775,0.3892,0.572,0.3892,0.5667,0.3892,0.5621,0.3892,0.5579,0.3892,0.5541
2022-05-04 18:30:00,2022-05-04 18:40:00,2022-05-04 18:41:00,0.004175652123609,0.0022833245205018,580,2022-05-04,TRUE,TRUE,FALSE,FALSE,-0.0036530983032388,Negative,Positive,0.4028,0.5804,0.3759,0.5721,0.3759,0.5651,0.3759,0.559,0.3759,0.5539,0.3759,0.5491,0.3759,0.5445
2022-05-04 18:30:00,2022-05-04 18:41:00,2022-05-04 18:42:00,-0.0067571051409586,0.004343756749622,581,2022-05-04,TRUE,TRUE,TRUE,FALSE,-0.0036530983032388,Negative,Negative,0.358,0.5492,0.3326,0.5415,0.3326,0.5354,0.3326,0.53,0.3326,0.5247,0.3326,0.5196,0.3326,0.515
2022-05-04 18:30:00,2022-05-04 18:42:00,2022-05-04 18:43:00,0.0066774794592704,0.0041026871401151,582,2022-05-04,TRUE,TRUE,TRUE,FALSE,-0.0036530983032388,Negative,Positive,0.4675,0.6273,0.4443,0.6226,0.4443,0.6179,0.4443,0.6136,0.4443,0.6098,0.4443,0.6063,0.4443,0.6031
2022-05-04 18:30:00,2022-05-04 18:43:00,2022-05-04 18:44:00,-0.0036675915947865,0.0070257049683483,583,2022-05-04,TRUE,TRUE,FALSE,FALSE,-0.0036530983032388,Negative,Negative,0.4675,0.6442,0.4414,0.6366,0.4414,0.6302,0.4414,0.6245,0.4414,0.6191,0.4414,0.6145,0.4414,0.61
2022-05-04 18:30:00,2022-05-04 18:44:00,2022-05-04 18:45:00,0.001429898907564,0.0033693654997972,584,2022-05-04,TRUE,FALSE,FALSE,FALSE,-0.0036530983032388,Negative,Positive,0.413,0.6116,0.3811,0.6072,0.3811,0.6023,0.3811,0.5973,0.3811,0.5931,0.3811,0.5891,0.3811,0.5845
2022-05-04 18:30:00,2022-05-04 18:45:00,2022-05-04 18:46:00,0.0007096896341397,0.0030035756853396,585,2022-05-04,FALSE,FALSE,FALSE,FALSE,-0.0036530983032388,Negative,Positive,0.4179,0.628,0.3876,0.6195,0.3876,0.6118,0.3876,0.6052,0.3876,0.599,0.3876,0.593,0.3876,0.5867
2022-05-04 18:30:00,2022-05-04 18:46:00,2022-05-04 18:47:00,-0.0014310940648249,0.0033085785013805,586,2022-05-04,TRUE,FALSE,FALSE,FALSE,-0.0036530983032388,Negative,Negative,0.4537,0.5897,0.4255,0.5824,0.4255,0.5759,0.4255,0.5699,0.4255,0.5644,0.4255,0.5594,0.4255,0.555
2022-05-04 18:30:00,2022-05-04 18:47:00,2022-05-04 18:48:00,-0.0009018475898572,0.0026103464641671,587,2022-05-04,FALSE,FALSE,FALSE,FALSE,-0.0036530983032388,Negative,Negative,0.4424,0.622,0.4132,0.616,0.4132,0.6106,0.4132,0.606,0.4132,0.6017,0.4132,0.5977,0.4132,0.5939
2022-05-04 18:30:00,2022-05-04 18:48:00,2022-05-04 18:49:00,-0.0015868707099115,0.0027032795048731,588,2022-05-04,TRUE,FALSE,FALSE,FALSE,-0.0036530983032388,Negative,Negative,0.3984,0.6094,0.3705,0.6022,0.3705,0.5962,0.3705,0.591,0.3705,0.5863,0.3705,0.582,0.3705,0.5783
2022-05-04 18:30:00,2022-05-04 18:49:00,2022-05-04 18:50:00,0.0004253697146095,0.0020157465376588,589,2022-05-04,FALSE,FALSE,FALSE,FALSE,-0.0036530983032388,Negative,Positive,0.4471,0.6386,0.4198,0.6308,0.4198,0.6245,0.4198,0.6189,0.4198,0.6138,0.4198,0.6089,0.4198,0.6044
2022-05-04 18:30:00,2022-05-04 18:50:00,2022-05-04 18:51:00,0.0025025868387138,0.0026105323112704,590,2022-05-04,TRUE,TRUE,FALSE,FALSE,-0.0036530983032388,Negative,Positive,0.2925,0.4958,0.2719,0.4869,0.2719,0.4795,0.2719,0.4726,0.2719,0.4664,0.2719,0.4607,0.2719,0.4556
2022-05-04 18:30:00,2022-05-04 18:51:00,2022-05-04 18:52:00,-0.0008438494799184,0.0031324900923135,591,2022-05-04,FALSE,FALSE,FALSE,FALSE,-0.0036530983032388,Negative,Negative,0.3618,0.5421,0.334,0.5337,0.334,0.527,0.334,0.5216,0.334,0.5166,0.334,0.5121,0.334,0.5077
2022-05-04 18:30:00,2022-05-04 18:52:00,2022-05-04 18:53:00,0.0015962278754815,0.0013266684039705,592,2022-05-04,TRUE,FALSE,FALSE,FALSE,-0.0036530983032388,Negative,Positive,0.4501,0.6164,0.4213,0.6102,0.4213,0.605,0.4213,0.6007,0.4213,0.597,0.4213,0.5938,0.4213,0.5905
2022-05-04 18:30:00,2022-05-04 18:53:00,2022-05-04 18:54:00,-0.0020712073262257,0.0027216358214606,593,2022-05-04,TRUE,FALSE,FALSE,FALSE,-0.0036530983032388,Negative,Negative,0.4084,0.5333,0.3895,0.5278,0.3895,0.5225,0.3895,0.5179,0.3895,0.5139,0.3895,0.5103,0.3895,0.5071
2022-05-04 18:30:00,2022-05-04 18:54:00,2022-05-04 18:55:00,-0.0002125682097258,0.0015833628736854,594,2022-05-04,FALSE,FALSE,FALSE,FALSE,-0.0036530983032388,Negative,Negative,0.3584,0.4411,0.334,0.437,0.334,0.433,0.334,0.4293,0.334,0.4258,0.334,0.4224,0.334,0.4193
2022-05-04 18:30:00,2022-05-04 18:55:00,2022-05-04 18:56:00,0.0001415172061733,0.0019617111793901,595,2022-05-04,FALSE,FALSE,FALSE,FALSE,-0.0036530983032388,Negative,Positive,0.4498,0.5889,0.4274,0.5841,0.4274,0.5801,0.4274,0.5767,0.4274,0.5735,0.4274,0.5703,0.4274,0.5674
2022-05-04 18:30:00,2022-05-04 18:56:00,2022-05-04 18:57:00,-0.0010851849698002,0.0012980882700023,596,2022-05-04,TRUE,FALSE,FALSE,FALSE,-0.0036530983032388,Negative,Negative,0.2772,0.5003,0.2526,0.4917,0.2526,0.4847,0.2526,0.4783,0.2526,0.4722,0.2526,0.4663,0.2526,0.4605
2022-05-04 18:30:00,2022-05-04 18:57:00,2022-05-04 18:58:00,0.000684058442401,0.002056154282473,597,2022-05-04,FALSE,FALSE,FALSE,FALSE,-0.0036530983032388,Negative,Positive,0.3712,0.5801,0.345,0.5745,0.345,0.5687,0.345,0.5633,0.345,0.5588,0.345,0.5547,0.345,0.5507
2022-05-04 18:30:00,2022-05-04 18:58:00,2022-05-04 18:59:00,0.0004958460246641,0.0010868794745173,598,2022-05-04,FALSE,FALSE,FALSE,FALSE,-0.0036530983032388,Negative,Positive,0.4004,0.6148,0.3697,0.6033,0.3697,0.5939,0.3697,0.5856,0.3697,0.5782,0.3697,0.5715,0.3697,0.5655
2022-05-04 18:30:00,2022-05-04 18:59:00,2022-05-04 19:00:00,0.000306623039828,0.0016303962571772,599,2022-05-04,FALSE,FALSE,FALSE,FALSE,-0.0036530983032388,Negative,Positive,0.3655,0.5968,0.337,0.5871,0.337,0.5782,0.337,0.5698,0.337,0.5624,0.337,0.5558,0.337,0.5499
2022-05-04 18:30:00,2022-05-04 19:00:00,2022-05-04 19:01:00,7.01975747116999E-05,0.0013927247834195,600,2022-05-04,FALSE,FALSE,FALSE,FALSE,-0.0036530983032388,Negative,Positive,0.405,0.6029,0.3845,0.5938,0.3845,0.5859,0.3845,0.5781,0.3845,0.5713,0.3845,0.5652,0.3845,0.5596
2022-05-04 18:30:00,2022-05-04 19:01:00,2022-05-04 19:02:00,-0.0010846088319341,0.0015096475916402,601,2022-05-04,TRUE,FALSE,FALSE,FALSE,-0.0036530983032388,Negative,Negative,0.4509,0.6112,0.4264,0.6032,0.4264,0.5959,0.4264,0.5893,0.4264,0.5836,0.4264,0.5786,0.4264,0.5739
2022-05-04 18:30:00,2022-05-04 19:02:00,2022-05-04 19:03:00,-0.0013907627711608,0.001085084801736,602,2022-05-04,TRUE,FALSE,FALSE,FALSE,-0.0036530983032388,Negative,Negative,0.4422,0.6214,0.4164,0.6137,0.4164,0.6068,0.4164,0.6004,0.4164,0.595,0.4164,0.5905,0.4164,0.5864
2022-05-04 18:30:00,2022-05-04 19:03:00,2022-05-04 19:04:00,0.0027596201836458,0.0030490687340456,603,2022-05-04,TRUE,TRUE,FALSE,FALSE,-0.0036530983032388,Negative,Positive,0.3892,0.4818,0.3676,0.4768,0.3676,0.4724,0.3676,0.4682,0.3676,0.4648,0.3676,0.4616,0.3676,0.4587
2022-05-04 18:30:00,2022-05-04 19:04:00,2022-05-04 19:05:00,-0.0007086578391412,0.0017247082171715,604,2022-05-04,FALSE,FALSE,FALSE,FALSE,-0.0036530983032388,Negative,Negative,0.3802,0.5766,0.3532,0.5688,0.3532,0.5628,0.3532,0.557,0.3532,0.5512,0.3532,0.5459,0.3532,0.5412
2022-05-04 18:30:00,2022-05-04 19:05:00,2022-05-04 19:06:00,-0.0008725987109527,0.0012268491211513,605,2022-05-04,FALSE,FALSE,FALSE,FALSE,-0.0036530983032388,Negative,Negative,0.3925,0.5875,0.3697,0.5802,0.3697,0.5739,0.3697,0.5681,0.3697,0.5624,0.3697,0.557,0.3697,0.5521
2022-05-04 18:30:00,2022-05-04 19:06:00,2022-05-04 19:07:00,0.0006603111965015,0.001628011230918,606,2022-05-04,FALSE,FALSE,FALSE,FALSE,-0.0036530983032388,Negative,Positive,0.4348,0.5913,0.4098,0.5849,0.4098,0.5796,0.4098,0.5748,0.4098,0.5697,0.4098,0.5643,0.4098,0.5591
2022-05-04 18:30:00,2022-05-04 19:07:00,2022-05-04 19:08:00,0.0016981621523114,0.0011095372993389,607,2022-05-04,TRUE,FALSE,FALSE,FALSE,-0.0036530983032388,Negative,Positive,0.4434,0.563,0.4228,0.5576,0.4228,0.5528,0.4228,0.5486,0.4228,0.545,0.4228,0.5419,0.4228,0.5391
2022-05-04 18:30:00,2022-05-04 19:08:00,2022-05-04 19:09:00,-0.0020751698204968,0.0021699136751732,608,2022-05-04,TRUE,FALSE,FALSE,FALSE,-0.0036530983032388,Negative,Negative,0.417,0.5515,0.395,0.5445,0.395,0.5384,0.395,0.5329,0.395,0.5279,0.395,0.5231,0.395,0.5186
2022-05-04 18:30:00,2022-05-04 19:09:00,2022-05-04 19:10:00,0.0005417465300869,0.0007772569894245,609,2022-05-04,FALSE,FALSE,FALSE,FALSE,-0.0036530983032388,Negative,Positive,0.4568,0.6372,0.4286,0.6319,0.4286,0.627,0.4286,0.6227,0.4286,0.6186,0.4286,0.6151,0.4286,0.6118
2022-05-04 18:30:00,2022-05-04 19:10:00,2022-05-04 19:11:00,4.67047677811E-05,0.001318639917114,610,2022-05-04,FALSE,FALSE,FALSE,FALSE,-0.0036530983032388,Negative,Positive,0.4114,0.6286,0.3841,0.6232,0.3841,0.618,0.3841,0.6135,0.3841,0.609,0.3841,0.6048,0.3841,0.6011
2022-05-04 18:30:00,2022-05-04 19:11:00,2022-05-04 19:12:00,0.0008704232253347,0.0010830154918302,611,2022-05-04,FALSE,FALSE,FALSE,FALSE,-0.0036530983032388,Negative,Positive,0.401,0.6111,0.378,0.6053,0.378,0.6004,0.378,0.5955,0.378,0.591,0.378,0.5867,0.378,0.5827
2022-05-04 18:30:00,2022-05-04 19:12:00,2022-05-04 19:13:00,-0.001000266425595,0.0013882026305264,612,2022-05-04,TRUE,FALSE,FALSE,FALSE,-0.0036530983032388,Negative,Negative,0.3957,0.5843,0.3703,0.5774,0.3703,0.5713,0.3703,0.566,0.3703,0.5614,0.3703,0.5573,0.3703,0.5534
2022-05-04 18:30:00,2022-05-04 19:13:00,2022-05-04 19:14:00,-5.87947017849E-05,0.0012695725772323,613,2022-05-04,FALSE,FALSE,FALSE,FALSE,-0.0036530983032388,Negative,Negative,0.4249,0.6193,0.4002,0.6093,0.4002,0.6007,0.4002,0.5938,0.4002,0.5881,0.4002,0.5831,0.4002,0.5783
2022-05-04 18:30:00,2022-05-04 19:14:00,2022-05-04 19:15:00,2.34551305922E-05,0.0006814069879461,614,2022-05-04,FALSE,FALSE,FALSE,FALSE,-0.0036530983032388,Negative,Positive,0.4489,0.6099,0.4223,0.6052,0.4223,0.6009,0.4223,0.5971,0.4223,0.5936,0.4223,0.5902,0.4223,0.5872
2022-05-04 18:30:00,2022-05-04 19:15:00,2022-05-04 19:16:00,0.000962728199166,0.0009166118266428,615,2022-05-04,FALSE,FALSE,FALSE,FALSE,-0.0036530983032388,Negative,Positive,0.3886,0.4796,0.3733,0.4748,0.3733,0.4701,0.3733,0.4658,0.3733,0.4618,0.3733,0.4584,0.3733,0.4553
2022-05-04 18:30:00,2022-05-04 19:16:00,2022-05-04 19:17:00,-0.0008457690353885,0.0017847078715011,616,2022-05-04,FALSE,FALSE,FALSE,FALSE,-0.0036530983032388,Negative,Negative,0.3601,0.6053,0.332,0.5919,0.332,0.5811,0.332,0.572,0.332,0.5639,0.332,0.5562,0.332,0.5491
2022-05-04 18:30:00,2022-05-04 19:17:00,2022-05-04 19:17:30,-0.002746762761409,0.0008915792684357,617,2022-05-04,TRUE,TRUE,FALSE,FALSE,-0.0036530983032388,Negative,Negative,0.3694,0.5241,0.3442,0.5173,0.3442,0.5113,0.3442,0.506,0.3442,0.5014,0.3442,0.4972,0.3442,0.4929
2022-06-15 18:30:00,2022-06-15 18:30:00,2022-06-15 18:31:00,0.0002541528315704,0.0027511418574214,618,2022-06-15,FALSE,FALSE,FALSE,FALSE,-0.0003740603994288,Negative,Positive,0.4512,0.6638,0.4276,0.6575,0.4276,0.6516,0.4276,0.6465,0.4276,0.6421,0.4276,0.6382,0.4276,0.6348
2022-06-15 18:30:00,2022-06-15 18:31:00,2022-06-15 18:32:00,-0.0030727416279906,0.0029453503628135,619,2022-06-15,TRUE,TRUE,FALSE,FALSE,-0.0003740603994288,Negative,Negative,0.5179,0.6525,0.482,0.6494,0.482,0.6464,0.482,0.6429,0.482,0.6396,0.482,0.6363,0.482,0.6334
2022-06-15 18:30:00,2022-06-15 18:32:00,2022-06-15 18:33:00,0.0057647955549498,0.0040530384367618,620,2022-06-15,TRUE,TRUE,TRUE,FALSE,-0.0003740603994288,Negative,Positive,0.4361,0.6284,0.4091,0.622,0.4091,0.6163,0.4091,0.6112,0.4091,0.6069,0.4091,0.6031,0.4091,0.5998
2022-06-15 18:30:00,2022-06-15 18:33:00,2022-06-15 18:34:00,-0.0011688769102438,0.0036681715575621,621,2022-06-15,TRUE,FALSE,FALSE,FALSE,-0.0003740603994288,Negative,Negative,0.4449,0.6875,0.4137,0.6812,0.4137,0.6758,0.4137,0.6713,0.4137,0.6673,0.4137,0.6634,0.4137,0.6596
2022-06-15 18:30:00,2022-06-15 18:34:00,2022-06-15 18:35:00,0.0005484023687012,0.0038884419415394,622,2022-06-15,FALSE,FALSE,FALSE,FALSE,-0.0003740603994288,Negative,Positive,0.446,0.6759,0.4157,0.6699,0.4157,0.6648,0.4157,0.6608,0.4157,0.6569,0.4157,0.6534,0.4157,0.6496
2022-06-15 18:30:00,2022-06-15 18:35:00,2022-06-15 18:36:00,2.51605072881999E-05,0.002062905213524,623,2022-06-15,FALSE,FALSE,FALSE,FALSE,-0.0003740603994288,Negative,Positive,0.5061,0.7,0.4716,0.6923,0.4716,0.6858,0.4716,0.68,0.4716,0.6752,0.4716,0.671,0.4716,0.6669
2022-06-15 18:30:00,2022-06-15 18:36:00,2022-06-15 18:37:00,7.85147155708001E-05,0.0023276969178082,624,2022-06-15,FALSE,FALSE,FALSE,FALSE,-0.0003740603994288,Negative,Positive,0.5195,0.7151,0.4839,0.7104,0.4839,0.706,0.4839,0.7012,0.4839,0.697,0.4839,0.6931,0.4839,0.6893
2022-06-15 18:30:00,2022-06-15 18:37:00,2022-06-15 18:38:00,0.0080252745549274,0.0024309451300957,625,2022-06-15,TRUE,TRUE,TRUE,TRUE,-0.0003740603994288,Negative,Positive,0.5034,0.7068,0.4744,0.7035,0.4744,0.7003,0.4744,0.6972,0.4744,0.6944,0.4744,0.6917,0.4744,0.6893
2022-06-15 18:30:00,2022-06-15 18:38:00,2022-06-15 18:39:00,-0.0121613794058258,0.009548194377767,626,2022-06-15,TRUE,TRUE,TRUE,TRUE,-0.0003740603994288,Negative,Negative,0.4887,0.6523,0.4607,0.6461,0.4607,0.6411,0.4607,0.6369,0.4607,0.633,0.4607,0.6294,0.4607,0.6262
2022-06-15 18:30:00,2022-06-15 18:39:00,2022-06-15 18:40:00,0.0074898181505683,0.0038710361650227,627,2022-06-15,TRUE,TRUE,TRUE,FALSE,-0.0003740603994288,Negative,Positive,0.4441,0.6126,0.4208,0.6079,0.4208,0.6039,0.4208,0.6003,0.4208,0.5971,0.4208,0.5941,0.4208,0.5912
2022-06-15 18:30:00,2022-06-15 18:40:00,2022-06-15 18:41:00,-0.0026325780102648,0.0065826144658261,628,2022-06-15,TRUE,TRUE,FALSE,FALSE,-0.0003740603994288,Negative,Negative,0.4423,0.5869,0.4147,0.5832,0.4147,0.5796,0.4147,0.5759,0.4147,0.5724,0.4147,0.5691,0.4147,0.5661
2022-06-15 18:30:00,2022-06-15 18:41:00,2022-06-15 18:42:00,-0.0007675235460005,0.0062776957163958,629,2022-06-15,FALSE,FALSE,FALSE,FALSE,-0.0003740603994288,Negative,Negative,0.4543,0.6314,0.4334,0.6278,0.4334,0.6247,0.4334,0.6215,0.4334,0.6185,0.4334,0.6157,0.4334,0.6132
2022-06-15 18:30:00,2022-06-15 18:42:00,2022-06-15 18:43:00,0.0002215948656541,0.004263943357987,630,2022-06-15,FALSE,FALSE,FALSE,FALSE,-0.0003740603994288,Negative,Positive,0.4557,0.677,0.4285,0.6717,0.4285,0.6674,0.4285,0.6635,0.4285,0.6599,0.4285,0.6567,0.4285,0.6535
2022-06-15 18:30:00,2022-06-15 18:43:00,2022-06-15 18:44:00,1.07191354953001E-05,0.00386689464685,631,2022-06-15,FALSE,FALSE,FALSE,FALSE,-0.0003740603994288,Negative,Positive,0.4727,0.6185,0.447,0.6143,0.447,0.6102,0.447,0.6064,0.447,0.6029,0.447,0.5999,0.447,0.597
2022-06-15 18:30:00,2022-06-15 18:44:00,2022-06-15 18:45:00,-0.0005264043224224,0.0028086938261234,632,2022-06-15,FALSE,FALSE,FALSE,FALSE,-0.0003740603994288,Negative,Negative,0.4422,0.5886,0.4153,0.5842,0.4153,0.5797,0.4153,0.5757,0.4153,0.5724,0.4153,0.5695,0.4153,0.5665
2022-06-15 18:30:00,2022-06-15 18:45:00,2022-06-15 18:46:00,-0.0019113209629013,0.0020695255809078,633,2022-06-15,TRUE,FALSE,FALSE,FALSE,-0.0003740603994288,Negative,Negative,0.4941,0.604,0.4596,0.5992,0.4596,0.5954,0.4596,0.5919,0.4596,0.5888,0.4596,0.5857,0.4596,0.5829
2022-06-15 18:30:00,2022-06-15 18:46:00,2022-06-15 18:47:00,-0.0026460410134419,0.0040145889638161,634,2022-06-15,TRUE,TRUE,FALSE,FALSE,-0.0003740603994288,Negative,Negative,0.4318,0.5962,0.4072,0.5924,0.4072,0.5888,0.4072,0.5857,0.4072,0.5825,0.4072,0.5797,0.4072,0.5771
2022-06-15 18:30:00,2022-06-15 18:47:00,2022-06-15 18:48:00,0.0033779894716644,0.0044165198874839,635,2022-06-15,TRUE,TRUE,FALSE,FALSE,-0.0003740603994288,Negative,Positive,0.4507,0.6543,0.4254,0.649,0.4254,0.6448,0.4254,0.6412,0.4254,0.638,0.4254,0.6348,0.4254,0.6315
2022-06-15 18:30:00,2022-06-15 18:48:00,2022-06-15 18:49:00,-0.0003154159547904,0.0022362536174689,636,2022-06-15,FALSE,FALSE,FALSE,FALSE,-0.0003740603994288,Negative,Negative,0.4074,0.6369,0.3839,0.6316,0.3839,0.6272,0.3839,0.6233,0.3839,0.6195,0.3839,0.6161,0.3839,0.613
2022-06-15 18:30:00,2022-06-15 18:49:00,2022-06-15 18:50:00,0.0021563599534363,0.0020517137070257,637,2022-06-15,TRUE,FALSE,FALSE,FALSE,-0.0003740603994288,Negative,Positive,0.3759,0.5918,0.3517,0.5854,0.3517,0.58,0.3517,0.5751,0.3517,0.5709,0.3517,0.5672,0.3517,0.5639
2022-06-15 18:30:00,2022-06-15 18:50:00,2022-06-15 18:51:00,-0.0036785103714739,0.0026039611773061,638,2022-06-15,TRUE,TRUE,FALSE,FALSE,-0.0003740603994288,Negative,Negative,0.4525,0.6633,0.4255,0.6583,0.4255,0.6539,0.4255,0.6493,0.4255,0.6452,0.4255,0.6414,0.4255,0.6379
2022-06-15 18:30:00,2022-06-15 18:51:00,2022-06-15 18:52:00,-0.0005558802444851,0.0033942902249703,639,2022-06-15,FALSE,FALSE,FALSE,FALSE,-0.0003740603994288,Negative,Negative,0.4643,0.6384,0.4406,0.6348,0.4406,0.6315,0.4406,0.6278,0.4406,0.6238,0.4406,0.6204,0.4406,0.6171
2022-06-15 18:30:00,2022-06-15 18:52:00,2022-06-15 18:53:00,0.001232797794624,0.0048628363021302,640,2022-06-15,TRUE,FALSE,FALSE,FALSE,-0.0003740603994288,Negative,Positive,0.4706,0.5884,0.4413,0.5843,0.4413,0.5808,0.4413,0.5775,0.4413,0.5742,0.4413,0.5711,0.4413,0.5681
2022-06-15 18:30:00,2022-06-15 18:53:00,2022-06-15 18:54:00,0.0011866284582431,0.0031972519487383,641,2022-06-15,TRUE,FALSE,FALSE,FALSE,-0.0003740603994288,Negative,Positive,0.4137,0.613,0.393,0.6071,0.393,0.6019,0.393,0.5973,0.393,0.5934,0.393,0.59,0.393,0.5868
2022-06-15 18:30:00,2022-06-15 18:54:00,2022-06-15 18:55:00,0.0011349227239526,0.00366881444186,642,2022-06-15,TRUE,FALSE,FALSE,FALSE,-0.0003740603994288,Negative,Positive,0.4236,0.5684,0.3985,0.5639,0.3985,0.559,0.3985,0.5549,0.3985,0.5513,0.3985,0.548,0.3985,0.5449
2022-06-15 18:30:00,2022-06-15 18:55:00,2022-06-15 18:56:00,-0.0026910471169602,0.0017689301932622,643,2022-06-15,TRUE,TRUE,FALSE,FALSE,-0.0003740603994288,Negative,Negative,0.4217,0.6093,0.3948,0.6048,0.3948,0.6007,0.3948,0.5969,0.3948,0.5935,0.3948,0.5905,0.3948,0.5878
2022-06-15 18:30:00,2022-06-15 18:56:00,2022-06-15 18:57:00,-0.0006366050039521,0.0024425963424498,644,2022-06-15,FALSE,FALSE,FALSE,FALSE,-0.0003740603994288,Negative,Negative,0.4617,0.6198,0.4334,0.6137,0.4334,0.6081,0.4334,0.6034,0.4334,0.5991,0.4334,0.5953,0.4334,0.5917
2022-06-15 18:30:00,2022-06-15 18:57:00,2022-06-15 18:58:00,0.0044162309799903,0.0042928690674934,645,2022-06-15,TRUE,TRUE,FALSE,FALSE,-0.0003740603994288,Negative,Positive,0.3521,0.5703,0.3304,0.565,0.3304,0.5603,0.3304,0.5562,0.3304,0.5527,0.3304,0.5497,0.3304,0.547
2022-06-15 18:30:00,2022-06-15 18:58:00,2022-06-15 18:59:00,-0.0028317114035,0.0041087901601103,646,2022-06-15,TRUE,TRUE,FALSE,FALSE,-0.0003740603994288,Negative,Negative,0.3068,0.5125,0.289,0.508,0.289,0.5037,0.289,0.5,0.289,0.497,0.289,0.4942,0.289,0.4914
2022-06-15 18:30:00,2022-06-15 18:59:00,2022-06-15 19:00:00,0.0047327458200398,0.0022489152291248,647,2022-06-15,TRUE,TRUE,FALSE,FALSE,-0.0003740603994288,Negative,Positive,0.3922,0.5527,0.372,0.5461,0.372,0.5411,0.372,0.537,0.372,0.5331,0.372,0.5296,0.372,0.5264
2022-06-15 18:30:00,2022-06-15 19:00:00,2022-06-15 19:01:00,-0.0053097060985213,0.0056084656084656,648,2022-06-15,TRUE,TRUE,TRUE,FALSE,-0.0003740603994288,Negative,Negative,0.3416,0.5455,0.3183,0.5373,0.3183,0.5302,0.3183,0.5243,0.3183,0.5186,0.3183,0.5138,0.3183,0.5095
2022-06-15 18:30:00,2022-06-15 19:01:00,2022-06-15 19:02:00,0.0006049106764337,0.0024008020261712,649,2022-06-15,FALSE,FALSE,FALSE,FALSE,-0.0003740603994288,Negative,Positive,0.4497,0.562,0.4242,0.5565,0.4242,0.5513,0.4242,0.547,0.4242,0.5432,0.4242,0.5398,0.4242,0.5365
2022-06-15 18:30:00,2022-06-15 19:02:00,2022-06-15 19:03:00,-0.0007386770951128,0.0031933975962502,650,2022-06-15,FALSE,FALSE,FALSE,FALSE,-0.0003740603994288,Negative,Negative,0.4538,0.6462,0.4265,0.6411,0.4265,0.6364,0.4265,0.6314,0.4265,0.6266,0.4265,0.6219,0.4265,0.6174
2022-06-15 18:30:00,2022-06-15 19:03:00,2022-06-15 19:04:00,0.0030513337736458,0.0017579803053334,651,2022-06-15,TRUE,TRUE,FALSE,FALSE,-0.0003740603994288,Negative,Positive,0.4083,0.5738,0.3871,0.5688,0.3871,0.5646,0.3871,0.5609,0.3871,0.5577,0.3871,0.5546,0.3871,0.5517
2022-06-15 18:30:00,2022-06-15 19:04:00,2022-06-15 19:05:00,-0.0026295569236719,0.0028553299492385,652,2022-06-15,TRUE,TRUE,FALSE,FALSE,-0.0003740603994288,Negative,Negative,0.3659,0.6097,0.3383,0.6048,0.3383,0.6006,0.3383,0.5966,0.3383,0.5929,0.3383,0.5895,0.3383,0.5863
2022-06-15 18:30:00,2022-06-15 19:05:00,2022-06-15 19:06:00,0.0032210347843004,0.0023515113083914,653,2022-06-15,TRUE,TRUE,FALSE,FALSE,-0.0003740603994288,Negative,Positive,0.4487,0.6453,0.4241,0.6409,0.4241,0.6372,0.4241,0.6337,0.4241,0.6305,0.4241,0.6275,0.4241,0.6248
2022-06-15 18:30:00,2022-06-15 19:06:00,2022-06-15 19:07:00,-0.0020340440080047,0.0029069767441861,654,2022-06-15,TRUE,FALSE,FALSE,FALSE,-0.0003740603994288,Negative,Negative,0.4201,0.6459,0.3955,0.642,0.3955,0.6385,0.3955,0.6356,0.3955,0.6331,0.3955,0.6306,0.3955,0.6284
2022-06-15 18:30:00,2022-06-15 19:07:00,2022-06-15 19:08:00,-0.0012381870660608,0.0015290519877675,655,2022-06-15,TRUE,FALSE,FALSE,FALSE,-0.0003740603994288,Negative,Negative,0.4671,0.673,0.4382,0.669,0.4382,0.6653,0.4382,0.6621,0.4382,0.6592,0.4382,0.6565,0.4382,0.654
2022-06-15 18:30:00,2022-06-15 19:08:00,2022-06-15 19:09:00,0.0022403606559946,0.0028772040967163,656,2022-06-15,TRUE,FALSE,FALSE,FALSE,-0.0003740603994288,Negative,Positive,0.3669,0.4978,0.3383,0.4925,0.3383,0.4883,0.3383,0.4845,0.3383,0.4811,0.3383,0.4782,0.3383,0.4757
2022-06-15 18:30:00,2022-06-15 19:09:00,2022-06-15 19:10:00,-0.0020294980082532,0.0016617868164912,657,2022-06-15,TRUE,FALSE,FALSE,FALSE,-0.0003740603994288,Negative,Negative,0.3867,0.5118,0.3609,0.5083,0.3609,0.5053,0.3609,0.5024,0.3609,0.4993,0.3609,0.4964,0.3609,0.4937
2022-06-15 18:30:00,2022-06-15 19:10:00,2022-06-15 19:11:00,0.0017655861027612,0.0027313184147807,658,2022-06-15,TRUE,FALSE,FALSE,FALSE,-0.0003740603994288,Negative,Positive,0.3661,0.6092,0.3339,0.6039,0.3339,0.5992,0.3339,0.5947,0.3339,0.5903,0.3339,0.586,0.3339,0.5821
2022-06-15 18:30:00,2022-06-15 19:11:00,2022-06-15 19:12:00,-0.0045310998793752,0.0018461376163725,659,2022-06-15,TRUE,TRUE,FALSE,FALSE,-0.0003740603994288,Negative,Negative,0.3488,0.6036,0.3149,0.5983,0.3149,0.5938,0.3149,0.5895,0.3149,0.5853,0.3149,0.5815,0.3149,0.5777
2022-06-15 18:30:00,2022-06-15 19:12:00,2022-06-15 19:13:00,0.0049828718278176,0.0040982522936992,660,2022-06-15,TRUE,TRUE,FALSE,FALSE,-0.0003740603994288,Negative,Positive,0.4028,0.6484,0.3736,0.6441,0.3736,0.6403,0.3736,0.6369,0.3736,0.634,0.3736,0.6309,0.3736,0.6277
2022-06-15 18:30:00,2022-06-15 19:13:00,2022-06-15 19:14:00,-0.0017701809004349,0.0029112081513827,661,2022-06-15,TRUE,FALSE,FALSE,FALSE,-0.0003740603994288,Negative,Negative,0.4107,0.6377,0.3833,0.6325,0.3833,0.627,0.3833,0.6219,0.3833,0.6166,0.3833,0.6119,0.3833,0.6075
2022-06-15 18:30:00,2022-06-15 19:14:00,2022-06-15 19:15:00,0.0007652969497262,0.0012675275291135,662,2022-06-15,FALSE,FALSE,FALSE,FALSE,-0.0003740603994288,Negative,Positive,0.3981,0.6402,0.3672,0.6358,0.3672,0.6318,0.3672,0.6278,0.3672,0.6236,0.3672,0.6198,0.3672,0.616
2022-06-15 18:30:00,2022-06-15 19:15:00,2022-06-15 19:16:00,-0.0005544122441492,0.0026728061818566,663,2022-06-15,FALSE,FALSE,FALSE,FALSE,-0.0003740603994288,Negative,Negative,0.4324,0.5636,0.4095,0.5603,0.4095,0.5576,0.4095,0.5551,0.4095,0.5527,0.4095,0.5503,0.4095,0.5483
2022-06-15 18:30:00,2022-06-15 19:16:00,2022-06-15 19:17:00,-0.0002904373958806,0.0018227928356316,664,2022-06-15,FALSE,FALSE,FALSE,FALSE,-0.0003740603994288,Negative,Negative,0.3435,0.4989,0.3301,0.4902,0.3301,0.4828,0.3301,0.4767,0.3301,0.4714,0.3301,0.4668,0.3301,0.4627
2022-06-15 18:30:00,2022-06-15 19:17:00,2022-06-15 19:18:00,0.0003167103682038,0.0015593614546991,665,2022-06-15,FALSE,FALSE,FALSE,FALSE,-0.0003740603994288,Negative,Positive,0.4044,0.6589,0.381,0.6545,0.381,0.6499,0.381,0.6458,0.381,0.6422,0.381,0.6386,0.381,0.6354
2022-06-15 18:30:00,2022-06-15 19:18:00,2022-06-15 19:19:00,0.0015320973046776,0.0026444685409007,666,2022-06-15,TRUE,FALSE,FALSE,FALSE,-0.0003740603994288,Negative,Positive,0.4773,0.618,0.4515,0.614,0.4515,0.6105,0.4515,0.6071,0.4515,0.604,0.4515,0.6012,0.4515,0.5986
2022-06-15 18:30:00,2022-06-15 19:19:00,2022-06-15 19:20:00,0.0007367273693441,0.0020882345166662,667,2022-06-15,FALSE,FALSE,FALSE,FALSE,-0.0003740603994288,Negative,Positive,0.4705,0.6745,0.4422,0.6691,0.4422,0.6644,0.4422,0.6603,0.4422,0.6566,0.4422,0.6532,0.4422,0.65
2022-06-15 18:30:00,2022-06-15 19:20:00,2022-06-15 19:21:00,-0.0016364398912341,0.0027965080712535,668,2022-06-15,TRUE,FALSE,FALSE,FALSE,-0.0003740603994288,Negative,Negative,0.363,0.5985,0.3319,0.5933,0.3319,0.589,0.3319,0.5852,0.3319,0.5815,0.3319,0.5776,0.3319,0.5739
2022-06-15 18:30:00,2022-06-15 19:21:00,2022-06-15 19:22:00,0.00018396466537,0.0021325329752784,669,2022-06-15,FALSE,FALSE,FALSE,FALSE,-0.0003740603994288,Negative,Positive,0.3658,0.6114,0.338,0.6069,0.338,0.6031,0.338,0.5997,0.338,0.5966,0.338,0.5939,0.338,0.5914
2022-06-15 18:30:00,2022-06-15 19:22:00,2022-06-15 19:23:00,0.0007454766781475,0.0015266371867761,670,2022-06-15,FALSE,FALSE,FALSE,FALSE,-0.0003740603994288,Negative,Positive,0.3394,0.583,0.3132,0.5796,0.3132,0.576,0.3132,0.5722,0.3132,0.5686,0.3132,0.5655,0.3132,0.5627
2022-06-15 18:30:00,2022-06-15 19:23:00,2022-06-15 19:24:00,-0.0003330132804203,0.0026851998104564,671,2022-06-15,FALSE,FALSE,FALSE,FALSE,-0.0003740603994288,Negative,Negative,0.4762,0.598,0.4595,0.5941,0.4595,0.5904,0.4595,0.5869,0.4595,0.5837,0.4595,0.5809,0.4595,0.5785
2022-06-15 18:30:00,2022-06-15 19:24:00,2022-06-15 19:25:00,-0.0010701562192348,0.0021017234131988,672,2022-06-15,TRUE,FALSE,FALSE,FALSE,-0.0003740603994288,Negative,Negative,0.336,0.6497,0.3175,0.6406,0.3175,0.6324,0.3175,0.6255,0.3175,0.6187,0.3175,0.6129,0.3175,0.6078
2022-06-15 18:30:00,2022-06-15 19:25:00,2022-06-15 19:26:00,0.0008392809725341,0.0016808929743926,673,2022-06-15,FALSE,FALSE,FALSE,FALSE,-0.0003740603994288,Negative,Positive,0.351,0.6155,0.3272,0.6068,0.3272,0.5995,0.3272,0.5931,0.3272,0.5872,0.3272,0.582,0.3272,0.5774
2022-06-15 18:30:00,2022-06-15 19:26:00,2022-06-15 19:26:23,0.0,0.001783606557377,674,2022-06-15,FALSE,FALSE,FALSE,FALSE,-0.0003740603994288,Negative,Negative,0.3964,0.6008,0.3785,0.593,0.3785,0.5866,0.3785,0.5807,0.3785,0.5757,0.3785,0.5709,0.3785,0.5666
2022-07-27 18:30:00,2022-07-27 18:30:00,2022-07-27 18:31:00,-0.0015755908017321,0.0011348787932296,675,2022-07-27,TRUE,FALSE,FALSE,FALSE,0.0004789761406991,Positive,Negative,0.428,0.6371,0.4081,0.6326,0.4081,0.6288,0.4081,0.6255,0.4081,0.6222,0.4081,0.6191,0.4081,0.6161
2022-07-27 18:30:00,2022-07-27 18:31:00,2022-07-27 18:32:00,-3.98628917370001E-05,0.0022353000606182,676,2022-07-27,FALSE,FALSE,FALSE,FALSE,0.0004789761406991,Positive,Negative,0.5125,0.7456,0.4892,0.7401,0.4892,0.7343,0.4892,0.7289,0.4892,0.7234,0.4892,0.7188,0.4892,0.7147
2022-07-27 18:30:00,2022-07-27 18:32:00,2022-07-27 18:33:00,0.0022226767640039,0.0019972190620653,677,2022-07-27,TRUE,FALSE,FALSE,FALSE,0.0004789761406991,Positive,Positive,0.3814,0.6375,0.3631,0.6299,0.3631,0.6231,0.3631,0.6169,0.3631,0.6113,0.3631,0.6059,0.3631,0.601
2022-07-27 18:30:00,2022-07-27 18:33:00,2022-07-27 18:34:00,-0.0010110892082061,0.0013356259640427,678,2022-07-27,TRUE,FALSE,FALSE,FALSE,0.0004789761406991,Positive,Negative,0.4338,0.642,0.412,0.636,0.412,0.6305,0.412,0.6253,0.412,0.6206,0.412,0.6166,0.412,0.6129
2022-07-27 18:30:00,2022-07-27 18:34:00,2022-07-27 18:35:00,0.004662044178755,0.0007582267603496,679,2022-07-27,TRUE,TRUE,FALSE,FALSE,0.0004789761406991,Positive,Positive,0.5033,0.705,0.4792,0.6998,0.4792,0.6948,0.4792,0.6905,0.4792,0.6864,0.4792,0.6826,0.4792,0.6789
2022-07-27 18:30:00,2022-07-27 18:35:00,2022-07-27 18:36:00,-0.0028371091856637,0.0056855511194218,680,2022-07-27,TRUE,TRUE,FALSE,FALSE,0.0004789761406991,Positive,Negative,0.4563,0.6691,0.4378,0.6632,0.4378,0.6582,0.4378,0.6536,0.4378,0.6496,0.4378,0.6461,0.4378,0.6429
2022-07-27 18:30:00,2022-07-27 18:36:00,2022-07-27 18:37:00,-0.0033808569665791,0.0027181655717484,681,2022-07-27,TRUE,TRUE,FALSE,FALSE,0.0004789761406991,Positive,Negative,0.4624,0.6693,0.4424,0.6655,0.4424,0.662,0.4424,0.6589,0.4424,0.6561,0.4424,0.6536,0.4424,0.6512
2022-07-27 18:30:00,2022-07-27 18:37:00,2022-07-27 18:38:00,0.0023871418500605,0.0022150066701905,682,2022-07-27,TRUE,FALSE,FALSE,FALSE,0.0004789761406991,Positive,Positive,0.4412,0.6014,0.4188,0.5953,0.4188,0.5899,0.4188,0.5851,0.4188,0.5806,0.4188,0.5763,0.4188,0.5725
2022-07-27 18:30:00,2022-07-27 18:38:00,2022-07-27 18:39:00,0.00144478252516,0.0013336688475088,683,2022-07-27,TRUE,FALSE,FALSE,FALSE,0.0004789761406991,Positive,Positive,0.4626,0.6137,0.4393,0.6077,0.4393,0.6028,0.4393,0.5987,0.4393,0.5951,0.4393,0.5916,0.4393,0.5885
2022-07-27 18:30:00,2022-07-27 18:39:00,2022-07-27 18:40:00,-2.95605477895E-05,0.0022128344397505,684,2022-07-27,FALSE,FALSE,FALSE,FALSE,0.0004789761406991,Positive,Negative,0.4218,0.6101,0.4024,0.6052,0.4024,0.6008,0.4024,0.5971,0.4024,0.5933,0.4024,0.5899,0.4024,0.5869
2022-07-27 18:30:00,2022-07-27 18:40:00,2022-07-27 18:41:00,-0.0012426934471171,0.0020828105395231,685,2022-07-27,TRUE,FALSE,FALSE,FALSE,0.0004789761406991,Positive,Negative,0.4864,0.6583,0.4593,0.6541,0.4593,0.6503,0.4593,0.6467,0.4593,0.6429,0.4593,0.6394,0.4593,0.636
2022-07-27 18:30:00,2022-07-27 18:41:00,2022-07-27 18:42:00,-0.0020528726532938,0.0014276053798181,686,2022-07-27,TRUE,FALSE,FALSE,FALSE,0.0004789761406991,Positive,Negative,0.4137,0.5618,0.3988,0.5571,0.3988,0.5529,0.3988,0.549,0.3988,0.5456,0.3988,0.5424,0.3988,0.5395
2022-07-27 18:30:00,2022-07-27 18:42:00,2022-07-27 18:43:00,0.002302026390491,0.0017289333233105,687,2022-07-27,TRUE,FALSE,FALSE,FALSE,0.0004789761406991,Positive,Positive,0.4524,0.5979,0.4337,0.5931,0.4337,0.5892,0.4337,0.5853,0.4337,0.5815,0.4337,0.5782,0.4337,0.5753
2022-07-27 18:30:00,2022-07-27 18:43:00,2022-07-27 18:44:00,0.0002009706572469,0.0013781697905182,688,2022-07-27,FALSE,FALSE,FALSE,FALSE,0.0004789761406991,Positive,Positive,0.4874,0.6808,0.4629,0.6747,0.4629,0.6697,0.4629,0.6656,0.4629,0.6617,0.4629,0.6581,0.4629,0.6547
2022-07-27 18:30:00,2022-07-27 18:44:00,2022-07-27 18:45:00,-0.0009515093403483,0.0014019276505194,689,2022-07-27,FALSE,FALSE,FALSE,FALSE,0.0004789761406991,Positive,Negative,0.3784,0.5868,0.3582,0.5822,0.3582,0.578,0.3582,0.5745,0.3582,0.5711,0.3582,0.5678,0.3582,0.5647
2022-07-27 18:30:00,2022-07-27 18:45:00,2022-07-27 18:46:00,-0.000974783188153,0.0013258618101765,690,2022-07-27,FALSE,FALSE,FALSE,FALSE,0.0004789761406991,Positive,Negative,0.3315,0.5754,0.3113,0.5701,0.3113,0.5653,0.3113,0.5613,0.3113,0.5576,0.3113,0.5544,0.3113,0.5515
2022-07-27 18:30:00,2022-07-27 18:46:00,2022-07-27 18:47:00,0.000274619994954,0.0011008256192144,691,2022-07-27,FALSE,FALSE,FALSE,FALSE,0.0004789761406991,Positive,Positive,0.4453,0.6451,0.427,0.6411,0.427,0.6372,0.427,0.6331,0.427,0.6293,0.427,0.626,0.427,0.6229
2022-07-27 18:30:00,2022-07-27 18:47:00,2022-07-27 18:48:00,0.0003961468494522,0.0008507231146473,692,2022-07-27,FALSE,FALSE,FALSE,FALSE,0.0004789761406991,Positive,Positive,0.4181,0.6445,0.4004,0.6389,0.4004,0.6346,0.4004,0.6309,0.4004,0.6272,0.4004,0.624,0.4004,0.6209
2022-07-27 18:30:00,2022-07-27 18:48:00,2022-07-27 18:49:00,-0.0001711519346841,0.0012763721000074,693,2022-07-27,FALSE,FALSE,FALSE,FALSE,0.0004789761406991,Positive,Negative,0.4079,0.6024,0.3898,0.5976,0.3898,0.5934,0.3898,0.5897,0.3898,0.5863,0.3898,0.5832,0.3898,0.5806
2022-07-27 18:30:00,2022-07-27 18:49:00,2022-07-27 18:50:00,-0.0004504754973916,0.0007510702751421,694,2022-07-27,FALSE,FALSE,FALSE,FALSE,0.0004789761406991,Positive,Negative,0.3601,0.4987,0.348,0.4955,0.348,0.4926,0.348,0.4899,0.348,0.4876,0.348,0.4853,0.348,0.483
2022-07-27 18:30:00,2022-07-27 18:50:00,2022-07-27 18:51:00,0.0018275631334351,0.0014274981217129,695,2022-07-27,TRUE,FALSE,FALSE,FALSE,0.0004789761406991,Positive,Positive,0.3573,0.5979,0.3405,0.5918,0.3405,0.587,0.3405,0.5829,0.3405,0.5794,0.3405,0.576,0.3405,0.5727
2022-07-27 18:30:00,2022-07-27 18:51:00,2022-07-27 18:52:00,0.0010491448944697,0.0016280525986223,696,2022-07-27,TRUE,FALSE,FALSE,FALSE,0.0004789761406991,Positive,Positive,0.4121,0.5977,0.3925,0.5926,0.3925,0.5882,0.3925,0.5844,0.3925,0.5807,0.3925,0.5775,0.3925,0.5747
2022-07-27 18:30:00,2022-07-27 18:52:00,2022-07-27 18:53:00,-0.0026004116161918,0.002726635981589,697,2022-07-27,TRUE,TRUE,FALSE,FALSE,0.0004789761406991,Positive,Negative,0.3301,0.6823,0.3135,0.6698,0.3135,0.66,0.3135,0.6511,0.3135,0.6433,0.3135,0.6365,0.3135,0.6303
2022-07-27 18:30:00,2022-07-27 18:53:00,2022-07-27 18:54:00,0.0002590041939962,0.0011491955631059,698,2022-07-27,FALSE,FALSE,FALSE,FALSE,0.0004789761406991,Positive,Positive,0.3703,0.5016,0.3549,0.496,0.3549,0.4916,0.3549,0.4876,0.3549,0.4842,0.3549,0.4812,0.3549,0.4784
2022-07-27 18:30:00,2022-07-27 18:54:00,2022-07-27 18:55:00,0.0003650691109922,0.0007743031271855,699,2022-07-27,FALSE,FALSE,FALSE,FALSE,0.0004789761406991,Positive,Positive,0.4429,0.6104,0.424,0.6054,0.424,0.6014,0.424,0.5975,0.424,0.594,0.424,0.5909,0.424,0.5879
2022-07-27 18:30:00,2022-07-27 18:55:00,2022-07-27 18:56:00,-0.001223355974379,0.0007991010113622,700,2022-07-27,TRUE,FALSE,FALSE,FALSE,0.0004789761406991,Positive,Negative,0.4429,0.6693,0.4244,0.6634,0.4244,0.6583,0.4244,0.6539,0.4244,0.6501,0.4244,0.6467,0.4244,0.6434
2022-07-27 18:30:00,2022-07-27 18:56:00,2022-07-27 18:57:00,-0.0001258957902746,0.0017747781527308,701,2022-07-27,FALSE,FALSE,FALSE,FALSE,0.0004789761406991,Positive,Negative,0.4716,0.6831,0.4443,0.6789,0.4443,0.6752,0.4443,0.6715,0.4443,0.6679,0.4443,0.6646,0.4443,0.6614
2022-07-27 18:30:00,2022-07-27 18:57:00,2022-07-27 18:58:00,0.0009994701595161,0.0014487676717127,702,2022-07-27,FALSE,FALSE,FALSE,FALSE,0.0004789761406991,Positive,Positive,0.3225,0.5114,0.3006,0.5074,0.3006,0.504,0.3006,0.501,0.3006,0.4983,0.3006,0.4957,0.3006,0.4932
2022-07-27 18:30:00,2022-07-27 18:58:00,2022-07-27 18:59:00,0.0004753346113393,0.0004754397817981,703,2022-07-27,FALSE,FALSE,FALSE,FALSE,0.0004789761406991,Positive,Positive,0.3732,0.537,0.3583,0.5327,0.3583,0.529,0.3583,0.5256,0.3583,0.5229,0.3583,0.5205,0.3583,0.5183
2022-07-27 18:30:00,2022-07-27 18:59:00,2022-07-27 19:00:00,-0.0006503614763087,0.0014775857751063,704,2022-07-27,FALSE,FALSE,FALSE,FALSE,0.0004789761406991,Positive,Negative,0.3758,0.6025,0.3612,0.5966,0.3612,0.5911,0.3612,0.5868,0.3612,0.583,0.3612,0.5796,0.3612,0.5764
2022-07-27 18:30:00,2022-07-27 19:00:00,2022-07-27 19:01:00,0.0002500731434869,0.0009006079103393,705,2022-07-27,FALSE,FALSE,FALSE,FALSE,0.0004789761406991,Positive,Positive,0.32,0.6295,0.3061,0.6231,0.3061,0.6166,0.3061,0.6106,0.3061,0.6051,0.3061,0.6003,0.3061,0.5959
2022-07-27 18:30:00,2022-07-27 19:01:00,2022-07-27 19:02:00,0.0001500975634161,0.0016521064357054,706,2022-07-27,FALSE,FALSE,FALSE,FALSE,0.0004789761406991,Positive,Positive,0.4595,0.6149,0.4394,0.6107,0.4394,0.6071,0.4394,0.6037,0.4394,0.6006,0.4394,0.5976,0.4394,0.5945
2022-07-27 18:30:00,2022-07-27 19:02:00,2022-07-27 19:03:00,0.0004502207307206,0.0005503715007629,707,2022-07-27,FALSE,FALSE,FALSE,FALSE,0.0004789761406991,Positive,Positive,0.3573,0.6298,0.3418,0.622,0.3418,0.615,0.3418,0.6089,0.3418,0.6036,0.3418,0.5987,0.3418,0.5942
2022-07-27 18:30:00,2022-07-27 19:03:00,2022-07-27 19:04:00,0.0019248854617451,0.001101101101101,708,2022-07-27,TRUE,FALSE,FALSE,FALSE,0.0004789761406991,Positive,Positive,0.3818,0.6225,0.3603,0.6157,0.3603,0.6104,0.3603,0.6057,0.3603,0.6016,0.3603,0.5977,0.3603,0.5939
2022-07-27 18:30:00,2022-07-27 19:04:00,2022-07-27 19:05:00,-0.0031488320999162,0.0029005075888279,709,2022-07-27,TRUE,TRUE,FALSE,FALSE,0.0004789761406991,Positive,Negative,0.3991,0.5992,0.386,0.5937,0.386,0.5891,0.386,0.5854,0.386,0.582,0.386,0.5788,0.386,0.576
2022-07-27 18:30:00,2022-07-27 19:05:00,2022-07-27 19:06:00,0.0016717773872751,0.0010234392551358,710,2022-07-27,TRUE,FALSE,FALSE,FALSE,0.0004789761406991,Positive,Positive,0.3732,0.674,0.3569,0.6667,0.3569,0.6607,0.3569,0.6548,0.3569,0.6493,0.3569,0.644,0.3569,0.6387
2022-07-27 18:30:00,2022-07-27 19:06:00,2022-07-27 19:07:00,-0.0013596778360824,0.0014476837060703,711,2022-07-27,TRUE,FALSE,FALSE,FALSE,0.0004789761406991,Positive,Negative,0.3367,0.569,0.3232,0.5636,0.3232,0.5592,0.3232,0.5551,0.3232,0.5514,0.3232,0.5481,0.3232,0.545
2022-07-27 18:30:00,2022-07-27 19:07:00,2022-07-27 19:08:00,-0.0006359750204008,0.0007981443144688,712,2022-07-27,FALSE,FALSE,FALSE,FALSE,0.0004789761406991,Positive,Negative,0.4597,0.548,0.4379,0.5433,0.4379,0.5392,0.4379,0.5353,0.4379,0.5316,0.4379,0.5283,0.4379,0.5253
2022-07-27 18:30:00,2022-07-27 19:08:00,2022-07-27 19:09:00,0.0016963619268468,0.001673075962643,713,2022-07-27,TRUE,FALSE,FALSE,FALSE,0.0004789761406991,Positive,Positive,0.3655,0.566,0.3524,0.5612,0.3524,0.5572,0.3524,0.5534,0.3524,0.55,0.3524,0.5468,0.3524,0.544
2022-07-27 18:30:00,2022-07-27 19:09:00,2022-07-27 19:10:00,-0.0004245377351093,0.0014359025584037,714,2022-07-27,FALSE,FALSE,FALSE,FALSE,0.0004789761406991,Positive,Negative,0.4856,0.6747,0.4595,0.668,0.4595,0.6628,0.4595,0.6586,0.4595,0.6549,0.4595,0.6515,0.4595,0.6485
2022-07-27 18:30:00,2022-07-27 19:10:00,2022-07-27 19:11:00,-0.0006483964777902,0.0010478780469549,715,2022-07-27,FALSE,FALSE,FALSE,FALSE,0.0004789761406991,Positive,Negative,0.4244,0.595,0.4047,0.5907,0.4047,0.5862,0.4047,0.582,0.4047,0.5783,0.4047,0.5751,0.4047,0.5721
2022-07-27 18:30:00,2022-07-27 19:11:00,2022-07-27 19:12:00,-0.0001746767826506,0.0011481342817921,716,2022-07-27,FALSE,FALSE,FALSE,FALSE,0.0004789761406991,Positive,Negative,0.4182,0.5913,0.3999,0.5868,0.3999,0.5828,0.3999,0.579,0.3999,0.5756,0.3999,0.5723,0.3999,0.5694
2022-07-27 18:30:00,2022-07-27 19:12:00,2022-07-27 19:13:00,0.0002492701032617,0.0012605304212168,717,2022-07-27,FALSE,FALSE,FALSE,FALSE,0.0004789761406991,Positive,Positive,0.3143,0.4771,0.3082,0.4729,0.3082,0.4693,0.3082,0.4661,0.3082,0.4632,0.3082,0.4605,0.3082,0.4581
2022-07-27 18:30:00,2022-07-27 19:13:00,2022-07-27 19:14:00,0.0006489280350346,0.0006490264603095,718,2022-07-27,FALSE,FALSE,FALSE,FALSE,0.0004789761406991,Positive,Positive,0.3595,0.5269,0.3454,0.5241,0.3454,0.5214,0.3454,0.519,0.3454,0.5169,0.3454,0.5151,0.3454,0.5132
2022-07-27 18:30:00,2022-07-27 19:14:00,2022-07-27 19:15:00,-0.0004742343752911,0.0006465786254587,719,2022-07-27,FALSE,FALSE,FALSE,FALSE,0.0004789761406991,Positive,Negative,0.3873,0.6636,0.3666,0.6605,0.3666,0.6576,0.3666,0.6548,0.3666,0.6522,0.3666,0.6495,0.3666,0.6469
2022-07-27 18:30:00,2022-07-27 19:15:00,2022-07-27 19:16:00,0.0007111438364416,0.0006989166791472,720,2022-07-27,FALSE,FALSE,FALSE,FALSE,0.0004789761406991,Positive,Positive,0.398,0.6551,0.3799,0.6516,0.3799,0.6488,0.3799,0.6462,0.3799,0.6436,0.3799,0.6407,0.3799,0.6381
2022-07-27 18:30:00,2022-07-27 19:16:00,2022-07-27 19:17:00,1.21029395769E-05,0.0008484092326886,721,2022-07-27,FALSE,FALSE,FALSE,FALSE,0.0004789761406991,Positive,Positive,0.4062,0.5793,0.3893,0.5744,0.3893,0.5702,0.3893,0.5664,0.3893,0.5632,0.3893,0.5603,0.3893,0.5576
2022-07-27 18:30:00,2022-07-27 19:17:00,2022-07-27 19:18:00,-0.0016452227851344,0.0011472466081405,722,2022-07-27,TRUE,FALSE,FALSE,FALSE,0.0004789761406991,Positive,Negative,0.3739,0.5989,0.3556,0.5957,0.3556,0.5928,0.3556,0.5902,0.3556,0.5877,0.3556,0.5855,0.3556,0.5833
2022-07-27 18:30:00,2022-07-27 19:18:00,2022-07-27 19:19:00,0.0011839307406519,0.0013224872741791,723,2022-07-27,TRUE,FALSE,FALSE,FALSE,0.0004789761406991,Positive,Positive,0.4133,0.6539,0.3943,0.6503,0.3943,0.647,0.3943,0.6441,0.3943,0.6415,0.3943,0.639,0.3943,0.6366
2022-07-27 18:30:00,2022-07-27 19:19:00,2022-07-27 19:20:00,-0.0003115482645816,0.0007362943180542,724,2022-07-27,FALSE,FALSE,FALSE,FALSE,0.0004789761406991,Positive,Negative,0.4404,0.6615,0.4209,0.6546,0.4209,0.6491,0.4209,0.6438,0.4209,0.6392,0.4209,0.635,0.4209,0.6312
2022-07-27 18:30:00,2022-07-27 19:20:00,2022-07-27 19:21:00,0.0015463256736809,0.0008734496269122,725,2022-07-27,TRUE,FALSE,FALSE,FALSE,0.0004789761406991,Positive,Positive,0.4192,0.6039,0.3994,0.5995,0.3994,0.5961,0.3994,0.5932,0.3994,0.5907,0.3994,0.5884,0.3994,0.5862
2022-07-27 18:30:00,2022-07-27 19:21:00,2022-07-27 19:22:00,-0.0019200305100356,0.0016214328477349,726,2022-07-27,TRUE,FALSE,FALSE,FALSE,0.0004789761406991,Positive,Negative,0.3098,0.5271,0.2928,0.5199,0.2928,0.5144,0.2928,0.5098,0.2928,0.5057,0.2928,0.5019,0.2928,0.4984
2022-07-27 18:30:00,2022-07-27 19:22:00,2022-07-27 19:23:00,0.0014702032566675,0.0008226964499401,727,2022-07-27,TRUE,FALSE,FALSE,FALSE,0.0004789761406991,Positive,Positive,0.4237,0.5872,0.4082,0.5839,0.4082,0.5811,0.4082,0.5786,0.4082,0.5763,0.4082,0.5741,0.4082,0.5721
2022-07-27 18:30:00,2022-07-27 19:23:00,2022-07-27 19:24:00,-0.0008948111449061,0.0010718113612004,728,2022-07-27,FALSE,FALSE,FALSE,FALSE,0.0004789761406991,Positive,Negative,0.3723,0.559,0.356,0.5524,0.356,0.5466,0.356,0.5415,0.356,0.5368,0.356,0.5326,0.356,0.5288
2022-07-27 18:30:00,2022-07-27 19:24:00,2022-07-27 19:24:25,0.0,0.0010216540828786,729,2022-07-27,FALSE,FALSE,FALSE,FALSE,0.0004789761406991,Positive,Negative,0.3689,0.6177,0.3512,0.6093,0.3512,0.6017,0.3512,0.5951,0.3512,0.5895,0.3512,0.5844,0.3512,0.5798
2022-09-21 18:30:00,2022-09-21 18:30:00,2022-09-21 18:31:00,0.004286975316325,0.0023101963666911,730,2022-09-21,TRUE,TRUE,FALSE,FALSE,-0.0017941440289073,Negative,Positive,0.503,0.7218,0.4861,0.7175,0.4861,0.7128,0.4861,0.7088,0.4861,0.705,0.4861,0.7011,0.4861,0.6975
2022-09-21 18:30:00,2022-09-21 18:31:00,2022-09-21 18:32:00,-0.0013409275376135,0.0056293164570258,731,2022-09-21,TRUE,FALSE,FALSE,FALSE,-0.0017941440289073,Negative,Negative,0.5112,0.6796,0.4977,0.6766,0.4977,0.674,0.4977,0.6713,0.4977,0.6689,0.4977,0.6668,0.4977,0.6648
2022-09-21 18:30:00,2022-09-21 18:32:00,2022-09-21 18:33:00,0.0018622045928206,0.0020385350401843,732,2022-09-21,TRUE,FALSE,FALSE,FALSE,-0.0017941440289073,Negative,Positive,0.4313,0.6535,0.4175,0.6447,0.4175,0.6375,0.4175,0.6317,0.4175,0.6269,0.4175,0.6226,0.4175,0.6187
2022-09-21 18:30:00,2022-09-21 18:33:00,2022-09-21 18:34:00,0.0001804473257716,0.0048403976975406,733,2022-09-21,FALSE,FALSE,FALSE,FALSE,-0.0017941440289073,Negative,Positive,0.3768,0.6262,0.3637,0.6189,0.3637,0.612,0.3637,0.606,0.3637,0.6006,0.3637,0.5958,0.3637,0.5916
2022-09-21 18:30:00,2022-09-21 18:34:00,2022-09-21 18:35:00,-0.0031937714693793,0.0045116703611944,734,2022-09-21,TRUE,TRUE,FALSE,FALSE,-0.0017941440289073,Negative,Negative,0.3349,0.5968,0.3192,0.5905,0.3192,0.5845,0.3192,0.5788,0.3192,0.5737,0.3192,0.5692,0.3192,0.5651
2022-09-21 18:30:00,2022-09-21 18:35:00,2022-09-21 18:36:00,7.7978789769015E-05,0.0029393403391946,735,2022-09-21,FALSE,FALSE,FALSE,FALSE,-0.0017941440289073,Negative,Positive,0.4953,0.7465,0.4766,0.739,0.4766,0.7331,0.4766,0.7277,0.4766,0.7223,0.4766,0.7175,0.4766,0.7132
2022-09-21 18:30:00,2022-09-21 18:36:00,2022-09-21 18:37:00,0.0001819464557724,0.0039323940727622,736,2022-09-21,FALSE,FALSE,FALSE,FALSE,-0.0017941440289073,Negative,Positive,0.4801,0.7715,0.4624,0.7635,0.4624,0.7569,0.4624,0.7505,0.4624,0.7449,0.4624,0.74,0.4624,0.7355
2022-09-21 18:30:00,2022-09-21 18:37:00,2022-09-21 18:38:00,-0.001741151415717,0.0020543557725993,737,2022-09-21,TRUE,FALSE,FALSE,FALSE,-0.0017941440289073,Negative,Negative,0.4718,0.7132,0.455,0.7047,0.455,0.698,0.455,0.6925,0.455,0.6875,0.455,0.6832,0.455,0.6791
2022-09-21 18:30:00,2022-09-21 18:38:00,2022-09-21 18:39:00,0.0016890419416075,0.002915148360229,738,2022-09-21,TRUE,FALSE,FALSE,FALSE,-0.0017941440289073,Negative,Positive,0.4487,0.6419,0.4342,0.6384,0.4342,0.6353,0.4342,0.6322,0.4342,0.6292,0.4342,0.6262,0.4342,0.6236
2022-09-21 18:30:00,2022-09-21 18:39:00,2022-09-21 18:40:00,-0.0012489318851815,0.0043554234149649,739,2022-09-21,TRUE,FALSE,FALSE,FALSE,-0.0017941440289073,Negative,Negative,0.508,0.6519,0.4883,0.6487,0.4883,0.6452,0.4883,0.6415,0.4883,0.6383,0.4883,0.6352,0.4883,0.6323
2022-09-21 18:30:00,2022-09-21 18:40:00,2022-09-21 18:41:00,0.0030731753790383,0.0026041395130598,740,2022-09-21,TRUE,TRUE,FALSE,FALSE,-0.0017941440289073,Negative,Positive,0.4278,0.6657,0.4116,0.6621,0.4116,0.6585,0.4116,0.6554,0.4116,0.6526,0.4116,0.65,0.4116,0.6477
2022-09-21 18:30:00,2022-09-21 18:41:00,2022-09-21 18:42:00,0.0014782258352344,0.0026326078456928,741,2022-09-21,TRUE,FALSE,FALSE,FALSE,-0.0017941440289073,Negative,Positive,0.39,0.6036,0.3759,0.6,0.3759,0.5972,0.3759,0.5944,0.3759,0.5916,0.3759,0.5888,0.3759,0.586
2022-09-21 18:30:00,2022-09-21 18:42:00,2022-09-21 18:43:00,0.0006232279511202,0.0041343803629934,742,2022-09-21,FALSE,FALSE,FALSE,FALSE,-0.0017941440289073,Negative,Positive,0.4451,0.6487,0.4321,0.6454,0.4321,0.642,0.4321,0.639,0.4321,0.6363,0.4321,0.6336,0.4321,0.6311
2022-09-21 18:30:00,2022-09-21 18:43:00,2022-09-21 18:44:00,-0.0026874326727694,0.0044831428645469,743,2022-09-21,TRUE,TRUE,FALSE,FALSE,-0.0017941440289073,Negative,Negative,0.4299,0.6397,0.4131,0.6338,0.4131,0.6285,0.4131,0.6238,0.4131,0.6196,0.4131,0.616,0.4131,0.6127
2022-09-21 18:30:00,2022-09-21 18:44:00,2022-09-21 18:45:00,0.0001270771026036,0.0024003716704522,744,2022-09-21,FALSE,FALSE,FALSE,FALSE,-0.0017941440289073,Negative,Positive,0.371,0.594,0.3606,0.5894,0.3606,0.5856,0.3606,0.5822,0.3606,0.579,0.3606,0.5763,0.3606,0.5739
2022-09-21 18:30:00,2022-09-21 18:45:00,2022-09-21 18:46:00,-0.0012118053793183,0.0034797401793999,745,2022-09-21,TRUE,FALSE,FALSE,FALSE,-0.0017941440289073,Negative,Negative,0.3588,0.6674,0.3443,0.6612,0.3443,0.656,0.3443,0.6514,0.3443,0.6467,0.3443,0.6424,0.3443,0.6384
2022-09-21 18:30:00,2022-09-21 18:46:00,2022-09-21 18:47:00,-0.0042070510288236,0.0027819277729122,746,2022-09-21,TRUE,TRUE,FALSE,FALSE,-0.0017941440289073,Negative,Negative,0.3447,0.5578,0.3358,0.5512,0.3358,0.5459,0.3358,0.5411,0.3358,0.537,0.3358,0.5333,0.3358,0.5298
2022-09-21 18:30:00,2022-09-21 18:47:00,2022-09-21 18:48:00,0.0015471286018707,0.0048592623226239,747,2022-09-21,TRUE,FALSE,FALSE,FALSE,-0.0017941440289073,Negative,Positive,0.3858,0.5991,0.3707,0.5933,0.3707,0.588,0.3707,0.5835,0.3707,0.5795,0.3707,0.5759,0.3707,0.5725
2022-09-21 18:30:00,2022-09-21 18:48:00,2022-09-21 18:49:00,0.0030628729868165,0.0071759138890333,748,2022-09-21,TRUE,TRUE,FALSE,FALSE,-0.0017941440289073,Negative,Positive,0.4799,0.6441,0.464,0.6406,0.464,0.6374,0.464,0.6344,0.464,0.6317,0.464,0.6292,0.464,0.6268
2022-09-21 18:30:00,2022-09-21 18:49:00,2022-09-21 18:50:00,-0.0014884025705268,0.007467911318553,749,2022-09-21,TRUE,FALSE,FALSE,FALSE,-0.0017941440289073,Negative,Negative,0.4489,0.6687,0.4321,0.6657,0.4321,0.6631,0.4321,0.6606,0.4321,0.6582,0.4321,0.6562,0.4321,0.6541
2022-09-21 18:30:00,2022-09-21 18:50:00,2022-09-21 18:51:00,2.5212413444E-05,0.003574080323996,750,2022-09-21,FALSE,FALSE,FALSE,FALSE,-0.0017941440289073,Negative,Positive,0.4876,0.7154,0.4717,0.7116,0.4717,0.7079,0.4717,0.7045,0.4717,0.7014,0.4717,0.6986,0.4717,0.6956
2022-09-21 18:30:00,2022-09-21 18:51:00,2022-09-21 18:52:00,0.0029802095867157,0.0011134731547972,751,2022-09-21,TRUE,TRUE,FALSE,FALSE,-0.0017941440289073,Negative,Positive,0.408,0.6457,0.3949,0.6394,0.3949,0.6337,0.3949,0.6291,0.3949,0.6252,0.3949,0.6218,0.3949,0.6187
2022-09-21 18:30:00,2022-09-21 18:52:00,2022-09-21 18:53:00,-0.0012980021241945,0.004436603274265,752,2022-09-21,TRUE,FALSE,FALSE,FALSE,-0.0017941440289073,Negative,Negative,0.4298,0.6259,0.4162,0.6222,0.4162,0.6191,0.4162,0.6165,0.4162,0.6141,0.4162,0.612,0.4162,0.6102
2022-09-21 18:30:00,2022-09-21 18:53:00,2022-09-21 18:54:00,0.0006448450922807,0.0022510867315255,753,2022-09-21,FALSE,FALSE,FALSE,FALSE,-0.0017941440289073,Negative,Positive,0.457,0.6503,0.4403,0.6456,0.4403,0.6419,0.4403,0.6387,0.4403,0.6353,0.4403,0.6322,0.4403,0.6293
2022-09-21 18:30:00,2022-09-21 18:54:00,2022-09-21 18:55:00,-0.0012920610762446,0.0024291916477155,754,2022-09-21,TRUE,FALSE,FALSE,FALSE,-0.0017941440289073,Negative,Negative,0.3926,0.4619,0.3807,0.4578,0.3807,0.4543,0.3807,0.4509,0.3807,0.448,0.3807,0.4453,0.3807,0.4428
2022-09-21 18:30:00,2022-09-21 18:55:00,2022-09-21 18:56:00,-0.0028107810518405,0.0020140986908359,755,2022-09-21,TRUE,TRUE,FALSE,FALSE,-0.0017941440289073,Negative,Negative,0.3587,0.585,0.3481,0.5783,0.3481,0.5729,0.3481,0.5679,0.3481,0.563,0.3481,0.5583,0.3481,0.5541
2022-09-21 18:30:00,2022-09-21 18:56:00,2022-09-21 18:57:00,0.003289537010556,0.0037151582597893,756,2022-09-21,TRUE,TRUE,FALSE,FALSE,-0.0017941440289073,Negative,Positive,0.3758,0.5094,0.3639,0.5059,0.3639,0.5027,0.3639,0.4996,0.3639,0.4969,0.3639,0.4944,0.3639,0.4919
2022-09-21 18:30:00,2022-09-21 18:57:00,2022-09-21 18:58:00,5.11887601707E-05,0.0025512923339629,757,2022-09-21,FALSE,FALSE,FALSE,FALSE,-0.0017941440289073,Negative,Positive,0.4159,0.58,0.4024,0.5751,0.4024,0.5708,0.4024,0.5672,0.4024,0.5641,0.4024,0.5613,0.4024,0.5587
2022-09-21 18:30:00,2022-09-21 18:58:00,2022-09-21 18:59:00,-0.0005297649618354,0.0017049857917849,758,2022-09-21,FALSE,FALSE,FALSE,FALSE,-0.0017941440289073,Negative,Negative,0.3783,0.5972,0.366,0.5909,0.366,0.5859,0.366,0.5815,0.366,0.5777,0.366,0.5743,0.366,0.5713
2022-09-21 18:30:00,2022-09-21 18:59:00,2022-09-21 19:00:00,-0.001961299659885,0.0019133312648671,759,2022-09-21,TRUE,FALSE,FALSE,FALSE,-0.0017941440289073,Negative,Negative,0.3903,0.634,0.3776,0.6279,0.3776,0.6231,0.3776,0.6193,0.3776,0.6158,0.3776,0.6125,0.3776,0.6093
2022-09-21 18:30:00,2022-09-21 19:00:00,2022-09-21 19:01:00,0.0006174456977077,0.0034390918728828,760,2022-09-21,FALSE,FALSE,FALSE,FALSE,-0.0017941440289073,Negative,Positive,0.4642,0.6372,0.4519,0.6335,0.4519,0.6303,0.4519,0.6277,0.4519,0.6254,0.4519,0.6232,0.4519,0.6211
2022-09-21 18:30:00,2022-09-21 19:01:00,2022-09-21 19:02:00,0.0026900943311457,0.0027710156937897,761,2022-09-21,TRUE,TRUE,FALSE,FALSE,-0.0017941440289073,Negative,Positive,0.3213,0.6141,0.3116,0.6072,0.3116,0.6009,0.3116,0.5951,0.3116,0.5901,0.3116,0.5853,0.3116,0.5809
2022-09-21 18:30:00,2022-09-21 19:02:00,2022-09-21 19:03:00,-0.0029738651724401,0.0023815687289671,762,2022-09-21,TRUE,TRUE,FALSE,FALSE,-0.0017941440289073,Negative,Negative,0.4099,0.6203,0.3962,0.6156,0.3962,0.6116,0.3962,0.6084,0.3962,0.6055,0.3962,0.603,0.3962,0.6005
2022-09-21 18:30:00,2022-09-21 19:03:00,2022-09-21 19:04:00,0.0019339932483332,0.0021101416254563,763,2022-09-21,TRUE,FALSE,FALSE,FALSE,-0.0017941440289073,Negative,Positive,0.3589,0.599,0.349,0.5934,0.349,0.5887,0.349,0.5846,0.349,0.5811,0.349,0.5779,0.349,0.575
2022-09-21 18:30:00,2022-09-21 19:04:00,2022-09-21 19:05:00,0.0005474608878211,0.001500996351026,764,2022-09-21,FALSE,FALSE,FALSE,FALSE,-0.0017941440289073,Negative,Positive,0.2967,0.6286,0.2804,0.6197,0.2804,0.6117,0.2804,0.6047,0.2804,0.5985,0.2804,0.593,0.2804,0.5873
2022-09-21 18:30:00,2022-09-21 19:05:00,2022-09-21 19:06:00,-0.0002078153395892,0.0026400939505723,765,2022-09-21,FALSE,FALSE,FALSE,FALSE,-0.0017941440289073,Negative,Negative,0.4162,0.6439,0.4033,0.639,0.4033,0.6345,0.4033,0.6308,0.4033,0.6275,0.4033,0.6245,0.4033,0.6217
2022-09-21 18:30:00,2022-09-21 19:06:00,2022-09-21 19:07:00,-0.0027366782749449,0.0018356213966234,766,2022-09-21,TRUE,TRUE,FALSE,FALSE,-0.0017941440289073,Negative,Negative,0.3598,0.6481,0.3446,0.6414,0.3446,0.6348,0.3446,0.6288,0.3446,0.6236,0.3446,0.6188,0.3446,0.614
2022-09-21 18:30:00,2022-09-21 19:07:00,2022-09-21 19:08:00,0.0009277045234467,0.0018618121638393,767,2022-09-21,FALSE,FALSE,FALSE,FALSE,-0.0017941440289073,Negative,Positive,0.3738,0.6146,0.363,0.6102,0.363,0.6067,0.363,0.6035,0.363,0.6002,0.363,0.5973,0.363,0.5947
2022-09-21 18:30:00,2022-09-21 19:08:00,2022-09-21 19:09:00,-0.0008551127634997,0.0017612164542533,768,2022-09-21,FALSE,FALSE,FALSE,FALSE,-0.0017941440289073,Negative,Negative,0.4185,0.5903,0.4104,0.5873,0.4104,0.5848,0.4104,0.5827,0.4104,0.5807,0.4104,0.5789,0.4104,0.5773
2022-09-21 18:30:00,2022-09-21 19:09:00,2022-09-21 19:10:00,-0.0036584621417331,0.0022046999014368,769,2022-09-21,TRUE,TRUE,FALSE,FALSE,-0.0017941440289073,Negative,Negative,0.3293,0.5923,0.32,0.5854,0.32,0.5794,0.32,0.5738,0.32,0.5687,0.32,0.5645,0.32,0.5607
2022-09-21 18:30:00,2022-09-21 19:10:00,2022-09-21 19:11:00,0.0043754566764603,0.0059460164297823,770,2022-09-21,TRUE,TRUE,FALSE,FALSE,-0.0017941440289073,Negative,Positive,0.3236,0.5435,0.3135,0.5384,0.3135,0.534,0.3135,0.5299,0.3135,0.5261,0.3135,0.5225,0.3135,0.5193
2022-09-21 18:30:00,2022-09-21 19:11:00,2022-09-21 19:12:00,0.0029737266928154,0.0022980701433682,771,2022-09-21,TRUE,TRUE,FALSE,FALSE,-0.0017941440289073,Negative,Positive,0.4167,0.6651,0.4006,0.6603,0.4006,0.6558,0.4006,0.6514,0.4006,0.6474,0.4006,0.6438,0.4006,0.6407
2022-09-21 18:30:00,2022-09-21 19:12:00,2022-09-21 19:12:42,-0.0006024809623318,0.0038956285295963,772,2022-09-21,FALSE,FALSE,FALSE,FALSE,-0.0017941440289073,Negative,Negative,0.4372,0.6615,0.4252,0.6584,0.4252,0.655,0.4252,0.6509,0.4252,0.6473,0.4252,0.644,0.4252,0.6407
2022-11-02 18:30:00,2022-11-02 18:30:00,2022-11-02 18:31:00,-0.0015490189294429,0.0026587506453279,773,2022-11-02,TRUE,FALSE,FALSE,FALSE,-0.0017538659340551,Negative,Negative,0.5134,0.6803,0.4747,0.6755,0.4747,0.6707,0.4747,0.6654,0.4747,0.6601,0.4747,0.6548,0.4747,0.6496
2022-11-02 18:30:00,2022-11-02 18:31:00,2022-11-02 18:32:00,0.0039516573324023,0.0037804246504402,774,2022-11-02,TRUE,TRUE,FALSE,FALSE,-0.0017538659340551,Negative,Positive,0.5192,0.664,0.4867,0.6589,0.4867,0.6542,0.4867,0.6503,0.4867,0.647,0.4867,0.6439,0.4867,0.6411
2022-11-02 18:30:00,2022-11-02 18:32:00,2022-11-02 18:33:00,-0.0022751709101133,0.0038084874863981,775,2022-11-02,TRUE,FALSE,FALSE,FALSE,-0.0017538659340551,Negative,Negative,0.4139,0.6422,0.3822,0.6358,0.3822,0.6302,0.3822,0.6251,0.3822,0.6201,0.3822,0.615,0.3822,0.6102
2022-11-02 18:30:00,2022-11-02 18:33:00,2022-11-02 18:34:00,0.000757297836408,0.0015778174387626,776,2022-11-02,FALSE,FALSE,FALSE,FALSE,-0.0017538659340551,Negative,Positive,0.4086,0.6146,0.3666,0.6086,0.3666,0.6037,0.3666,0.5994,0.3666,0.5953,0.3666,0.5914,0.3666,0.5878
2022-11-02 18:30:00,2022-11-02 18:34:00,2022-11-02 18:35:00,0.0039202919949238,0.0017075884194458,777,2022-11-02,TRUE,TRUE,FALSE,FALSE,-0.0017538659340551,Negative,Positive,0.5549,0.7013,0.5119,0.6935,0.5119,0.6869,0.5119,0.6811,0.5119,0.6758,0.5119,0.6705,0.5119,0.6655
2022-11-02 18:30:00,2022-11-02 18:35:00,2022-11-02 18:36:00,-0.0155384060402888,0.0051762841196217,778,2022-11-02,TRUE,TRUE,TRUE,TRUE,-0.0017538659340551,Negative,Negative,0.5232,0.6846,0.4802,0.6788,0.4802,0.674,0.4802,0.67,0.4802,0.6664,0.4802,0.6628,0.4802,0.6596
2022-11-02 18:30:00,2022-11-02 18:36:00,2022-11-02 18:37:00,0.0080418247661348,0.0119041417035687,779,2022-11-02,TRUE,TRUE,TRUE,TRUE,-0.0017538659340551,Negative,Positive,0.4762,0.6412,0.441,0.6358,0.441,0.6307,0.441,0.6261,0.441,0.6221,0.441,0.6186,0.441,0.6154
2022-11-02 18:30:00,2022-11-02 18:37:00,2022-11-02 18:38:00,0.0064934649533499,0.0069271990589464,780,2022-11-02,TRUE,TRUE,TRUE,FALSE,-0.0017538659340551,Negative,Positive,0.407,0.6187,0.378,0.6125,0.378,0.6072,0.378,0.6026,0.378,0.5984,0.378,0.5947,0.378,0.591
2022-11-02 18:30:00,2022-11-02 18:38:00,2022-11-02 18:39:00,-0.0011337596373981,0.0040029302495944,781,2022-11-02,TRUE,FALSE,FALSE,FALSE,-0.0017538659340551,Negative,Negative,0.4519,0.6299,0.4215,0.6246,0.4215,0.6202,0.4215,0.6161,0.4215,0.6125,0.4215,0.6092,0.4215,0.6062
2022-11-02 18:30:00,2022-11-02 18:39:00,2022-11-02 18:40:00,-0.0022212138419842,0.0048591880453524,782,2022-11-02,TRUE,FALSE,FALSE,FALSE,-0.0017538659340551,Negative,Negative,0.4798,0.5951,0.447,0.5898,0.447,0.5848,0.447,0.5807,0.447,0.5769,0.447,0.5737,0.447,0.5708
2022-11-02 18:30:00,2022-11-02 18:40:00,2022-11-02 18:41:00,0.0044124701467949,0.0035678941611542,783,2022-11-02,TRUE,TRUE,FALSE,FALSE,-0.0017538659340551,Negative,Positive,0.4745,0.6711,0.4368,0.6672,0.4368,0.6635,0.4368,0.6595,0.4368,0.6556,0.4368,0.6519,0.4368,0.6483
2022-11-02 18:30:00,2022-11-02 18:41:00,2022-11-02 18:42:00,-0.0028808937920651,0.0066021241616868,784,2022-11-02,TRUE,TRUE,FALSE,FALSE,-0.0017538659340551,Negative,Negative,0.4596,0.6583,0.4261,0.6549,0.4261,0.6512,0.4261,0.6479,0.4261,0.6444,0.4261,0.641,0.4261,0.6373
2022-11-02 18:30:00,2022-11-02 18:42:00,2022-11-02 18:43:00,-0.0010769801707443,0.0043339475254976,785,2022-11-02,TRUE,FALSE,FALSE,FALSE,-0.0017538659340551,Negative,Negative,0.4683,0.6196,0.4348,0.6161,0.4348,0.6129,0.4348,0.6097,0.4348,0.6066,0.4348,0.6036,0.4348,0.6008
2022-11-02 18:30:00,2022-11-02 18:43:00,2022-11-02 18:44:00,-0.0025900305916685,0.0042327767534863,786,2022-11-02,TRUE,TRUE,FALSE,FALSE,-0.0017538659340551,Negative,Negative,0.4167,0.5487,0.3847,0.5434,0.3847,0.5384,0.3847,0.5343,0.3847,0.5308,0.3847,0.5276,0.3847,0.5245
2022-11-02 18:30:00,2022-11-02 18:44:00,2022-11-02 18:45:00,0.0034481510889275,0.0037439550725391,787,2022-11-02,TRUE,TRUE,FALSE,FALSE,-0.0017538659340551,Negative,Positive,0.4178,0.6128,0.3786,0.6053,0.3786,0.5985,0.3786,0.5914,0.3786,0.5846,0.3786,0.5788,0.3786,0.5736
2022-11-02 18:30:00,2022-11-02 18:45:00,2022-11-02 18:46:00,-0.0033365748430677,0.0024188514357053,788,2022-11-02,TRUE,TRUE,FALSE,FALSE,-0.0017538659340551,Negative,Negative,0.4318,0.5987,0.3977,0.5936,0.3977,0.5895,0.3977,0.5856,0.3977,0.5819,0.3977,0.5788,0.3977,0.5758
2022-11-02 18:30:00,2022-11-02 18:46:00,2022-11-02 18:47:00,0.0009621714738021,0.0057619606309476,789,2022-11-02,FALSE,FALSE,FALSE,FALSE,-0.0017538659340551,Negative,Positive,0.4436,0.5905,0.4075,0.585,0.4075,0.5794,0.4075,0.5743,0.4075,0.57,0.4075,0.5661,0.4075,0.5627
2022-11-02 18:30:00,2022-11-02 18:47:00,2022-11-02 18:48:00,0.0018298125766871,0.0022419186652762,790,2022-11-02,TRUE,FALSE,FALSE,FALSE,-0.0017538659340551,Negative,Positive,0.3489,0.5524,0.3163,0.5483,0.3163,0.5441,0.3163,0.5405,0.3163,0.5373,0.3163,0.534,0.3163,0.5309
2022-11-02 18:30:00,2022-11-02 18:48:00,2022-11-02 18:49:00,-0.0012767460211107,0.002607629925161,791,2022-11-02,TRUE,FALSE,FALSE,FALSE,-0.0017538659340551,Negative,Negative,0.4136,0.5698,0.3806,0.5648,0.3806,0.5606,0.3806,0.5569,0.3806,0.5536,0.3806,0.5505,0.3806,0.5475
2022-11-02 18:30:00,2022-11-02 18:49:00,2022-11-02 18:50:00,-0.0028178938837628,0.0038372568690918,792,2022-11-02,TRUE,TRUE,FALSE,FALSE,-0.0017538659340551,Negative,Negative,0.4055,0.5608,0.3743,0.5545,0.3743,0.5493,0.3743,0.5445,0.3743,0.5404,0.3743,0.537,0.3743,0.5341
2022-11-02 18:30:00,2022-11-02 18:50:00,2022-11-02 18:51:00,-0.0016109239077387,0.0055271774721676,793,2022-11-02,TRUE,FALSE,FALSE,FALSE,-0.0017538659340551,Negative,Negative,0.4889,0.6572,0.453,0.6519,0.453,0.6474,0.453,0.6439,0.453,0.6403,0.453,0.6368,0.453,0.6336
2022-11-02 18:30:00,2022-11-02 18:51:00,2022-11-02 18:52:00,0.0056033819765913,0.0057661927330173,794,2022-11-02,TRUE,TRUE,TRUE,FALSE,-0.0017538659340551,Negative,Positive,0.3814,0.662,0.3453,0.6529,0.3453,0.6448,0.3453,0.6377,0.3453,0.6311,0.3453,0.6255,0.3453,0.6203
2022-11-02 18:30:00,2022-11-02 18:52:00,2022-11-02 18:53:00,-0.0018683781302684,0.0024206074716276,795,2022-11-02,TRUE,FALSE,FALSE,FALSE,-0.0017538659340551,Negative,Negative,0.3789,0.6002,0.3592,0.5921,0.3592,0.5846,0.3592,0.578,0.3592,0.5724,0.3592,0.5673,0.3592,0.5623
2022-11-02 18:30:00,2022-11-02 18:53:00,2022-11-02 18:54:00,0.0035820503074452,0.0031929491239181,796,2022-11-02,TRUE,TRUE,FALSE,FALSE,-0.0017538659340551,Negative,Positive,0.3626,0.547,0.3368,0.5412,0.3368,0.5364,0.3368,0.5319,0.3368,0.528,0.3368,0.5243,0.3368,0.521
2022-11-02 18:30:00,2022-11-02 18:54:00,2022-11-02 18:55:00,-0.0018453099954652,0.0126385224274406,797,2022-11-02,TRUE,FALSE,FALSE,FALSE,-0.0017538659340551,Negative,Negative,0.3489,0.6355,0.3214,0.6291,0.3214,0.6235,0.3214,0.6188,0.3214,0.6146,0.3214,0.6108,0.3214,0.6071
2022-11-02 18:30:00,2022-11-02 18:55:00,2022-11-02 18:56:00,7.89411357887891E-05,0.0029509406123201,798,2022-11-02,FALSE,FALSE,FALSE,FALSE,-0.0017538659340551,Negative,Positive,0.3535,0.6124,0.3184,0.6049,0.3184,0.5987,0.3184,0.593,0.3184,0.588,0.3184,0.5834,0.3184,0.579
2022-11-02 18:30:00,2022-11-02 18:56:00,2022-11-02 18:57:00,-0.0004209695465771,0.0014752370916754,799,2022-11-02,FALSE,FALSE,FALSE,FALSE,-0.0017538659340551,Negative,Negative,0.3324,0.599,0.3,0.5913,0.3,0.585,0.3,0.5794,0.3,0.5742,0.3,0.5695,0.3,0.5649
2022-11-02 18:30:00,2022-11-02 18:57:00,2022-11-02 18:58:00,0.0025962940013343,0.0016070816977106,800,2022-11-02,TRUE,TRUE,FALSE,FALSE,-0.0017538659340551,Negative,Positive,0.4221,0.6053,0.3839,0.6002,0.3839,0.5957,0.3839,0.5915,0.3839,0.5876,0.3839,0.5842,0.3839,0.5807
2022-11-02 18:30:00,2022-11-02 18:58:00,2022-11-02 18:59:00,-0.0033571429681736,0.0035010134512623,801,2022-11-02,TRUE,TRUE,FALSE,FALSE,-0.0017538659340551,Negative,Negative,0.3745,0.6029,0.3409,0.5964,0.3409,0.5904,0.3409,0.5857,0.3409,0.5816,0.3409,0.5779,0.3409,0.5741
2022-11-02 18:30:00,2022-11-02 18:59:00,2022-11-02 19:00:00,0.0027978562218031,0.0013930139038556,802,2022-11-02,TRUE,TRUE,FALSE,FALSE,-0.0017538659340551,Negative,Positive,0.407,0.5831,0.3764,0.5766,0.3764,0.571,0.3764,0.5662,0.3764,0.562,0.3764,0.558,0.3764,0.5543
2022-11-02 18:30:00,2022-11-02 19:00:00,2022-11-02 19:01:00,-0.0022723769240637,0.0033947368421053,803,2022-11-02,TRUE,FALSE,FALSE,FALSE,-0.0017538659340551,Negative,Negative,0.4298,0.5769,0.4019,0.5714,0.4019,0.5668,0.4019,0.5627,0.4019,0.5591,0.4019,0.5559,0.4019,0.5527
2022-11-02 18:30:00,2022-11-02 19:01:00,2022-11-02 19:02:00,0.0006822308718025,0.0021292255927658,804,2022-11-02,FALSE,FALSE,FALSE,FALSE,-0.0017538659340551,Negative,Positive,0.4347,0.548,0.4142,0.5439,0.4142,0.5397,0.4142,0.5354,0.4142,0.5318,0.4142,0.5286,0.4142,0.5256
2022-11-02 18:30:00,2022-11-02 19:02:00,2022-11-02 19:03:00,2.62246678715E-05,0.0015499802968607,805,2022-11-02,FALSE,FALSE,FALSE,FALSE,-0.0017538659340551,Negative,Positive,0.3801,0.4281,0.3641,0.4244,0.3641,0.4213,0.3641,0.4181,0.3641,0.4153,0.3641,0.4129,0.3641,0.4106
2022-11-02 18:30:00,2022-11-02 19:03:00,2022-11-02 19:04:00,-0.0008854567376826,0.0018133557593755,806,2022-11-02,FALSE,FALSE,FALSE,FALSE,-0.0017538659340551,Negative,Negative,0.4183,0.5376,0.4017,0.5344,0.4017,0.5317,0.4017,0.529,0.4017,0.5262,0.4017,0.5236,0.4017,0.5211
2022-11-02 18:30:00,2022-11-02 19:04:00,2022-11-02 19:05:00,0.0019621297903317,0.0029696985624556,807,2022-11-02,TRUE,FALSE,FALSE,FALSE,-0.0017538659340551,Negative,Positive,0.3663,0.496,0.3409,0.4931,0.3409,0.4906,0.3409,0.4882,0.3409,0.486,0.3409,0.484,0.3409,0.4822
2022-11-02 18:30:00,2022-11-02 19:05:00,2022-11-02 19:06:00,-0.0018900618825816,0.0030602729290621,808,2022-11-02,TRUE,FALSE,FALSE,FALSE,-0.0017538659340551,Negative,Negative,0.4194,0.6284,0.3882,0.6235,0.3882,0.6193,0.3882,0.6151,0.3882,0.611,0.3882,0.6068,0.3882,0.6032
2022-11-02 18:30:00,2022-11-02 19:06:00,2022-11-02 19:07:00,0.000550921631824,0.0020220086143502,809,2022-11-02,FALSE,FALSE,FALSE,FALSE,-0.0017538659340551,Negative,Positive,0.4509,0.6095,0.423,0.6052,0.423,0.6016,0.423,0.5988,0.423,0.5964,0.423,0.5942,0.423,0.5921
2022-11-02 18:30:00,2022-11-02 19:07:00,2022-11-02 19:08:00,0.0043032181659648,0.0013912221755565,810,2022-11-02,TRUE,TRUE,FALSE,FALSE,-0.0017538659340551,Negative,Positive,0.3546,0.4815,0.3306,0.477,0.3306,0.4733,0.3306,0.4703,0.3306,0.4674,0.3306,0.4646,0.3306,0.4621
2022-11-02 18:30:00,2022-11-02 19:08:00,2022-11-02 19:09:00,-0.0040417056936303,0.0049081364829396,811,2022-11-02,TRUE,TRUE,FALSE,FALSE,-0.0017538659340551,Negative,Negative,0.3684,0.516,0.3387,0.512,0.3387,0.5083,0.3387,0.5048,0.3387,0.5017,0.3387,0.4989,0.3387,0.4963
2022-11-02 18:30:00,2022-11-02 19:09:00,2022-11-02 19:10:00,-0.002324912475607,0.0024591236102027,812,2022-11-02,TRUE,FALSE,FALSE,FALSE,-0.0017538659340551,Negative,Negative,0.4545,0.5912,0.4236,0.5882,0.4236,0.5851,0.4236,0.582,0.4236,0.5791,0.4236,0.5765,0.4236,0.5741
2022-11-02 18:30:00,2022-11-02 19:10:00,2022-11-02 19:11:00,0.001644697394035,0.0030656360539761,813,2022-11-02,TRUE,FALSE,FALSE,FALSE,-0.0017538659340551,Negative,Positive,0.4843,0.6808,0.4501,0.6751,0.4501,0.6698,0.4501,0.6651,0.4501,0.6609,0.4501,0.6568,0.4501,0.6529
2022-11-02 18:30:00,2022-11-02 19:11:00,2022-11-02 19:12:00,0.0006021347065318,0.0022274633123688,814,2022-11-02,FALSE,FALSE,FALSE,FALSE,-0.0017538659340551,Negative,Positive,0.4325,0.6246,0.4006,0.6202,0.4006,0.6164,0.4006,0.6132,0.4006,0.6101,0.4006,0.6072,0.4006,0.6045
2022-11-02 18:30:00,2022-11-02 19:12:00,2022-11-02 19:13:00,-0.0013090434267033,0.0014939064342812,815,2022-11-02,TRUE,FALSE,FALSE,FALSE,-0.0017538659340551,Negative,Negative,0.4151,0.5619,0.3909,0.5565,0.3909,0.5523,0.3909,0.5484,0.3909,0.5451,0.3909,0.5422,0.3909,0.5397
2022-11-02 18:30:00,2022-11-02 19:13:00,2022-11-02 19:14:00,0.0003651163435954,0.0018620508785732,816,2022-11-02,FALSE,FALSE,FALSE,FALSE,-0.0017538659340551,Negative,Positive,0.3404,0.5957,0.3159,0.5897,0.3159,0.5841,0.3159,0.5791,0.3159,0.5747,0.3159,0.5706,0.3159,0.5669
2022-11-02 18:30:00,2022-11-02 19:14:00,2022-11-02 19:15:00,-0.0016271404016681,0.0012597763896908,817,2022-11-02,TRUE,FALSE,FALSE,FALSE,-0.0017538659340551,Negative,Negative,0.3859,0.6148,0.3557,0.608,0.3557,0.6018,0.3557,0.5967,0.3557,0.5923,0.3557,0.5883,0.3557,0.5847
2022-11-02 18:30:00,2022-11-02 19:15:00,2022-11-02 19:15:26,0.0,0.0025779297645666,818,2022-11-02,FALSE,FALSE,FALSE,FALSE,-0.0017538659340551,Negative,Negative,0.4112,0.6095,0.3817,0.6034,0.3817,0.5979,0.3817,0.5927,0.3817,0.5878,0.3817,0.5835,0.3817,0.5798
2022-12-14 18:30:00,2022-12-14 18:30:00,2022-12-14 18:31:00,0.0001782181594049,0.0006434687917635,819,2022-12-14,FALSE,FALSE,FALSE,FALSE,0.0003806082803337,Positive,Positive,0.4823,0.6378,0.4483,0.6342,0.4483,0.631,0.4483,0.628,0.4483,0.6249,0.4483,0.6219,0.4483,0.6188
2022-12-14 18:30:00,2022-12-14 18:31:00,2022-12-14 18:32:00,-0.0004722955853082,0.0008411261194398,820,2022-12-14,FALSE,FALSE,FALSE,FALSE,0.0003806082803337,Positive,Negative,0.5189,0.7224,0.4794,0.7185,0.4794,0.715,0.4794,0.7118,0.4794,0.7088,0.4794,0.7059,0.4794,0.703
2022-12-14 18:30:00,2022-12-14 18:32:00,2022-12-14 18:33:00,-0.0002224894241461,0.0003708831965185,821,2022-12-14,FALSE,FALSE,FALSE,FALSE,0.0003806082803337,Positive,Negative,0.4042,0.6289,0.3769,0.623,0.3769,0.6172,0.3769,0.6122,0.3769,0.6078,0.3769,0.604,0.3769,0.6003
2022-12-14 18:30:00,2022-12-14 18:33:00,2022-12-14 18:34:00,0.0001112360796666,0.0003090922578571,822,2022-12-14,FALSE,FALSE,FALSE,FALSE,0.0003806082803337,Positive,Positive,0.4304,0.6622,0.3953,0.654,0.3953,0.6472,0.3953,0.6414,0.3953,0.6366,0.3953,0.6324,0.3953,0.6285
2022-12-14 18:30:00,2022-12-14 18:34:00,2022-12-14 18:35:00,0.0002719473905409,0.0003956870115737,823,2022-12-14,FALSE,FALSE,FALSE,FALSE,0.0003806082803337,Positive,Positive,0.3652,0.6056,0.33,0.5977,0.33,0.5911,0.33,0.5855,0.33,0.5808,0.33,0.5764,0.33,0.5718
2022-12-14 18:30:00,2022-12-14 18:35:00,2022-12-14 18:36:00,-0.0002101512475012,0.0003337742449904,824,2022-12-14,FALSE,FALSE,FALSE,FALSE,0.0003806082803337,Positive,Negative,0.5208,0.7274,0.4736,0.7235,0.4736,0.7198,0.4736,0.7163,0.4736,0.7128,0.4736,0.7095,0.4736,0.7064
2022-12-14 18:30:00,2022-12-14 18:36:00,2022-12-14 18:37:00,0.0001606427228681,0.0002595604775913,825,2022-12-14,FALSE,FALSE,FALSE,FALSE,0.0003806082803337,Positive,Positive,0.5227,0.7154,0.4847,0.7114,0.4847,0.7077,0.4847,0.7044,0.4847,0.7015,0.4847,0.6983,0.4847,0.6944
2022-12-14 18:30:00,2022-12-14 18:37:00,2022-12-14 18:38:00,-7.4171121232E-05,0.0006674577276773,826,2022-12-14,FALSE,FALSE,FALSE,FALSE,0.0003806082803337,Positive,Negative,0.5448,0.7529,0.5023,0.7487,0.5023,0.7449,0.5023,0.7413,0.5023,0.7377,0.5023,0.7343,0.5023,0.7308
2022-12-14 18:30:00,2022-12-14 18:38:00,2022-12-14 18:39:00,0.0010005915688837,0.0004448288644507,827,2022-12-14,TRUE,FALSE,FALSE,FALSE,0.0003806082803337,Positive,Positive,0.4962,0.6599,0.4607,0.655,0.4607,0.6502,0.4607,0.646,0.4607,0.642,0.4607,0.6381,0.4607,0.6341
2022-12-14 18:30:00,2022-12-14 18:39:00,2022-12-14 18:40:00,-0.0015806676825287,0.0013589642221781,828,2022-12-14,TRUE,FALSE,FALSE,FALSE,0.0003806082803337,Positive,Negative,0.4974,0.672,0.4603,0.6648,0.4603,0.6588,0.4603,0.654,0.4603,0.65,0.4603,0.6465,0.4603,0.6435
2022-12-14 18:30:00,2022-12-14 18:40:00,2022-12-14 18:41:00,0.0006663737237436,0.00076545099879,829,2022-12-14,FALSE,FALSE,FALSE,FALSE,0.0003806082803337,Positive,Positive,0.5361,0.694,0.4956,0.6903,0.4956,0.6872,0.4956,0.6839,0.4956,0.6805,0.4956,0.6776,0.4956,0.6751
2022-12-14 18:30:00,2022-12-14 18:41:00,2022-12-14 18:42:00,-1.23851330209E-05,0.0004691589708133,830,2022-12-14,FALSE,FALSE,FALSE,FALSE,0.0003806082803337,Positive,Negative,0.4441,0.6805,0.4121,0.6776,0.4121,0.6747,0.4121,0.6717,0.4121,0.669,0.4121,0.6665,0.4121,0.6642
2022-12-14 18:30:00,2022-12-14 18:42:00,2022-12-14 18:43:00,-0.0005059207223147,0.0004341976969502,831,2022-12-14,FALSE,FALSE,FALSE,FALSE,0.0003806082803337,Positive,Negative,0.4266,0.6666,0.3952,0.6629,0.3952,0.6594,0.3952,0.6562,0.3952,0.6536,0.3952,0.651,0.3952,0.6484
2022-12-14 18:30:00,2022-12-14 18:43:00,2022-12-14 18:44:00,0.0004195411896624,0.0005060478894099,832,2022-12-14,FALSE,FALSE,FALSE,FALSE,0.0003806082803337,Positive,Positive,0.4708,0.6624,0.438,0.6578,0.438,0.6537,0.438,0.6503,0.438,0.6474,0.438,0.6444,0.438,0.6415
2022-12-14 18:30:00,2022-12-14 18:44:00,2022-12-14 18:45:00,-2.46925736202504E-05,0.0006173754136415,833,2022-12-14,FALSE,FALSE,FALSE,FALSE,0.0003806082803337,Positive,Negative,0.4489,0.5739,0.4139,0.57,0.4139,0.5665,0.4139,0.5634,0.4139,0.5607,0.4139,0.5584,0.4139,0.5563
2022-12-14 18:30:00,2022-12-14 18:45:00,2022-12-14 18:46:00,-0.0002468041944981,0.0003703246512775,834,2022-12-14,FALSE,FALSE,FALSE,FALSE,0.0003806082803337,Positive,Negative,0.3545,0.6118,0.3205,0.606,0.3205,0.6008,0.3205,0.5963,0.3205,0.5918,0.3205,0.5879,0.3205,0.5843
2022-12-14 18:30:00,2022-12-14 18:46:00,2022-12-14 18:47:00,0.0002569331820205,0.000246858722753,835,2022-12-14,FALSE,FALSE,FALSE,FALSE,0.0003806082803337,Positive,Positive,0.4173,0.6287,0.3811,0.6243,0.3811,0.6205,0.3811,0.6173,0.3811,0.6141,0.3811,0.611,0.3811,0.6081
2022-12-14 18:30:00,2022-12-14 18:47:00,2022-12-14 18:48:00,-0.0005531243473801,0.0004071302355059,836,2022-12-14,FALSE,FALSE,FALSE,FALSE,0.0003806082803337,Positive,Negative,0.3795,0.6613,0.3437,0.6562,0.3437,0.6515,0.3437,0.6473,0.3437,0.6435,0.3437,0.6399,0.3437,0.6364
2022-12-14 18:30:00,2022-12-14 18:48:00,2022-12-14 18:49:00,6.15382511794E-05,0.0005091687412865,837,2022-12-14,FALSE,FALSE,FALSE,FALSE,0.0003806082803337,Positive,Positive,0.4648,0.6848,0.433,0.6774,0.433,0.671,0.433,0.6654,0.433,0.6603,0.433,0.6557,0.433,0.6515
2022-12-14 18:30:00,2022-12-14 18:49:00,2022-12-14 18:50:00,-1.25019726057E-05,0.0009140781377417,838,2022-12-14,FALSE,FALSE,FALSE,FALSE,0.0003806082803337,Positive,Negative,0.4397,0.5567,0.4058,0.5533,0.4058,0.5498,0.4058,0.5467,0.4058,0.544,0.4058,0.5413,0.4058,0.5389
2022-12-14 18:30:00,2022-12-14 18:50:00,2022-12-14 18:51:00,0.0006549293914062,0.0008775833086127,839,2022-12-14,FALSE,FALSE,FALSE,FALSE,0.0003806082803337,Positive,Positive,0.457,0.5677,0.423,0.5632,0.423,0.5595,0.423,0.5563,0.423,0.5535,0.423,0.5509,0.423,0.5486
2022-12-14 18:30:00,2022-12-14 18:51:00,2022-12-14 18:52:00,-0.000296765491362,0.0006426099851705,840,2022-12-14,FALSE,FALSE,FALSE,FALSE,0.0003806082803337,Positive,Negative,0.463,0.679,0.4247,0.675,0.4247,0.6712,0.4247,0.6676,0.4247,0.6646,0.4247,0.6614,0.4247,0.658
2022-12-14 18:30:00,2022-12-14 18:52:00,2022-12-14 18:53:00,4.94095558080484E-05,0.0002592010824671,841,2022-12-14,FALSE,FALSE,FALSE,FALSE,0.0003806082803337,Positive,Positive,0.3723,0.6121,0.3496,0.605,0.3496,0.5984,0.3496,0.5929,0.3496,0.5879,0.3496,0.5834,0.3496,0.5794
2022-12-14 18:30:00,2022-12-14 18:53:00,2022-12-14 18:54:00,0.0002717525569445,0.0001976626392903,842,2022-12-14,FALSE,FALSE,FALSE,FALSE,0.0003806082803337,Positive,Positive,0.4289,0.6576,0.3912,0.6528,0.3912,0.6484,0.3912,0.6447,0.3912,0.6414,0.3912,0.6387,0.3912,0.6362
2022-12-14 18:30:00,2022-12-14 18:54:00,2022-12-14 18:55:00,-0.0001976583585201,0.0006053792268442,843,2022-12-14,FALSE,FALSE,FALSE,FALSE,0.0003806082803337,Positive,Negative,0.3992,0.6198,0.364,0.6144,0.364,0.6098,0.364,0.6059,0.364,0.6023,0.364,0.599,0.364,0.596
2022-12-14 18:30:00,2022-12-14 18:55:00,2022-12-14 18:56:00,0.0002467099110292,0.0003952471529854,844,2022-12-14,FALSE,FALSE,FALSE,FALSE,0.0003806082803337,Positive,Positive,0.3822,0.6338,0.3523,0.6279,0.3523,0.6231,0.3523,0.619,0.3523,0.615,0.3523,0.6111,0.3523,0.6076
2022-12-14 18:30:00,2022-12-14 18:56:00,2022-12-14 18:57:00,1.24921909574E-05,0.0005803615528992,845,2022-12-14,FALSE,FALSE,FALSE,FALSE,0.0003806082803337,Positive,Positive,0.4207,0.6288,0.3879,0.6227,0.3879,0.6174,0.3879,0.6127,0.3879,0.6085,0.3879,0.6047,0.3879,0.601
2022-12-14 18:30:00,2022-12-14 18:57:00,2022-12-14 18:58:00,-0.000924871061566,0.0004812464505296,846,2022-12-14,FALSE,FALSE,FALSE,FALSE,0.0003806082803337,Positive,Negative,0.3325,0.5286,0.3003,0.522,0.3003,0.5168,0.3003,0.5125,0.3003,0.5086,0.3003,0.5047,0.3003,0.5011
2022-12-14 18:30:00,2022-12-14 18:58:00,2022-12-14 18:59:00,0.0001223810335344,0.0014076507050601,847,2022-12-14,FALSE,FALSE,FALSE,FALSE,0.0003806082803337,Positive,Positive,0.4148,0.605,0.3855,0.6007,0.3855,0.5965,0.3855,0.5923,0.3855,0.5885,0.3855,0.585,0.3855,0.5818
2022-12-14 18:30:00,2022-12-14 18:59:00,2022-12-14 19:00:00,-0.0047436431921114,0.000914189706718,848,2022-12-14,TRUE,TRUE,FALSE,FALSE,0.0003806082803337,Positive,Negative,0.4187,0.6569,0.3881,0.652,0.3881,0.6476,0.3881,0.6439,0.3881,0.6408,0.3881,0.638,0.3881,0.6355
2022-12-14 18:30:00,2022-12-14 19:00:00,2022-12-14 19:01:00,0.0017358718135605,0.0081928430908683,849,2022-12-14,TRUE,FALSE,FALSE,FALSE,0.0003806082803337,Positive,Positive,0.4026,0.635,0.3653,0.6295,0.3653,0.6249,0.3653,0.6208,0.3653,0.6173,0.3653,0.6141,0.3653,0.611
2022-12-14 18:30:00,2022-12-14 19:01:00,2022-12-14 19:02:00,0.0020316263237448,0.0043131388681125,850,2022-12-14,TRUE,FALSE,FALSE,FALSE,0.0003806082803337,Positive,Positive,0.412,0.6822,0.3758,0.678,0.3758,0.6744,0.3758,0.6703,0.3758,0.6658,0.3758,0.6618,0.3758,0.6583
2022-12-14 18:30:00,2022-12-14 19:02:00,2022-12-14 19:03:00,0.0020817886401614,0.0046290504191167,851,2022-12-14,TRUE,FALSE,FALSE,FALSE,0.0003806082803337,Positive,Positive,0.4354,0.6091,0.4059,0.604,0.4059,0.5994,0.4059,0.595,0.4059,0.5912,0.4059,0.5876,0.4059,0.5842
2022-12-14 18:30:00,2022-12-14 19:03:00,2022-12-14 19:04:00,-0.0001375723321671,0.0027971329387376,852,2022-12-14,FALSE,FALSE,FALSE,FALSE,0.0003806082803337,Positive,Negative,0.3906,0.632,0.3647,0.6274,0.3647,0.6232,0.3647,0.6191,0.3647,0.6152,0.3647,0.6114,0.3647,0.6077
2022-12-14 18:30:00,2022-12-14 19:04:00,2022-12-14 19:05:00,-0.0005487404026556,0.0030702411262543,853,2022-12-14,FALSE,FALSE,FALSE,FALSE,0.0003806082803337,Positive,Negative,0.4227,0.6526,0.3864,0.6482,0.3864,0.6445,0.3864,0.6408,0.3864,0.6372,0.3864,0.6339,0.3864,0.6306
2022-12-14 18:30:00,2022-12-14 19:05:00,2022-12-14 19:06:00,0.0001870063041776,0.0018475981224408,854,2022-12-14,FALSE,FALSE,FALSE,FALSE,0.0003806082803337,Positive,Positive,0.4037,0.5889,0.3763,0.5832,0.3763,0.5787,0.3763,0.5748,0.3763,0.5712,0.3763,0.5678,0.3763,0.5647
2022-12-14 18:30:00,2022-12-14 19:06:00,2022-12-14 19:07:00,-0.0022795553545868,0.0017224593724256,855,2022-12-14,TRUE,FALSE,FALSE,FALSE,0.0003806082803337,Positive,Negative,0.4494,0.6099,0.4167,0.6055,0.4167,0.602,0.4167,0.5989,0.4167,0.5961,0.4167,0.5934,0.4167,0.5909
2022-12-14 18:30:00,2022-12-14 19:07:00,2022-12-14 19:08:00,-0.000981026353362,0.0031248437578121,856,2022-12-14,FALSE,FALSE,FALSE,FALSE,0.0003806082803337,Positive,Negative,0.3574,0.5623,0.3331,0.5573,0.3331,0.5529,0.3331,0.5491,0.3331,0.5457,0.3331,0.5427,0.3331,0.5399
2022-12-14 18:30:00,2022-12-14 19:08:00,2022-12-14 19:09:00,0.0045043130771998,0.0036614420062695,857,2022-12-14,TRUE,TRUE,FALSE,FALSE,0.0003806082803337,Positive,Positive,0.3934,0.5743,0.3715,0.5691,0.3715,0.5649,0.3715,0.5613,0.3715,0.558,0.3715,0.5551,0.3715,0.5523
2022-12-14 18:30:00,2022-12-14 19:09:00,2022-12-14 19:10:00,-0.0021568447587934,0.0021820917983446,858,2022-12-14,TRUE,FALSE,FALSE,FALSE,0.0003806082803337,Positive,Negative,0.3547,0.4844,0.3329,0.48,0.3329,0.476,0.3329,0.4724,0.3329,0.4692,0.3329,0.4659,0.3329,0.4627
2022-12-14 18:30:00,2022-12-14 19:10:00,2022-12-14 19:11:00,0.0023790157494482,0.0031340102795537,859,2022-12-14,TRUE,FALSE,FALSE,FALSE,0.0003806082803337,Positive,Positive,0.458,0.626,0.4231,0.6211,0.4231,0.6171,0.4231,0.6134,0.4231,0.6097,0.4231,0.6062,0.4231,0.603
2022-12-14 18:30:00,2022-12-14 19:11:00,2022-12-14 19:12:00,-0.0014780082757418,0.0017034068136272,860,2022-12-14,TRUE,FALSE,FALSE,FALSE,0.0003806082803337,Positive,Negative,0.3094,0.4922,0.2868,0.4829,0.2868,0.4744,0.2868,0.4663,0.2868,0.4592,0.2868,0.453,0.2868,0.4476
2022-12-14 18:30:00,2022-12-14 19:12:00,2022-12-14 19:13:00,0.002325391313791,0.0019526286829073,861,2022-12-14,TRUE,FALSE,FALSE,FALSE,0.0003806082803337,Positive,Positive,0.3406,0.5727,0.3173,0.5659,0.3173,0.5591,0.3173,0.5522,0.3173,0.5462,0.3173,0.541,0.3173,0.5363
2022-12-14 18:30:00,2022-12-14 19:13:00,2022-12-14 19:14:00,-0.0037972973557106,0.0026754682069361,862,2022-12-14,TRUE,TRUE,FALSE,FALSE,0.0003806082803337,Positive,Negative,0.4976,0.651,0.4569,0.6471,0.4569,0.6437,0.4569,0.6402,0.4569,0.6372,0.4569,0.6345,0.4569,0.6321
2022-12-14 18:30:00,2022-12-14 19:14:00,2022-12-14 19:15:00,0.0017465088543747,0.0021992302694056,863,2022-12-14,TRUE,FALSE,FALSE,FALSE,0.0003806082803337,Positive,Positive,0.3929,0.481,0.3664,0.4774,0.3664,0.4743,0.3664,0.4717,0.3664,0.4694,0.3664,0.4673,0.3664,0.4653
2022-12-14 18:30:00,2022-12-14 19:15:00,2022-12-14 19:15:32,-0.0014969638031852,0.0020012007204322,864,2022-12-14,TRUE,FALSE,FALSE,FALSE,0.0003806082803337,Positive,Negative,0.3899,0.5855,0.3564,0.5816,0.3564,0.5782,0.3564,0.5755,0.3564,0.5731,0.3564,0.571,0.3564,0.5689
2023-02-01 18:30:00,2023-02-01 18:30:00,2023-02-01 18:31:00,0.0004500174395118,0.0003708006822733,865,2023-02-01,FALSE,FALSE,FALSE,FALSE,-0.0002472921319050520,Negative,Positive,0.497,0.6822,0.4651,0.6778,0.4651,0.6732,0.4651,0.6691,0.4651,0.6654,0.4651,0.6618,0.4651,0.6583
2023-02-01 18:30:00,2023-02-01 18:31:00,2023-02-01 18:32:00,-0.0006970823352534,0.0007038789960827,866,2023-02-01,FALSE,FALSE,FALSE,FALSE,-0.0002472921319050520,Negative,Negative,0.5314,0.7028,0.4982,0.6988,0.4982,0.695,0.4982,0.6907,0.4982,0.687,0.4982,0.6838,0.4982,0.6809
2023-02-01 18:30:00,2023-02-01 18:32:00,2023-02-01 18:33:00,0.0004928220898051,0.0003829240575127,867,2023-02-01,FALSE,FALSE,FALSE,FALSE,-0.0002472921319050520,Negative,Positive,0.4126,0.6473,0.387,0.6403,0.387,0.6345,0.387,0.6294,0.387,0.6244,0.387,0.6198,0.387,0.6153
2023-02-01 18:30:00,2023-02-01 18:33:00,2023-02-01 18:34:00,-0.0002211445802197,0.0003952862119228,868,2023-02-01,FALSE,FALSE,FALSE,FALSE,-0.0002472921319050520,Negative,Negative,0.423,0.6705,0.3887,0.6605,0.3887,0.6518,0.3887,0.644,0.3887,0.6371,0.3887,0.631,0.3887,0.6253
2023-02-01 18:30:00,2023-02-01 18:34:00,2023-02-01 18:35:00,-0.0007160926733021,0.0004199189803379,869,2023-02-01,FALSE,FALSE,FALSE,FALSE,-0.0002472921319050520,Negative,Negative,0.5117,0.6463,0.4814,0.6407,0.4814,0.6357,0.4814,0.6305,0.4814,0.6256,0.4814,0.6212,0.4814,0.6173
2023-02-01 18:30:00,2023-02-01 18:35:00,2023-02-01 18:36:00,0.0005305994357831,0.0007659616525003,870,2023-02-01,FALSE,FALSE,FALSE,FALSE,-0.0002472921319050520,Negative,Positive,0.5538,0.7039,0.5141,0.6992,0.5141,0.6949,0.5141,0.6901,0.5141,0.6855,0.5141,0.6814,0.5141,0.6777
2023-02-01 18:30:00,2023-02-01 18:36:00,2023-02-01 18:37:00,9.90782239870137E-05,0.0001729719044206,871,2023-02-01,FALSE,FALSE,FALSE,FALSE,-0.0002472921319050520,Negative,Positive,0.487,0.655,0.4582,0.6504,0.4582,0.6462,0.4582,0.6414,0.4582,0.6367,0.4582,0.6321,0.4582,0.6281
2023-02-01 18:30:00,2023-02-01 18:37:00,2023-02-01 18:38:00,-6.37475747951425E-05,0.0002718197094,872,2023-02-01,FALSE,FALSE,FALSE,FALSE,-0.0002472921319050520,Negative,Negative,0.4649,0.6461,0.4368,0.6427,0.4368,0.6395,0.4368,0.6362,0.4368,0.6328,0.4368,0.6295,0.4368,0.626
2023-02-01 18:30:00,2023-02-01 18:38:00,2023-02-01 18:39:00,0.0001996478127816,0.0002965745637882,873,2023-02-01,FALSE,FALSE,FALSE,FALSE,-0.0002472921319050520,Negative,Positive,0.4847,0.6258,0.4548,0.621,0.4548,0.6165,0.4548,0.612,0.4548,0.6077,0.4548,0.6038,0.4548,0.6002
2023-02-01 18:30:00,2023-02-01 18:39:00,2023-02-01 18:40:00,-0.0001853157454294,0.0003459523574181,874,2023-02-01,FALSE,FALSE,FALSE,FALSE,-0.0002472921319050520,Negative,Negative,0.3983,0.6392,0.371,0.631,0.371,0.624,0.371,0.6184,0.371,0.6135,0.371,0.6092,0.371,0.6052
2023-02-01 18:30:00,2023-02-01 18:40:00,2023-02-01 18:41:00,0.0001850473192811,0.0002841084553147,875,2023-02-01,FALSE,FALSE,FALSE,FALSE,-0.0002472921319050520,Negative,Positive,0.4315,0.6571,0.404,0.6508,0.404,0.6456,0.404,0.6413,0.404,0.6374,0.404,0.6339,0.404,0.6306
2023-02-01 18:30:00,2023-02-01 18:41:00,2023-02-01 18:42:00,4.9631593225E-05,0.0004076590487956,876,2023-02-01,FALSE,FALSE,FALSE,FALSE,-0.0002472921319050520,Negative,Positive,0.4146,0.6953,0.3894,0.6873,0.3894,0.6806,0.3894,0.6744,0.3894,0.6691,0.3894,0.6642,0.3894,0.6596
2023-02-01 18:30:00,2023-02-01 18:42:00,2023-02-01 18:43:00,-0.0004940052511096,0.0005188644281372,877,2023-02-01,FALSE,FALSE,FALSE,FALSE,-0.0002472921319050520,Negative,Negative,0.4708,0.6475,0.439,0.6422,0.439,0.6379,0.439,0.6345,0.439,0.6315,0.439,0.6286,0.439,0.6259
2023-02-01 18:30:00,2023-02-01 18:43:00,2023-02-01 18:44:00,-0.0001263349101554,0.0003953057442866,878,2023-02-01,FALSE,FALSE,FALSE,FALSE,-0.0002472921319050520,Negative,Negative,0.4678,0.6183,0.4389,0.6134,0.4389,0.6095,0.4389,0.6062,0.4389,0.6028,0.4389,0.5995,0.4389,0.5964
2023-02-01 18:30:00,2023-02-01 18:44:00,2023-02-01 18:45:00,-3.52644957078E-05,0.0005932957579353,879,2023-02-01,FALSE,FALSE,FALSE,FALSE,-0.0002472921319050520,Negative,Negative,0.3695,0.5593,0.3469,0.5507,0.3469,0.5437,0.3469,0.5378,0.3469,0.5327,0.3469,0.5285,0.3469,0.5245
2023-02-01 18:30:00,2023-02-01 18:45:00,2023-02-01 18:46:00,0.000408796210475,0.0005306884309922,880,2023-02-01,FALSE,FALSE,FALSE,FALSE,-0.0002472921319050520,Negative,Positive,0.394,0.5666,0.3701,0.5605,0.3701,0.5557,0.3701,0.5516,0.3701,0.5479,0.3701,0.5445,0.3701,0.5412
2023-02-01 18:30:00,2023-02-01 18:46:00,2023-02-01 18:47:00,-0.0003093666087407,0.0002472982664392,881,2023-02-01,FALSE,FALSE,FALSE,FALSE,-0.0002472921319050520,Negative,Negative,0.3535,0.5976,0.3251,0.591,0.3251,0.5852,0.3251,0.5801,0.3251,0.5759,0.3251,0.5717,0.3251,0.5678
2023-02-01 18:30:00,2023-02-01 18:47:00,2023-02-01 18:48:00,0.0004575374293691,0.0004329111418959,882,2023-02-01,FALSE,FALSE,FALSE,FALSE,-0.0002472921319050520,Negative,Positive,0.415,0.6085,0.3897,0.6044,0.3897,0.6007,0.3897,0.597,0.3897,0.5934,0.3897,0.5901,0.3897,0.587
2023-02-01 18:30:00,2023-02-01 18:48:00,2023-02-01 18:49:00,0.0001978704176416,0.0002968974219407,883,2023-02-01,FALSE,FALSE,FALSE,FALSE,-0.0002472921319050520,Negative,Positive,0.4277,0.6238,0.3977,0.6186,0.3977,0.6138,0.3977,0.6095,0.3977,0.6055,0.3977,0.6016,0.3977,0.5981
2023-02-01 18:30:00,2023-02-01 18:49:00,2023-02-01 18:50:00,-0.0005688392361963,0.0004205422521274,884,2023-02-01,FALSE,FALSE,FALSE,FALSE,-0.0002472921319050520,Negative,Negative,0.4172,0.6302,0.3904,0.6247,0.3904,0.6202,0.3904,0.6161,0.3904,0.6125,0.3904,0.6091,0.3904,0.6061
2023-02-01 18:30:00,2023-02-01 18:50:00,2023-02-01 18:51:00,0.0007422094286614,0.0003710208018995,885,2023-02-01,FALSE,FALSE,FALSE,FALSE,-0.0002472921319050520,Negative,Positive,0.488,0.6642,0.4618,0.6574,0.4618,0.6516,0.4618,0.6468,0.4618,0.6426,0.4618,0.6387,0.4618,0.6351
2023-02-01 18:30:00,2023-02-01 18:51:00,2023-02-01 18:52:00,-0.0005443732655166,0.0006431504477316,886,2023-02-01,FALSE,FALSE,FALSE,FALSE,-0.0002472921319050520,Negative,Negative,0.4355,0.5421,0.4111,0.5382,0.4111,0.535,0.4111,0.5322,0.4111,0.5296,0.4111,0.5272,0.4111,0.5248
2023-02-01 18:30:00,2023-02-01 18:52:00,2023-02-01 18:53:00,2.47200452127532E-05,0.00025964712719,887,2023-02-01,FALSE,FALSE,FALSE,FALSE,-0.0002472921319050520,Negative,Positive,0.4892,0.549,0.4609,0.5451,0.4609,0.5417,0.4609,0.5387,0.4609,0.5362,0.4609,0.5339,0.4609,0.5315
2023-02-01 18:30:00,2023-02-01 18:53:00,2023-02-01 18:54:00,0.000333770118921,0.0003503436681007,888,2023-02-01,FALSE,FALSE,FALSE,FALSE,-0.0002472921319050520,Negative,Positive,0.5277,0.6434,0.4943,0.6399,0.4943,0.6366,0.4943,0.6337,0.4943,0.6311,0.4943,0.6285,0.4943,0.626
2023-02-01 18:30:00,2023-02-01 18:54:00,2023-02-01 18:55:00,-0.0001854645086847,0.00037085568769,889,2023-02-01,FALSE,FALSE,FALSE,FALSE,-0.0002472921319050520,Negative,Negative,0.4385,0.6029,0.4118,0.5981,0.4118,0.5938,0.4118,0.5902,0.4118,0.587,0.4118,0.5838,0.4118,0.5808
2023-02-01 18:30:00,2023-02-01 18:55:00,2023-02-01 18:56:00,0.0003089012972151,0.0003213208759701,890,2023-02-01,FALSE,FALSE,FALSE,FALSE,-0.0002472921319050520,Negative,Positive,0.4029,0.5989,0.3758,0.594,0.3758,0.5898,0.3758,0.5858,0.3758,0.5818,0.3758,0.5783,0.3758,0.5751
2023-02-01 18:30:00,2023-02-01 18:56:00,2023-02-01 18:57:00,-0.0004571861420002,0.0004448398576512,891,2023-02-01,FALSE,FALSE,FALSE,FALSE,-0.0002472921319050520,Negative,Negative,0.402,0.5732,0.3731,0.5662,0.3731,0.5601,0.3731,0.555,0.3731,0.5505,0.3731,0.5466,0.3731,0.5433
2023-02-01 18:30:00,2023-02-01 18:57:00,2023-02-01 18:58:00,0.0007781521386475,0.0003953741227635,892,2023-02-01,FALSE,FALSE,FALSE,FALSE,-0.0002472921319050520,Negative,Positive,0.3611,0.6009,0.3327,0.5937,0.3327,0.5867,0.3327,0.5804,0.3327,0.5747,0.3327,0.5695,0.3327,0.5648
2023-02-01 18:30:00,2023-02-01 18:58:00,2023-02-01 18:59:00,-0.0016668039188138,0.0009635101415619,893,2023-02-01,TRUE,FALSE,FALSE,FALSE,-0.0002472921319050520,Negative,Negative,0.3778,0.5645,0.3524,0.5562,0.3524,0.5496,0.3524,0.5438,0.3524,0.5385,0.3524,0.5337,0.3524,0.5294
2023-02-01 18:30:00,2023-02-01 18:59:00,2023-02-01 19:00:00,-0.0015574893130963,0.001952449211606,894,2023-02-01,TRUE,FALSE,FALSE,FALSE,-0.0002472921319050520,Negative,Negative,0.374,0.6529,0.3482,0.6455,0.3482,0.6377,0.3482,0.6307,0.3482,0.6246,0.3482,0.6191,0.3482,0.6144
2023-02-01 18:30:00,2023-02-01 19:00:00,2023-02-01 19:01:00,0.004105559451232,0.0059393638170975,895,2023-02-01,TRUE,TRUE,FALSE,FALSE,-0.0002472921319050520,Negative,Positive,0.3393,0.5749,0.317,0.5686,0.317,0.5633,0.317,0.5584,0.317,0.5541,0.317,0.55,0.317,0.5462
2023-02-01 18:30:00,2023-02-01 19:01:00,2023-02-01 19:02:00,-0.0038351258245357,0.0043379108621287,896,2023-02-01,TRUE,TRUE,FALSE,FALSE,-0.0002472921319050520,Negative,Negative,0.3335,0.5983,0.3119,0.5934,0.3119,0.589,0.3119,0.585,0.3119,0.5813,0.3119,0.5778,0.3119,0.5744
2023-02-01 18:30:00,2023-02-01 19:02:00,2023-02-01 19:03:00,0.0028199276857692,0.0031469917732183,897,2023-02-01,TRUE,TRUE,FALSE,FALSE,-0.0002472921319050520,Negative,Positive,0.4368,0.6162,0.4108,0.6111,0.4108,0.6067,0.4108,0.603,0.4108,0.5999,0.4108,0.5972,0.4108,0.5947
2023-02-01 18:30:00,2023-02-01 19:03:00,2023-02-01 19:04:00,-0.0001737189215954,0.0020334779913205,898,2023-02-01,FALSE,FALSE,FALSE,FALSE,-0.0002472921319050520,Negative,Negative,0.4155,0.5719,0.392,0.5676,0.392,0.5638,0.392,0.5605,0.392,0.5575,0.392,0.5547,0.392,0.5521
2023-02-01 18:30:00,2023-02-01 19:04:00,2023-02-01 19:05:00,0.0011632718544247,0.0013377595005696,899,2023-02-01,TRUE,FALSE,FALSE,FALSE,-0.0002472921319050520,Negative,Positive,0.4068,0.5886,0.3852,0.5819,0.3852,0.5765,0.3852,0.5717,0.3852,0.5674,0.3852,0.563,0.3852,0.5589
2023-02-01 18:30:00,2023-02-01 19:05:00,2023-02-01 19:06:00,-0.002227196148935,0.0023276545166402,900,2023-02-01,TRUE,FALSE,FALSE,FALSE,-0.0002472921319050520,Negative,Negative,0.3791,0.5824,0.3523,0.5768,0.3523,0.572,0.3523,0.5677,0.3523,0.5638,0.3523,0.5601,0.3523,0.5567
2023-02-01 18:30:00,2023-02-01 19:06:00,2023-02-01 19:07:00,0.0033384068747949,0.0010438826497799,901,2023-02-01,TRUE,TRUE,FALSE,FALSE,-0.0002472921319050520,Negative,Positive,0.4523,0.7018,0.4225,0.6957,0.4225,0.6904,0.4225,0.6857,0.4225,0.6817,0.4225,0.6782,0.4225,0.675
2023-02-01 18:30:00,2023-02-01 19:07:00,2023-02-01 19:08:00,-0.0015117770093588,0.0039085691668315,902,2023-02-01,TRUE,FALSE,FALSE,FALSE,-0.0002472921319050520,Negative,Negative,0.4059,0.6531,0.3777,0.6488,0.3777,0.6446,0.3777,0.6402,0.3777,0.6361,0.3777,0.6322,0.3777,0.6284
2023-02-01 18:30:00,2023-02-01 19:08:00,2023-02-01 19:09:00,-0.0023665283087117,0.0017024426350851,903,2023-02-01,TRUE,FALSE,FALSE,FALSE,-0.0002472921319050520,Negative,Negative,0.4458,0.5895,0.4171,0.5851,0.4171,0.5809,0.4171,0.5771,0.4171,0.5737,0.4171,0.5706,0.4171,0.5679
2023-02-01 18:30:00,2023-02-01 19:09:00,2023-02-01 19:10:00,0.0014293245315221,0.0014554245399379,904,2023-02-01,TRUE,FALSE,FALSE,FALSE,-0.0002472921319050520,Negative,Positive,0.4272,0.6171,0.4043,0.6119,0.4043,0.6073,0.4043,0.6034,0.4043,0.6,0.4043,0.5971,0.4043,0.5944
2023-02-01 18:30:00,2023-02-01 19:10:00,2023-02-01 19:11:00,0.000517693395833,0.0019244054080727,905,2023-02-01,FALSE,FALSE,FALSE,FALSE,-0.0002472921319050520,Negative,Positive,0.3474,0.5774,0.3232,0.5704,0.3232,0.5639,0.3232,0.5582,0.3232,0.553,0.3232,0.5483,0.3232,0.5441
2023-02-01 18:30:00,2023-02-01 19:11:00,2023-02-01 19:12:00,-0.0010107448829429,0.001208593345337,906,2023-02-01,TRUE,FALSE,FALSE,FALSE,-0.0002472921319050520,Negative,Negative,0.4457,0.6373,0.4142,0.6297,0.4142,0.6236,0.4142,0.6187,0.4142,0.6141,0.4142,0.6102,0.4142,0.6065
2023-02-01 18:30:00,2023-02-01 19:12:00,2023-02-01 19:13:00,3.69175700007E-05,0.0010798816568047,907,2023-02-01,FALSE,FALSE,FALSE,FALSE,-0.0002472921319050520,Negative,Positive,0.4671,0.594,0.4366,0.5886,0.4366,0.584,0.4366,0.5801,0.4366,0.5765,0.4366,0.573,0.4366,0.5697
2023-02-01 18:30:00,2023-02-01 19:13:00,2023-02-01 19:14:00,-0.0003821295224624,0.0010853478046373,908,2023-02-01,FALSE,FALSE,FALSE,FALSE,-0.0002472921319050520,Negative,Negative,0.4607,0.6257,0.4311,0.6223,0.4311,0.6191,0.4311,0.6161,0.4311,0.6134,0.4311,0.6107,0.4311,0.6082
2023-02-01 18:30:00,2023-02-01 19:14:00,2023-02-01 19:14:36,0.0004436404855024,0.0012706637058968,909,2023-02-01,FALSE,FALSE,FALSE,FALSE,-0.0002472921319050520,Negative,Positive,0.4171,0.6067,0.3976,0.6001,0.3976,0.5946,0.3976,0.5901,0.3976,0.5859,0.3976,0.582,0.3976,0.5782
2023-03-22 18:30:00,2023-03-22 18:30:00,2023-03-22 18:31:00,0.0030983104141789,0.0016112790030845,910,2023-03-22,TRUE,TRUE,FALSE,FALSE,-0.0009376937893829940,Negative,Positive,0.4856,0.6785,0.4636,0.6713,0.4513,0.6648,0.4513,0.6591,0.4513,0.6543,0.4513,0.6502,0.4513,0.6464
2023-03-22 18:30:00,2023-03-22 18:31:00,2023-03-22 18:32:00,-0.0039462622223226,0.0035311795642373,911,2023-03-22,TRUE,TRUE,FALSE,FALSE,-0.0009376937893829940,Negative,Negative,0.49,0.6558,0.4706,0.6495,0.4553,0.6439,0.4553,0.6392,0.4553,0.6349,0.4553,0.6306,0.4553,0.6266
2023-03-22 18:30:00,2023-03-22 18:32:00,2023-03-22 18:33:00,0.0014728422177065,0.003354192740926,912,2023-03-22,TRUE,FALSE,FALSE,FALSE,-0.0009376937893829940,Negative,Positive,0.4422,0.5923,0.4148,0.5877,0.4016,0.5837,0.4016,0.5802,0.4016,0.5767,0.4016,0.5732,0.4016,0.5698
2023-03-22 18:30:00,2023-03-22 18:33:00,2023-03-22 18:34:00,0.0006006137910621,0.0015282858145012,913,2023-03-22,FALSE,FALSE,FALSE,FALSE,-0.0009376937893829940,Negative,Positive,0.4533,0.6263,0.4247,0.6203,0.4137,0.6153,0.4137,0.6106,0.4137,0.6062,0.4137,0.6022,0.4137,0.5987
2023-03-22 18:30:00,2023-03-22 18:34:00,2023-03-22 18:35:00,-0.0031284250155358,0.0015149959301234,914,2023-03-22,TRUE,TRUE,FALSE,FALSE,-0.0009376937893829940,Negative,Negative,0.3969,0.6067,0.3653,0.5946,0.3525,0.5841,0.3525,0.5754,0.3525,0.5677,0.3525,0.5604,0.3525,0.5541
2023-03-22 18:30:00,2023-03-22 18:35:00,2023-03-22 18:36:00,0.0025855987821149,0.0035916112018083,915,2023-03-22,TRUE,TRUE,FALSE,FALSE,-0.0009376937893829940,Negative,Positive,0.4802,0.6795,0.4445,0.6721,0.43,0.6656,0.43,0.6597,0.43,0.6544,0.43,0.6494,0.43,0.6448
2023-03-22 18:30:00,2023-03-22 18:36:00,2023-03-22 18:37:00,0.0026526213772959,0.002868646200302,916,2023-03-22,TRUE,TRUE,FALSE,FALSE,-0.0009376937893829940,Negative,Positive,0.5665,0.7393,0.5269,0.7333,0.5096,0.7272,0.5096,0.722,0.5096,0.7173,0.5096,0.7128,0.5096,0.7087
2023-03-22 18:30:00,2023-03-22 18:37:00,2023-03-22 18:38:00,-0.0009823938936703,0.0038195753235332,917,2023-03-22,FALSE,FALSE,FALSE,FALSE,-0.0009376937893829940,Negative,Negative,0.5248,0.7044,0.4933,0.6946,0.4778,0.6865,0.4778,0.6797,0.4778,0.6738,0.4778,0.6687,0.4778,0.6643
2023-03-22 18:30:00,2023-03-22 18:38:00,2023-03-22 18:39:00,-0.0022535407285692,0.0022922851452405,918,2023-03-22,TRUE,FALSE,FALSE,FALSE,-0.0009376937893829940,Negative,Negative,0.552,0.6701,0.5129,0.6646,0.4974,0.659,0.4974,0.6545,0.4974,0.6507,0.4974,0.6471,0.4974,0.6438
2023-03-22 18:30:00,2023-03-22 18:39:00,2023-03-22 18:40:00,0.0029039401302068,0.0012275516593612,919,2023-03-22,TRUE,TRUE,FALSE,FALSE,-0.0009376937893829940,Negative,Positive,0.4756,0.6679,0.4522,0.6623,0.4403,0.6568,0.4403,0.6512,0.4403,0.6461,0.4403,0.6414,0.4403,0.6373
2023-03-22 18:30:00,2023-03-22 18:40:00,2023-03-22 18:41:00,-0.0002913537035694,0.0029051566530591,920,2023-03-22,FALSE,FALSE,FALSE,FALSE,-0.0009376937893829940,Negative,Negative,0.5046,0.7099,0.468,0.7065,0.4524,0.7031,0.4524,0.6997,0.4524,0.6962,0.4524,0.6931,0.4524,0.6901
2023-03-22 18:30:00,2023-03-22 18:41:00,2023-03-22 18:42:00,-0.0006390306398865,0.0025503187898488,921,2023-03-22,FALSE,FALSE,FALSE,FALSE,-0.0009376937893829940,Negative,Negative,0.4549,0.584,0.4242,0.5797,0.4131,0.5757,0.4131,0.5721,0.4131,0.5687,0.4131,0.5657,0.4131,0.5629
2023-03-22 18:30:00,2023-03-22 18:42:00,2023-03-22 18:43:00,-0.0007674454411235,0.001797124600639,922,2023-03-22,FALSE,FALSE,FALSE,FALSE,-0.0009376937893829940,Negative,Negative,0.4802,0.6397,0.4497,0.6359,0.4357,0.6322,0.4357,0.629,0.4357,0.6261,0.4357,0.6234,0.4357,0.621
2023-03-22 18:30:00,2023-03-22 18:43:00,2023-03-22 18:44:00,-0.0013018368894572,0.0014217654835249,923,2023-03-22,TRUE,FALSE,FALSE,FALSE,-0.0009376937893829940,Negative,Negative,0.503,0.6676,0.4746,0.6636,0.4628,0.6594,0.4628,0.6554,0.4628,0.6519,0.4628,0.6487,0.4628,0.6458
2023-03-22 18:30:00,2023-03-22 18:44:00,2023-03-22 18:45:00,0.0013706453570136,0.0021959923140268,924,2023-03-22,TRUE,FALSE,FALSE,FALSE,-0.0009376937893829940,Negative,Positive,0.4391,0.6228,0.4132,0.6184,0.4031,0.6142,0.4031,0.6106,0.4031,0.6073,0.4031,0.6043,0.4031,0.6016
2023-03-22 18:30:00,2023-03-22 18:45:00,2023-03-22 18:46:00,0.0016078917485712,0.0014727540500735,925,2023-03-22,TRUE,FALSE,FALSE,FALSE,-0.0009376937893829940,Negative,Positive,0.5182,0.6894,0.4913,0.6855,0.4782,0.682,0.4782,0.6789,0.4782,0.6763,0.4782,0.6737,0.4782,0.6713
2023-03-22 18:30:00,2023-03-22 18:46:00,2023-03-22 18:47:00,-0.0012852498533433,0.0024805853682859,926,2023-03-22,TRUE,FALSE,FALSE,FALSE,-0.0009376937893829940,Negative,Negative,0.3626,0.5794,0.3414,0.5733,0.3314,0.5682,0.3314,0.5636,0.3314,0.559,0.3314,0.5548,0.3314,0.5511
2023-03-22 18:30:00,2023-03-22 18:47:00,2023-03-22 18:48:00,-0.000758888157653,0.0011698235308759,927,2023-03-22,FALSE,FALSE,FALSE,FALSE,-0.0009376937893829940,Negative,Negative,0.4331,0.5632,0.4099,0.5576,0.3993,0.5524,0.3993,0.5479,0.3993,0.544,0.3993,0.5405,0.3993,0.5373
2023-03-22 18:30:00,2023-03-22 18:48:00,2023-03-22 18:49:00,-0.0010195366200478,0.00109439124487,928,2023-03-22,TRUE,FALSE,FALSE,FALSE,-0.0009376937893829940,Negative,Negative,0.394,0.5726,0.3662,0.567,0.3541,0.5626,0.3541,0.5587,0.3541,0.5553,0.3541,0.552,0.3541,0.5486
2023-03-22 18:30:00,2023-03-22 18:49:00,2023-03-22 18:50:00,0.0014053159263315,0.0015435940845489,929,2023-03-22,TRUE,FALSE,FALSE,FALSE,-0.0009376937893829940,Negative,Positive,0.4948,0.6515,0.4633,0.6479,0.45,0.6448,0.45,0.6415,0.45,0.6384,0.45,0.6357,0.45,0.6331
2023-03-22 18:30:00,2023-03-22 18:50:00,2023-03-22 18:51:00,-0.0005724779981202,0.0009962143853358,930,2023-03-22,FALSE,FALSE,FALSE,FALSE,-0.0009376937893829940,Negative,Negative,0.3204,0.6781,0.3084,0.6693,0.2985,0.6598,0.2985,0.651,0.2985,0.6428,0.2985,0.6354,0.2985,0.6288
2023-03-22 18:30:00,2023-03-22 18:51:00,2023-03-22 18:52:00,0.0004480051409923,0.0012699519410345,931,2023-03-22,FALSE,FALSE,FALSE,FALSE,-0.0009376937893829940,Negative,Positive,0.4095,0.5408,0.3927,0.5357,0.3841,0.5315,0.3841,0.5275,0.3841,0.5239,0.3841,0.5203,0.3841,0.5169
2023-03-22 18:30:00,2023-03-22 18:52:00,2023-03-22 18:53:00,-0.0028871150104725,0.0007717201891959,932,2023-03-22,TRUE,TRUE,FALSE,FALSE,-0.0009376937893829940,Negative,Negative,0.4747,0.6088,0.4477,0.604,0.4337,0.6002,0.4337,0.5969,0.4337,0.5941,0.4337,0.5916,0.4337,0.5893
2023-03-22 18:30:00,2023-03-22 18:53:00,2023-03-22 18:54:00,0.0019642559231502,0.0032202501310567,933,2023-03-22,TRUE,FALSE,FALSE,FALSE,-0.0009376937893829940,Negative,Positive,0.4602,0.6956,0.4293,0.6892,0.4165,0.6838,0.4165,0.6789,0.4165,0.6744,0.4165,0.6705,0.4165,0.6667
2023-03-22 18:30:00,2023-03-22 18:54:00,2023-03-22 18:55:00,0.0003490993865747,0.002548916710398,934,2023-03-22,FALSE,FALSE,FALSE,FALSE,-0.0009376937893829940,Negative,Positive,0.4605,0.5916,0.4371,0.5878,0.425,0.5841,0.425,0.5805,0.425,0.5773,0.425,0.5746,0.425,0.572
2023-03-22 18:30:00,2023-03-22 18:55:00,2023-03-22 18:56:00,-0.0004498274820559,0.0016749581260468,935,2023-03-22,FALSE,FALSE,FALSE,FALSE,-0.0009376937893829940,Negative,Negative,0.4356,0.6254,0.4132,0.621,0.4022,0.6174,0.4022,0.6142,0.4022,0.6111,0.4022,0.6079,0.4022,0.605
2023-03-22 18:30:00,2023-03-22 18:56:00,2023-03-22 18:57:00,4.93078518984999E-05,0.0015512021816908,936,2023-03-22,FALSE,FALSE,FALSE,FALSE,-0.0009376937893829940,Negative,Positive,0.4817,0.645,0.4516,0.6401,0.4395,0.6358,0.4395,0.632,0.4395,0.6286,0.4395,0.6255,0.4395,0.6227
2023-03-22 18:30:00,2023-03-22 18:57:00,2023-03-22 18:58:00,-0.0008763920143497,0.0018773466833541,937,2023-03-22,FALSE,FALSE,FALSE,FALSE,-0.0009376937893829940,Negative,Negative,0.4642,0.6022,0.4428,0.5979,0.4319,0.5946,0.4319,0.5915,0.4319,0.5889,0.4319,0.5865,0.4319,0.5844
2023-03-22 18:30:00,2023-03-22 18:58:00,2023-03-22 18:59:00,0.0006238814741517,0.0022820744307353,938,2023-03-22,FALSE,FALSE,FALSE,FALSE,-0.0009376937893829940,Negative,Positive,0.4461,0.5506,0.43,0.5465,0.4194,0.5434,0.4194,0.5407,0.4194,0.5382,0.4194,0.5361,0.4194,0.5342
2023-03-22 18:30:00,2023-03-22 18:59:00,2023-03-22 19:00:00,0.0014040010664956,0.0013552856138942,939,2023-03-22,TRUE,FALSE,FALSE,FALSE,-0.0009376937893829940,Negative,Positive,0.4843,0.6438,0.4594,0.6385,0.4463,0.6339,0.4463,0.63,0.4463,0.6267,0.4463,0.6232,0.4463,0.6197
2023-03-22 18:30:00,2023-03-22 19:00:00,2023-03-22 19:01:00,-0.00230748621957,0.0018075465066653,940,2023-03-22,TRUE,FALSE,FALSE,FALSE,-0.0009376937893829940,Negative,Negative,0.3923,0.5283,0.3772,0.5237,0.3693,0.5199,0.3693,0.5164,0.3693,0.5133,0.3693,0.5105,0.3693,0.5081
2023-03-22 18:30:00,2023-03-22 19:01:00,2023-03-22 19:02:00,0.0023080441746364,0.0028413376917274,941,2023-03-22,TRUE,FALSE,FALSE,FALSE,-0.0009376937893829940,Negative,Positive,0.5004,0.6211,0.4782,0.6157,0.4657,0.6111,0.4657,0.6072,0.4657,0.6037,0.4657,0.6003,0.4657,0.5971
2023-03-22 18:30:00,2023-03-22 19:02:00,2023-03-22 19:03:00,-0.0006280870721955,0.0018105919629833,942,2023-03-22,FALSE,FALSE,FALSE,FALSE,-0.0009376937893829940,Negative,Negative,0.4588,0.6408,0.4335,0.637,0.4229,0.6334,0.4229,0.6303,0.4229,0.6275,0.4229,0.625,0.4229,0.6225
2023-03-22 18:30:00,2023-03-22 19:03:00,2023-03-22 19:04:00,-0.002462189074753,0.0014074595355383,943,2023-03-22,TRUE,FALSE,FALSE,FALSE,-0.0009376937893829940,Negative,Negative,0.4226,0.6172,0.3991,0.6122,0.3883,0.608,0.3883,0.6044,0.3883,0.6013,0.3883,0.5984,0.3883,0.5957
2023-03-22 18:30:00,2023-03-22 19:04:00,2023-03-22 19:05:00,0.0025369964712896,0.003125,944,2023-03-22,TRUE,TRUE,FALSE,FALSE,-0.0009376937893829940,Negative,Positive,0.4235,0.6375,0.4047,0.6285,0.3925,0.6214,0.3925,0.6155,0.3925,0.6105,0.3925,0.6061,0.3925,0.6021
2023-03-22 18:30:00,2023-03-22 19:05:00,2023-03-22 19:06:00,0.0011591802092951,0.0015878216599037,945,2023-03-22,TRUE,FALSE,FALSE,FALSE,-0.0009376937893829940,Negative,Positive,0.3781,0.5864,0.3586,0.5802,0.3503,0.575,0.3503,0.5705,0.3503,0.5665,0.3503,0.5627,0.3503,0.5592
2023-03-22 18:30:00,2023-03-22 19:06:00,2023-03-22 19:07:00,-0.0023421930863302,0.0017903974177929,946,2023-03-22,TRUE,FALSE,FALSE,FALSE,-0.0009376937893829940,Negative,Negative,0.454,0.6351,0.4236,0.629,0.4106,0.6221,0.4106,0.6159,0.4106,0.6106,0.4106,0.606,0.4106,0.6019
2023-03-22 18:30:00,2023-03-22 19:07:00,2023-03-22 19:08:00,-5.2444306151E-05,0.0016894873540611,947,2023-03-22,FALSE,FALSE,FALSE,FALSE,-0.0009376937893829940,Negative,Negative,0.3847,0.5283,0.3624,0.522,0.3512,0.5167,0.3512,0.5115,0.3512,0.5068,0.3512,0.5029,0.3512,0.4992
2023-03-22 18:30:00,2023-03-22 19:08:00,2023-03-22 19:09:00,0.0025337912558896,0.001995503801561,948,2023-03-22,TRUE,TRUE,FALSE,FALSE,-0.0009376937893829940,Negative,Positive,0.4091,0.5413,0.3878,0.5371,0.379,0.5335,0.379,0.5301,0.379,0.5271,0.379,0.5245,0.379,0.5222
2023-03-22 18:30:00,2023-03-22 19:09:00,2023-03-22 19:10:00,-0.0006932589026414,0.0021846488235145,949,2023-03-22,FALSE,FALSE,FALSE,FALSE,-0.0009376937893829940,Negative,Negative,0.4342,0.5742,0.4161,0.5715,0.4073,0.5689,0.4073,0.5665,0.4073,0.5642,0.4073,0.562,0.4073,0.5599
2023-03-22 18:30:00,2023-03-22 19:10:00,2023-03-22 19:11:00,-0.0016135723197682,0.001518070690794,950,2023-03-22,TRUE,FALSE,FALSE,FALSE,-0.0009376937893829940,Negative,Negative,0.3915,0.5669,0.3753,0.5628,0.3681,0.5588,0.3681,0.5552,0.3681,0.5521,0.3681,0.5493,0.3681,0.5465
2023-03-22 18:30:00,2023-03-22 19:11:00,2023-03-22 19:12:00,0.001746449050791,0.0018936046658418,951,2023-03-22,TRUE,FALSE,FALSE,FALSE,-0.0009376937893829940,Negative,Positive,0.4917,0.6347,0.4722,0.631,0.4598,0.6276,0.4598,0.6247,0.4598,0.6219,0.4598,0.6192,0.4598,0.6163
2023-03-22 18:30:00,2023-03-22 19:12:00,2023-03-22 19:13:00,-0.0003345645757592,0.0018943220852697,952,2023-03-22,FALSE,FALSE,FALSE,FALSE,-0.0009376937893829940,Negative,Negative,0.4676,0.6588,0.4362,0.6548,0.4227,0.65,0.4227,0.6458,0.4227,0.6421,0.4227,0.639,0.4227,0.6362
2023-03-22 18:30:00,2023-03-22 19:13:00,2023-03-22 19:13:31,0.0020679457236998,0.0012866765900547,953,2023-03-22,TRUE,FALSE,FALSE,FALSE,-0.0009376937893829940,Negative,Positive,0.4403,0.5841,0.4199,0.5795,0.4101,0.5757,0.4101,0.5719,0.4101,0.5686,0.4101,0.5655,0.4101,0.5628
2023-05-03 18:30:00,2023-05-03 18:30:00,2023-05-03 18:31:00,-0.0010906123876904,0.000654672421318,954,2023-05-03,TRUE,FALSE,FALSE,FALSE,0.0003635370736802,Positive,Negative,0.4622,0.6013,0.4334,0.5959,0.4272,0.5914,0.4272,0.5876,0.4272,0.5841,0.4272,0.5806,0.4272,0.5769
2023-05-03 18:30:00,2023-05-03 18:31:00,2023-05-03 18:32:00,0.0007268777909371,0.0017112273505102,955,2023-05-03,FALSE,FALSE,FALSE,FALSE,0.0003635370736802,Positive,Positive,0.5133,0.6595,0.476,0.6536,0.4675,0.6486,0.4675,0.6442,0.4675,0.6397,0.4675,0.6353,0.4675,0.6312
2023-05-03 18:30:00,2023-05-03 18:32:00,2023-05-03 18:33:00,0.0006793148664369,0.0009712745550349,956,2023-05-03,FALSE,FALSE,FALSE,FALSE,0.0003635370736802,Positive,Positive,0.5035,0.6551,0.4746,0.6497,0.4681,0.6449,0.4681,0.6405,0.4681,0.6366,0.4681,0.6328,0.4681,0.6293
2023-05-03 18:30:00,2023-05-03 18:33:00,2023-05-03 18:34:00,-0.0018917864237303,0.0012859083850931,957,2023-05-03,TRUE,FALSE,FALSE,FALSE,0.0003635370736802,Positive,Negative,0.4146,0.6294,0.3822,0.6232,0.3762,0.6174,0.3762,0.6113,0.3762,0.6054,0.3762,0.5994,0.3762,0.594
2023-05-03 18:30:00,2023-05-03 18:34:00,2023-05-03 18:35:00,0.0005080217425227,0.0021377383699744,958,2023-05-03,FALSE,FALSE,FALSE,FALSE,0.0003635370736802,Positive,Positive,0.5375,0.7145,0.4955,0.708,0.4859,0.7015,0.4859,0.6954,0.4859,0.6893,0.4859,0.6834,0.4859,0.6781
2023-05-03 18:30:00,2023-05-03 18:35:00,2023-05-03 18:36:00,-0.0002925387003676,0.0024584976388685,959,2023-05-03,FALSE,FALSE,FALSE,FALSE,0.0003635370736802,Positive,Negative,0.4831,0.6885,0.4453,0.6838,0.4349,0.6793,0.4349,0.675,0.4349,0.671,0.4349,0.6675,0.4349,0.6644
2023-05-03 18:30:00,2023-05-03 18:36:00,2023-05-03 18:37:00,0.0026634326418417,0.0013386229220921,960,2023-05-03,TRUE,TRUE,FALSE,FALSE,0.0003635370736802,Positive,Positive,0.5486,0.6471,0.5067,0.641,0.4963,0.6358,0.4963,0.6315,0.4963,0.6276,0.4963,0.6237,0.4963,0.6201
2023-05-03 18:30:00,2023-05-03 18:37:00,2023-05-03 18:38:00,0.000277105951865,0.0035339995125517,961,2023-05-03,FALSE,FALSE,FALSE,FALSE,0.0003635370736802,Positive,Positive,0.5367,0.6978,0.4993,0.6924,0.4915,0.6878,0.4915,0.6836,0.4915,0.6795,0.4915,0.6759,0.4915,0.6725
2023-05-03 18:30:00,2023-05-03 18:38:00,2023-05-03 18:39:00,-0.0009248414085482,0.0032574081726911,962,2023-05-03,FALSE,FALSE,FALSE,FALSE,0.0003635370736802,Positive,Negative,0.5264,0.6981,0.4912,0.6924,0.4845,0.6879,0.4845,0.6839,0.4845,0.6799,0.4845,0.6763,0.4845,0.6731
2023-05-03 18:30:00,2023-05-03 18:39:00,2023-05-03 18:40:00,0.0012594483829206,0.0013101072347033,963,2023-05-03,TRUE,FALSE,FALSE,FALSE,0.0003635370736802,Positive,Positive,0.4711,0.6061,0.4359,0.5989,0.4287,0.593,0.4287,0.588,0.4287,0.5837,0.4287,0.5794,0.4287,0.5754
2023-05-03 18:30:00,2023-05-03 18:40:00,2023-05-03 18:41:00,-0.0028579347041286,0.0033941862438479,964,2023-05-03,TRUE,TRUE,FALSE,FALSE,0.0003635370736802,Positive,Negative,0.3905,0.5602,0.3705,0.5502,0.366,0.5406,0.366,0.5328,0.366,0.526,0.366,0.5199,0.366,0.5141
2023-05-03 18:30:00,2023-05-03 18:41:00,2023-05-03 18:42:00,-0.001573801023728,0.0017922449078447,965,2023-05-03,TRUE,FALSE,FALSE,FALSE,0.0003635370736802,Positive,Negative,0.4471,0.6313,0.4234,0.627,0.4176,0.6235,0.4176,0.6202,0.4176,0.617,0.4176,0.6141,0.4176,0.6115
2023-05-03 18:30:00,2023-05-03 18:42:00,2023-05-03 18:43:00,0.0017654175887502,0.0032519535989903,966,2023-05-03,TRUE,FALSE,FALSE,FALSE,0.0003635370736802,Positive,Positive,0.4848,0.604,0.4546,0.5999,0.4479,0.5963,0.4479,0.5929,0.4479,0.5892,0.4479,0.5861,0.4479,0.5834
2023-05-03 18:30:00,2023-05-03 18:43:00,2023-05-03 18:44:00,0.0008251945677049,0.0014573718727229,967,2023-05-03,FALSE,FALSE,FALSE,FALSE,0.0003635370736802,Positive,Positive,0.3753,0.5467,0.3575,0.541,0.3521,0.5362,0.3521,0.5319,0.3521,0.5277,0.3521,0.5237,0.3521,0.5195
2023-05-03 18:30:00,2023-05-03 18:44:00,2023-05-03 18:45:00,0.0006184847873874,0.0015795101088647,968,2023-05-03,FALSE,FALSE,FALSE,FALSE,0.0003635370736802,Positive,Positive,0.4628,0.5668,0.4353,0.5632,0.4293,0.5597,0.4293,0.5563,0.4293,0.5531,0.4293,0.5497,0.4293,0.5463
2023-05-03 18:30:00,2023-05-03 18:45:00,2023-05-03 18:46:00,-0.0010311652764512,0.0017933410988158,969,2023-05-03,TRUE,FALSE,FALSE,FALSE,0.0003635370736802,Positive,Negative,0.4179,0.5504,0.3961,0.5451,0.3913,0.54,0.3913,0.5352,0.3913,0.5303,0.3913,0.5259,0.3913,0.5218
2023-05-03 18:30:00,2023-05-03 18:46:00,2023-05-03 18:47:00,-0.0004860083764784,0.0014073229320844,970,2023-05-03,FALSE,FALSE,FALSE,FALSE,0.0003635370736802,Positive,Negative,0.3439,0.6074,0.3261,0.591,0.322,0.5764,0.322,0.5626,0.322,0.5505,0.322,0.5403,0.322,0.5314
2023-05-03 18:30:00,2023-05-03 18:47:00,2023-05-03 18:48:00,0.0012381188524232,0.0014327691298962,971,2023-05-03,TRUE,FALSE,FALSE,FALSE,0.0003635370736802,Positive,Positive,0.3901,0.5303,0.372,0.5249,0.3681,0.5199,0.3681,0.5156,0.3681,0.5119,0.3681,0.5088,0.3681,0.5058
2023-05-03 18:30:00,2023-05-03 18:48:00,2023-05-03 18:49:00,-0.00145554766767,0.0009949282923633,972,2023-05-03,TRUE,FALSE,FALSE,FALSE,0.0003635370736802,Positive,Negative,0.4309,0.6191,0.4027,0.6123,0.3946,0.6063,0.3946,0.6006,0.3946,0.5955,0.3946,0.5912,0.3946,0.5871
2023-05-03 18:30:00,2023-05-03 18:49:00,2023-05-03 18:50:00,0.0005089580334428,0.0012870325400679,973,2023-05-03,FALSE,FALSE,FALSE,FALSE,0.0003635370736802,Positive,Positive,0.5188,0.658,0.4854,0.6509,0.4774,0.6449,0.4774,0.6401,0.4774,0.6361,0.4774,0.6324,0.4774,0.6289
2023-05-03 18:30:00,2023-05-03 18:50:00,2023-05-03 18:51:00,-0.0008323021662695,0.0016043950701314,974,2023-05-03,FALSE,FALSE,FALSE,FALSE,0.0003635370736802,Positive,Negative,0.459,0.5559,0.4373,0.5518,0.4317,0.5481,0.4317,0.5446,0.4317,0.5416,0.4317,0.5387,0.4317,0.5361
2023-05-03 18:30:00,2023-05-03 18:51:00,2023-05-03 18:52:00,0.0012694537240461,0.0024569426875547,975,2023-05-03,TRUE,FALSE,FALSE,FALSE,0.0003635370736802,Positive,Positive,0.4861,0.6155,0.4593,0.6114,0.4527,0.6072,0.4527,0.6035,0.4527,0.6002,0.4527,0.5973,0.4527,0.5945
2023-05-03 18:30:00,2023-05-03 18:52:00,2023-05-03 18:53:00,0.0014832720303016,0.0021928221621225,976,2023-05-03,TRUE,FALSE,FALSE,FALSE,0.0003635370736802,Positive,Positive,0.4728,0.6573,0.4381,0.6521,0.4284,0.6472,0.4284,0.6429,0.4284,0.6388,0.4284,0.6352,0.4284,0.6319
2023-05-03 18:30:00,2023-05-03 18:53:00,2023-05-03 18:54:00,-0.0018718262642551,0.0022857142857142,977,2023-05-03,TRUE,FALSE,FALSE,FALSE,0.0003635370736802,Positive,Negative,0.4941,0.6579,0.4573,0.6527,0.4492,0.648,0.4492,0.6435,0.4492,0.6389,0.4492,0.6349,0.4492,0.6313
2023-05-03 18:30:00,2023-05-03 18:54:00,2023-05-03 18:55:00,0.0001334503224165,0.0014823094867807,978,2023-05-03,FALSE,FALSE,FALSE,FALSE,0.0003635370736802,Positive,Positive,0.4593,0.5967,0.4371,0.5918,0.4313,0.5875,0.4313,0.5834,0.4313,0.5799,0.4313,0.5769,0.4313,0.5742
2023-05-03 18:30:00,2023-05-03 18:55:00,2023-05-03 18:56:00,0.0021495491796483,0.0013611063850472,979,2023-05-03,TRUE,FALSE,FALSE,FALSE,0.0003635370736802,Positive,Positive,0.4734,0.6669,0.4425,0.6603,0.435,0.6547,0.435,0.6497,0.435,0.6451,0.435,0.6409,0.435,0.6372
2023-05-03 18:30:00,2023-05-03 18:56:00,2023-05-03 18:57:00,-0.0041975991404902,0.0029389618906512,980,2023-05-03,TRUE,TRUE,FALSE,FALSE,0.0003635370736802,Positive,Negative,0.4554,0.6087,0.4257,0.6035,0.419,0.5981,0.419,0.5936,0.419,0.5896,0.419,0.586,0.419,0.5826
2023-05-03 18:30:00,2023-05-03 18:57:00,2023-05-03 18:58:00,0.0033964039912128,0.0031849456614232,981,2023-05-03,TRUE,TRUE,FALSE,FALSE,0.0003635370736802,Positive,Positive,0.4616,0.6788,0.423,0.6725,0.4159,0.6675,0.4159,0.6635,0.4159,0.6601,0.4159,0.6567,0.4159,0.6537
2023-05-03 18:30:00,2023-05-03 18:58:00,2023-05-03 18:59:00,-0.0009905278840497,0.0020169619207309,982,2023-05-03,FALSE,FALSE,FALSE,FALSE,0.0003635370736802,Positive,Negative,0.375,0.556,0.3515,0.5504,0.3457,0.5449,0.3457,0.5399,0.3457,0.5356,0.3457,0.5319,0.3457,0.5284
2023-05-03 18:30:00,2023-05-03 18:59:00,2023-05-03 19:00:00,0.0003461498152958,0.0009952422565298,983,2023-05-03,FALSE,FALSE,FALSE,FALSE,0.0003635370736802,Positive,Positive,0.3216,0.5914,0.305,0.582,0.3008,0.5741,0.3008,0.5675,0.3008,0.5612,0.3008,0.5552,0.3008,0.5497
2023-05-03 18:30:00,2023-05-03 19:00:00,2023-05-03 19:01:00,-0.0012250147477518,0.0013593222807484,984,2023-05-03,TRUE,FALSE,FALSE,FALSE,0.0003635370736802,Positive,Negative,0.4843,0.5816,0.4452,0.5756,0.4369,0.5704,0.4369,0.5658,0.4369,0.562,0.4369,0.5584,0.4369,0.5553
2023-05-03 18:30:00,2023-05-03 19:01:00,2023-05-03 19:02:00,-0.0003009171219273,0.0016994003544463,985,2023-05-03,FALSE,FALSE,FALSE,FALSE,0.0003635370736802,Positive,Negative,0.379,0.5522,0.3441,0.5447,0.3374,0.5377,0.3374,0.5319,0.3374,0.5271,0.3374,0.523,0.3374,0.5194
2023-05-03 18:30:00,2023-05-03 19:02:00,2023-05-03 19:03:00,0.000736890041828,0.0019565190973277,986,2023-05-03,FALSE,FALSE,FALSE,FALSE,0.0003635370736802,Positive,Positive,0.3683,0.6045,0.3405,0.5972,0.334,0.5909,0.334,0.5854,0.334,0.5801,0.334,0.5746,0.334,0.5694
2023-05-03 18:30:00,2023-05-03 19:03:00,2023-05-03 19:04:00,0.0013849364762761,0.0016540182914964,987,2023-05-03,TRUE,FALSE,FALSE,FALSE,0.0003635370736802,Positive,Positive,0.412,0.5982,0.3887,0.5939,0.3829,0.59,0.3829,0.5858,0.3829,0.5817,0.3829,0.5781,0.3829,0.5747
2023-05-03 18:30:00,2023-05-03 19:04:00,2023-05-03 19:05:00,0.0010182485028875,0.0013121446274966,988,2023-05-03,TRUE,FALSE,FALSE,FALSE,0.0003635370736802,Positive,Positive,0.4808,0.6291,0.4469,0.6253,0.4399,0.6224,0.4399,0.62,0.4399,0.6173,0.4399,0.6148,0.4399,0.6125
2023-05-03 18:30:00,2023-05-03 19:05:00,2023-05-03 19:06:00,-0.0043398976422824,0.0029622435352676,989,2023-05-03,TRUE,TRUE,FALSE,FALSE,0.0003635370736802,Positive,Negative,0.5338,0.6489,0.5019,0.6436,0.4933,0.639,0.4933,0.6345,0.4933,0.6305,0.4933,0.627,0.4933,0.6239
2023-05-03 18:30:00,2023-05-03 19:06:00,2023-05-03 19:07:00,0.0001650885166957,0.0030151661838935,990,2023-05-03,FALSE,FALSE,FALSE,FALSE,0.0003635370736802,Positive,Positive,0.4749,0.6393,0.4542,0.6333,0.4461,0.6281,0.4461,0.6238,0.4461,0.6198,0.4461,0.6162,0.4461,0.6131
2023-05-03 18:30:00,2023-05-03 19:07:00,2023-05-03 19:08:00,0.0016497015030042,0.0030676340263913,991,2023-05-03,TRUE,FALSE,FALSE,FALSE,0.0003635370736802,Positive,Positive,0.4585,0.5455,0.4433,0.5423,0.4401,0.5393,0.4401,0.5363,0.4401,0.533,0.4401,0.5299,0.4401,0.527
2023-05-03 18:30:00,2023-05-03 19:08:00,2023-05-03 19:09:00,-4.87907906545E-05,0.001241570708669,992,2023-05-03,FALSE,FALSE,FALSE,FALSE,0.0003635370736802,Positive,Negative,0.447,0.5898,0.4306,0.5854,0.4244,0.5816,0.4244,0.5783,0.4244,0.5754,0.4244,0.5726,0.4244,0.57
2023-05-03 18:30:00,2023-05-03 19:09:00,2023-05-03 19:10:00,-0.0016796884568333,0.0017058192806316,993,2023-05-03,TRUE,FALSE,FALSE,FALSE,0.0003635370736802,Positive,Negative,0.3721,0.512,0.3547,0.5059,0.3515,0.5007,0.3515,0.4964,0.3515,0.4927,0.3515,0.4892,0.3515,0.4861
2023-05-03 18:30:00,2023-05-03 19:10:00,2023-05-03 19:11:00,0.003020139771752,0.0023176384484021,994,2023-05-03,TRUE,TRUE,FALSE,FALSE,0.0003635370736802,Positive,Positive,0.3827,0.5495,0.3642,0.5434,0.3601,0.5379,0.3601,0.5327,0.3601,0.5276,0.3601,0.5229,0.3601,0.5186
2023-05-03 18:30:00,2023-05-03 19:11:00,2023-05-03 19:12:00,-0.0021697997587746,0.0020262187828039,995,2023-05-03,TRUE,FALSE,FALSE,FALSE,0.0003635370736802,Positive,Negative,0.4016,0.5753,0.3805,0.5691,0.3752,0.5639,0.3752,0.5589,0.3752,0.554,0.3752,0.5496,0.3752,0.5457
2023-05-03 18:30:00,2023-05-03 19:12:00,2023-05-03 19:13:00,0.0019749349572424,0.0017569117395865,996,2023-05-03,TRUE,FALSE,FALSE,FALSE,0.0003635370736802,Positive,Positive,0.4168,0.5489,0.3927,0.5435,0.3876,0.5391,0.3876,0.5348,0.3876,0.5309,0.3876,0.5273,0.3876,0.5237
2023-05-03 18:30:00,2023-05-03 19:13:00,2023-05-03 19:14:00,-0.0012928996611949,0.0019532203720885,997,2023-05-03,TRUE,FALSE,FALSE,FALSE,0.0003635370736802,Positive,Negative,0.357,0.4147,0.337,0.4079,0.3321,0.4026,0.3321,0.398,0.3321,0.3939,0.3321,0.3902,0.3321,0.3869
2023-05-03 18:30:00,2023-05-03 19:14:00,2023-05-03 19:15:00,-0.0004151530093372,0.001415287743447,998,2023-05-03,FALSE,FALSE,FALSE,FALSE,0.0003635370736802,Positive,Negative,0.3084,0.3902,0.2852,0.3841,0.2803,0.3788,0.2803,0.3742,0.2803,0.3698,0.2803,0.3656,0.2803,0.3618
2023-05-03 18:30:00,2023-05-03 19:15:00,2023-05-03 19:16:00,0.0021483558107408,0.0014659174199852,999,2023-05-03,TRUE,FALSE,FALSE,FALSE,0.0003635370736802,Positive,Positive,0.2862,0.3526,0.2696,0.348,0.266,0.3442,0.266,0.3408,0.266,0.338,0.266,0.3352,0.266,0.3326
2023-05-03 18:30:00,2023-05-03 19:16:00,2023-05-03 19:17:00,0.0001694290719714,0.0015878832295101,1000,2023-05-03,FALSE,FALSE,FALSE,FALSE,0.0003635370736802,Positive,Positive,0.4396,0.5966,0.4132,0.5904,0.4078,0.5854,0.4078,0.581,0.4078,0.5771,0.4078,0.5736,0.4078,0.5703
2023-05-03 18:30:00,2023-05-03 19:17:00,2023-05-03 19:18:00,-0.0016097636512588,0.0020740306956543,1001,2023-05-03,TRUE,FALSE,FALSE,FALSE,0.0003635370736802,Positive,Negative,0.4735,0.6469,0.4468,0.6414,0.4407,0.6361,0.4407,0.6313,0.4407,0.6271,0.4407,0.6236,0.4407,0.62
2023-05-03 18:30:00,2023-05-03 19:18:00,2023-05-03 19:19:00,-0.000395970785438,0.001146061936113,1002,2023-05-03,FALSE,FALSE,FALSE,FALSE,0.0003635370736802,Positive,Negative,0.39,0.5724,0.3708,0.5637,0.3637,0.5565,0.3637,0.5504,0.3637,0.5447,0.3637,0.5398,0.3637,0.5352
2023-05-03 18:30:00,2023-05-03 19:19:00,2023-05-03 19:19:12,0.0,0.0011709887536287,1003,2023-05-03,FALSE,FALSE,FALSE,FALSE,0.0003635370736802,Positive,Negative,0.3025,0.5859,0.2858,0.5716,0.2809,0.5572,0.2809,0.5451,0.2809,0.5343,0.2809,0.5248,0.2809,0.5164
2023-06-14 18:30:00,2023-06-14 18:30:00,2023-06-14 18:31:00,-0.0015759472784142,0.0013126986320298,1004,2023-06-14,TRUE,FALSE,FALSE,FALSE,-0.00042651724896450000,Negative,Negative,0.4909,0.6241,0.4511,0.6176,0.4511,0.6121,0.4511,0.6071,0.4511,0.6026,0.4511,0.5984,0.4511,0.5945
2023-06-14 18:30:00,2023-06-14 18:31:00,2023-06-14 18:32:00,0.0016337691610641,0.001266784899924,1005,2023-06-14,TRUE,FALSE,FALSE,FALSE,-0.00042651724896450000,Negative,Positive,0.555,0.6903,0.5103,0.6828,0.5103,0.676,0.5103,0.6695,0.5103,0.6634,0.5103,0.6579,0.5103,0.6528
2023-06-14 18:30:00,2023-06-14 18:32:00,2023-06-14 18:33:00,0.000298995150782,0.0015439210987188,1006,2023-06-14,FALSE,FALSE,FALSE,FALSE,-0.00042651724896450000,Negative,Positive,0.4599,0.6664,0.4283,0.6594,0.4283,0.6536,0.4283,0.6484,0.4283,0.6434,0.4283,0.6388,0.4283,0.6348
2023-06-14 18:30:00,2023-06-14 18:33:00,2023-06-14 18:34:00,-0.0014036024140186,0.0019338797310985,1007,2023-06-14,TRUE,FALSE,FALSE,FALSE,-0.00042651724896450000,Negative,Negative,0.4422,0.6969,0.4029,0.6902,0.4029,0.6844,0.4029,0.6796,0.4029,0.6751,0.4029,0.6706,0.4029,0.6662
2023-06-14 18:30:00,2023-06-14 18:34:00,2023-06-14 18:35:00,0.0017257472183926,0.0009669398655492,1008,2023-06-14,TRUE,FALSE,FALSE,FALSE,-0.00042651724896450000,Negative,Positive,0.4346,0.6597,0.395,0.6525,0.395,0.6466,0.395,0.6414,0.395,0.6363,0.395,0.6311,0.395,0.6258
2023-06-14 18:30:00,2023-06-14 18:35:00,2023-06-14 18:36:00,-0.0001162377452439,0.0013810565082288,1009,2023-06-14,FALSE,FALSE,FALSE,FALSE,-0.00042651724896450000,Negative,Negative,0.4914,0.6613,0.449,0.6553,0.449,0.6502,0.449,0.6455,0.449,0.6412,0.449,0.6368,0.449,0.6327
2023-06-14 18:30:00,2023-06-14 18:36:00,2023-06-14 18:37:00,-0.0016545293565149,0.0012875043108403,1010,2023-06-14,TRUE,FALSE,FALSE,FALSE,-0.00042651724896450000,Negative,Negative,0.581,0.7125,0.5348,0.706,0.5348,0.7,0.5348,0.6937,0.5348,0.6881,0.5348,0.6832,0.5348,0.6786
2023-06-14 18:30:00,2023-06-14 18:37:00,2023-06-14 18:38:00,0.0018380601953149,0.0015630387311803,1011,2023-06-14,TRUE,FALSE,FALSE,FALSE,-0.00042651724896450000,Negative,Positive,0.4979,0.657,0.4632,0.6511,0.4632,0.6445,0.4632,0.6385,0.4632,0.6332,0.4632,0.6282,0.4632,0.6234
2023-06-14 18:30:00,2023-06-14 18:38:00,2023-06-14 18:39:00,-0.0020902891512944,0.0016776981062695,1012,2023-06-14,TRUE,FALSE,FALSE,FALSE,-0.00042651724896450000,Negative,Negative,0.5093,0.6662,0.4704,0.6583,0.4704,0.6518,0.4704,0.6458,0.4704,0.6406,0.4704,0.6357,0.4704,0.6311
2023-06-14 18:30:00,2023-06-14 18:39:00,2023-06-14 18:40:00,0.0018143716802782,0.0015386383487334,1013,2023-06-14,TRUE,FALSE,FALSE,FALSE,-0.00042651724896450000,Negative,Positive,0.476,0.6434,0.4388,0.6379,0.4388,0.6336,0.4388,0.6299,0.4388,0.6259,0.4388,0.6223,0.4388,0.619
2023-06-14 18:30:00,2023-06-14 18:40:00,2023-06-14 18:41:00,-0.0012404638269232,0.0011260743668704,1014,2023-06-14,TRUE,FALSE,FALSE,FALSE,-0.00042651724896450000,Negative,Negative,0.5081,0.6923,0.4682,0.6867,0.4682,0.6813,0.4682,0.6764,0.4682,0.6717,0.4682,0.667,0.4682,0.6619
2023-06-14 18:30:00,2023-06-14 18:41:00,2023-06-14 18:42:00,0.0005969511511809,0.0015845676885979,1015,2023-06-14,FALSE,FALSE,FALSE,FALSE,-0.00042651724896450000,Negative,Positive,0.4182,0.5987,0.389,0.5925,0.389,0.587,0.389,0.5823,0.389,0.5782,0.389,0.5746,0.389,0.5712
2023-06-14 18:30:00,2023-06-14 18:42:00,2023-06-14 18:43:00,0.0007116251600791,0.0013321390018145,1016,2023-06-14,FALSE,FALSE,FALSE,FALSE,-0.00042651724896450000,Negative,Positive,0.4447,0.6602,0.4122,0.6553,0.4122,0.6505,0.4122,0.6461,0.4122,0.6422,0.4122,0.6387,0.4122,0.6355
2023-06-14 18:30:00,2023-06-14 18:43:00,2023-06-14 18:44:00,0.0002743289181959,0.0010790210753478,1017,2023-06-14,FALSE,FALSE,FALSE,FALSE,-0.00042651724896450000,Negative,Positive,0.4273,0.6568,0.3897,0.6498,0.3897,0.6433,0.3897,0.6378,0.3897,0.6327,0.3897,0.6279,0.3897,0.623
2023-06-14 18:30:00,2023-06-14 18:44:00,2023-06-14 18:45:00,-0.0018119329460864,0.0016974034315074,1018,2023-06-14,TRUE,FALSE,FALSE,FALSE,-0.00042651724896450000,Negative,Negative,0.3625,0.614,0.3276,0.6058,0.3276,0.598,0.3276,0.5902,0.3276,0.5828,0.3276,0.5762,0.3276,0.5704
2023-06-14 18:30:00,2023-06-14 18:45:00,2023-06-14 18:46:00,0.0002868755972984,0.0012838736301526,1019,2023-06-14,FALSE,FALSE,FALSE,FALSE,-0.00042651724896450000,Negative,Positive,0.4295,0.6199,0.3968,0.6152,0.3968,0.6113,0.3968,0.6081,0.3968,0.6054,0.3968,0.6029,0.3968,0.6006
2023-06-14 18:30:00,2023-06-14 18:46:00,2023-06-14 18:47:00,-0.0002064076368911,0.0011700199591639,1020,2023-06-14,FALSE,FALSE,FALSE,FALSE,-0.00042651724896450000,Negative,Negative,0.4683,0.5338,0.4371,0.5293,0.4371,0.5254,0.4371,0.5223,0.4371,0.5193,0.4371,0.5163,0.4371,0.5133
2023-06-14 18:30:00,2023-06-14 18:47:00,2023-06-14 18:48:00,0.0019356973850176,0.0007110581003278,1021,2023-06-14,TRUE,FALSE,FALSE,FALSE,-0.00042651724896450000,Negative,Positive,0.4644,0.6121,0.4301,0.6042,0.4301,0.5979,0.4301,0.5926,0.4301,0.5879,0.4301,0.5836,0.4301,0.5798
2023-06-14 18:30:00,2023-06-14 18:48:00,2023-06-14 18:49:00,-0.000755649372495,0.0016974813047667,1022,2023-06-14,FALSE,FALSE,FALSE,FALSE,-0.00042651724896450000,Negative,Negative,0.455,0.65,0.4265,0.6452,0.4265,0.6402,0.4265,0.6357,0.4265,0.6317,0.4265,0.6278,0.4265,0.6242
2023-06-14 18:30:00,2023-06-14 18:49:00,2023-06-14 18:50:00,-0.0008503457687808,0.0009163383121049,1023,2023-06-14,FALSE,FALSE,FALSE,FALSE,-0.00042651724896450000,Negative,Negative,0.461,0.6088,0.4278,0.6029,0.4278,0.5978,0.4278,0.5932,0.4278,0.5892,0.4278,0.5857,0.4278,0.5825
2023-06-14 18:30:00,2023-06-14 18:50:00,2023-06-14 18:51:00,-4.28464487811E-05,0.0008703020864347,1024,2023-06-14,FALSE,FALSE,FALSE,FALSE,-0.00042651724896450000,Negative,Negative,0.4687,0.599,0.442,0.5952,0.442,0.5914,0.442,0.588,0.442,0.5838,0.442,0.58,0.442,0.5766
2023-06-14 18:30:00,2023-06-14 18:51:00,2023-06-14 18:52:00,-0.000755687948281,0.0011452654725365,1025,2023-06-14,FALSE,FALSE,FALSE,FALSE,-0.00042651724896450000,Negative,Negative,0.3749,0.6181,0.3401,0.6107,0.3401,0.6042,0.3401,0.5985,0.3401,0.5936,0.3401,0.5892,0.3401,0.5854
2023-06-14 18:30:00,2023-06-14 18:52:00,2023-06-14 18:53:00,0.0008356751264672,0.0011231061908362,1026,2023-06-14,FALSE,FALSE,FALSE,FALSE,-0.00042651724896450000,Negative,Positive,0.4379,0.6155,0.4101,0.6102,0.4101,0.6059,0.4101,0.6023,0.4101,0.5985,0.4101,0.5945,0.4101,0.5905
2023-06-14 18:30:00,2023-06-14 18:53:00,2023-06-14 18:54:00,0.0010200238111393,0.0009174943230038,1027,2023-06-14,TRUE,FALSE,FALSE,FALSE,-0.00042651724896450000,Negative,Positive,0.4239,0.5956,0.3892,0.5918,0.3892,0.5886,0.3892,0.5858,0.3892,0.5826,0.3892,0.5794,0.3892,0.5762
2023-06-14 18:30:00,2023-06-14 18:54:00,2023-06-14 18:55:00,-0.0010086968921504,0.0010773638968482,1028,2023-06-14,TRUE,FALSE,FALSE,FALSE,-0.00042651724896450000,Negative,Negative,0.4231,0.6079,0.3977,0.6012,0.3977,0.5957,0.3977,0.5911,0.3977,0.5867,0.3977,0.5829,0.3977,0.579
2023-06-14 18:30:00,2023-06-14 18:55:00,2023-06-14 18:56:00,0.0001834457828981,0.0007241561060567,1029,2023-06-14,FALSE,FALSE,FALSE,FALSE,-0.00042651724896450000,Negative,Positive,0.4306,0.5975,0.4,0.5938,0.4,0.5906,0.4,0.5874,0.4,0.5845,0.4,0.582,0.4,0.5796
2023-06-14 18:30:00,2023-06-14 18:56:00,2023-06-14 18:57:00,-6.29439646185218E-09,0.0006185141914645,1030,2023-06-14,FALSE,FALSE,FALSE,FALSE,-0.00042651724896450000,Negative,Negative,0.472,0.6721,0.431,0.6674,0.431,0.662,0.431,0.6569,0.431,0.6522,0.431,0.6481,0.431,0.6444
2023-06-14 18:30:00,2023-06-14 18:57:00,2023-06-14 18:58:00,-0.0008014734033561,0.0010537890589206,1031,2023-06-14,FALSE,FALSE,FALSE,FALSE,-0.00042651724896450000,Negative,Negative,0.4508,0.6499,0.4114,0.6456,0.4114,0.6418,0.4114,0.6383,0.4114,0.6352,0.4114,0.6325,0.4114,0.6299
2023-06-14 18:30:00,2023-06-14 18:58:00,2023-06-14 18:59:00,0.0005998659451836,0.001117071269743,1032,2023-06-14,FALSE,FALSE,FALSE,FALSE,-0.00042651724896450000,Negative,Positive,0.3417,0.6353,0.3096,0.6273,0.3096,0.6204,0.3096,0.6144,0.3096,0.6089,0.3096,0.6037,0.3096,0.5984
2023-06-14 18:30:00,2023-06-14 18:59:00,2023-06-14 19:00:00,0.0012558028368086,0.0009629272989888,1033,2023-06-14,TRUE,FALSE,FALSE,FALSE,-0.00042651724896450000,Negative,Positive,0.4574,0.621,0.4241,0.6161,0.4241,0.6116,0.4241,0.6076,0.4241,0.604,0.4241,0.6004,0.4241,0.597
2023-06-14 18:30:00,2023-06-14 19:00:00,2023-06-14 19:01:00,-0.0015804525353093,0.0013979874848145,1034,2023-06-14,TRUE,FALSE,FALSE,FALSE,-0.00042651724896450000,Negative,Negative,0.4941,0.6786,0.4601,0.6727,0.4601,0.6677,0.4601,0.6631,0.4601,0.6594,0.4601,0.6561,0.4601,0.6531
2023-06-14 18:30:00,2023-06-14 19:01:00,2023-06-14 19:02:00,0.0006636292254731,0.0008244967134645,1035,2023-06-14,FALSE,FALSE,FALSE,FALSE,-0.00042651724896450000,Negative,Positive,0.4754,0.5629,0.4528,0.5592,0.4528,0.5556,0.4528,0.5522,0.4528,0.5492,0.4528,0.5466,0.4528,0.5444
2023-06-14 18:30:00,2023-06-14 19:02:00,2023-06-14 19:03:00,-0.0004579027177914,0.0006182734142432,1036,2023-06-14,FALSE,FALSE,FALSE,FALSE,-0.00042651724896450000,Negative,Negative,0.5048,0.5898,0.4785,0.5858,0.4785,0.5819,0.4785,0.5786,0.4785,0.5755,0.4785,0.5727,0.4785,0.5698
2023-06-14 18:30:00,2023-06-14 19:03:00,2023-06-14 19:04:00,0.0005953266983929,0.000664345276276,1037,2023-06-14,FALSE,FALSE,FALSE,FALSE,-0.00042651724896450000,Negative,Positive,0.4421,0.5768,0.4156,0.5733,0.4156,0.5701,0.4156,0.5673,0.4156,0.5645,0.4156,0.5619,0.4156,0.5593
2023-06-14 18:30:00,2023-06-14 19:04:00,2023-06-14 19:05:00,0.000824027997494,0.0009390531595702,1038,2023-06-14,FALSE,FALSE,FALSE,FALSE,-0.00042651724896450000,Negative,Positive,0.3821,0.5296,0.3562,0.5259,0.3562,0.5226,0.3562,0.5197,0.3562,0.5168,0.3562,0.5139,0.3562,0.5112
2023-06-14 18:30:00,2023-06-14 19:05:00,2023-06-14 19:06:00,-0.0003443519533743,0.0014652685562526,1039,2023-06-14,FALSE,FALSE,FALSE,FALSE,-0.00042651724896450000,Negative,Negative,0.4549,0.5603,0.4294,0.5576,0.4294,0.5553,0.4294,0.5533,0.4294,0.551,0.4294,0.5489,0.4294,0.5468
2023-06-14 18:30:00,2023-06-14 19:06:00,2023-06-14 19:07:00,-6.93048443653E-05,0.0012580630403952,1040,2023-06-14,FALSE,FALSE,FALSE,FALSE,-0.00042651724896450000,Negative,Negative,0.4635,0.5609,0.428,0.5551,0.428,0.5504,0.428,0.546,0.428,0.5421,0.428,0.5387,0.428,0.5356
2023-06-14 18:30:00,2023-06-14 19:07:00,2023-06-14 19:08:00,-0.0012446557031879,0.0011883541295306,1041,2023-06-14,TRUE,FALSE,FALSE,FALSE,-0.00042651724896450000,Negative,Negative,0.474,0.6653,0.434,0.6586,0.434,0.653,0.434,0.6479,0.434,0.6429,0.434,0.6383,0.434,0.6334
2023-06-14 18:30:00,2023-06-14 19:08:00,2023-06-14 19:09:00,0.0008333587939946,0.0009366290492072,1042,2023-06-14,FALSE,FALSE,FALSE,FALSE,-0.00042651724896450000,Negative,Positive,0.5039,0.6113,0.4651,0.6075,0.4651,0.6041,0.4651,0.6011,0.4651,0.5982,0.4651,0.5951,0.4651,0.5922
2023-06-14 18:30:00,2023-06-14 19:09:00,2023-06-14 19:10:00,-0.0021461458655776,0.0007310108509423,1043,2023-06-14,TRUE,FALSE,FALSE,FALSE,-0.00042651724896450000,Negative,Negative,0.4669,0.6305,0.423,0.6261,0.423,0.6224,0.423,0.619,0.423,0.616,0.423,0.6132,0.423,0.6103
2023-06-14 18:30:00,2023-06-14 19:10:00,2023-06-14 19:11:00,0.0018950598289226,0.0020586486115558,1044,2023-06-14,TRUE,FALSE,FALSE,FALSE,-0.00042651724896450000,Negative,Positive,0.3785,0.5131,0.3579,0.5079,0.3579,0.5037,0.3579,0.5002,0.3579,0.497,0.3579,0.494,0.3579,0.4913
2023-06-14 18:30:00,2023-06-14 19:11:00,2023-06-14 19:12:00,-0.0002744550925726,0.0010979208124614,1045,2023-06-14,FALSE,FALSE,FALSE,FALSE,-0.00042651724896450000,Negative,Negative,0.3975,0.5993,0.375,0.5933,0.375,0.5879,0.375,0.5831,0.375,0.5788,0.375,0.5744,0.375,0.5702
2023-06-14 18:30:00,2023-06-14 19:12:00,2023-06-14 19:13:00,-0.0004803764535263,0.0006177076183939,1046,2023-06-14,FALSE,FALSE,FALSE,FALSE,-0.00042651724896450000,Negative,Negative,0.4418,0.5527,0.406,0.5463,0.406,0.541,0.406,0.5368,0.406,0.533,0.406,0.5292,0.406,0.5256
2023-06-14 18:30:00,2023-06-14 19:13:00,2023-06-14 19:14:00,-0.0002636856864563,0.0009159379149306,1047,2023-06-14,FALSE,FALSE,FALSE,FALSE,-0.00042651724896450000,Negative,Negative,0.4072,0.5561,0.385,0.5518,0.385,0.5481,0.385,0.5445,0.385,0.5411,0.385,0.5378,0.385,0.5348
2023-06-14 18:30:00,2023-06-14 19:14:00,2023-06-14 19:15:00,-3.52374309505E-05,0.0013060214462468,1048,2023-06-14,FALSE,FALSE,FALSE,FALSE,-0.00042651724896450000,Negative,Negative,0.4586,0.5389,0.423,0.5334,0.423,0.5286,0.423,0.5245,0.423,0.5209,0.423,0.5177,0.423,0.5148
2023-06-14 18:30:00,2023-06-14 19:15:00,2023-06-14 19:16:00,0.0014897399914168,0.0012269235179451,1049,2023-06-14,TRUE,FALSE,FALSE,FALSE,-0.00042651724896450000,Negative,Positive,0.4977,0.6396,0.4587,0.6353,0.4587,0.6313,0.4587,0.628,0.4587,0.625,0.4587,0.6224,0.4587,0.6196
2023-06-14 18:30:00,2023-06-14 19:16:00,2023-06-14 19:17:00,-0.0008715196522654,0.0013552296833169,1050,2023-06-14,FALSE,FALSE,FALSE,FALSE,-0.00042651724896450000,Negative,Negative,0.3902,0.5422,0.365,0.5346,0.365,0.5284,0.365,0.5231,0.365,0.5186,0.365,0.5146,0.365,0.5111
2023-06-14 18:30:00,2023-06-14 19:17:00,2023-06-14 19:18:00,0.0005965101396017,0.0008485654656789,1051,2023-06-14,FALSE,FALSE,FALSE,FALSE,-0.00042651724896450000,Negative,Positive,0.4595,0.5663,0.4255,0.562,0.4255,0.5582,0.4255,0.5543,0.4255,0.5506,0.4255,0.5471,0.4255,0.5439
2023-06-14 18:30:00,2023-06-14 19:18:00,2023-06-14 19:19:00,-0.0001607660786165,0.0011932078935291,1052,2023-06-14,FALSE,FALSE,FALSE,FALSE,-0.00042651724896450000,Negative,Negative,0.4699,0.5754,0.4405,0.5694,0.4405,0.5641,0.4405,0.5593,0.4405,0.5549,0.4405,0.5509,0.4405,0.547
2023-07-26 18:30:00,2023-07-26 18:30:00,2023-07-26 18:31:00,0.0008254421090958,0.0003434081053118,1053,2023-07-26,FALSE,FALSE,FALSE,FALSE,-1.10250748417E-05,Negative,Positive,0.5008,0.6267,0.4636,0.6195,0.4468,0.6127,0.4468,0.607,0.4468,0.6018,0.4468,0.597,0.4468,0.5926
2023-07-26 18:30:00,2023-07-26 18:31:00,2023-07-26 18:32:00,-0.0004621749121202,0.0006845862435586,1054,2023-07-26,FALSE,FALSE,FALSE,FALSE,-1.10250748417E-05,Negative,Negative,0.4983,0.6358,0.4663,0.6317,0.4496,0.6283,0.4496,0.6252,0.4496,0.6225,0.4496,0.6195,0.4496,0.6168
2023-07-26 18:30:00,2023-07-26 18:32:00,2023-07-26 18:33:00,-0.0006160541447582,0.0008030008030008,1055,2023-07-26,FALSE,FALSE,FALSE,FALSE,-1.10250748417E-05,Negative,Negative,0.4104,0.6661,0.3784,0.6594,0.3656,0.6528,0.3656,0.6465,0.3656,0.6404,0.3656,0.6345,0.3656,0.6289
2023-07-26 18:30:00,2023-07-26 18:33:00,2023-07-26 18:34:00,0.0005826525950296,0.0008141351464341,1056,2023-07-26,FALSE,FALSE,FALSE,FALSE,-1.10250748417E-05,Negative,Positive,0.5134,0.7046,0.4709,0.6939,0.4499,0.6847,0.4499,0.6763,0.4499,0.6693,0.4499,0.6633,0.4499,0.6581
2023-07-26 18:30:00,2023-07-26 18:34:00,2023-07-26 18:35:00,0.000979042908339,0.0003520429492397,1057,2023-07-26,FALSE,FALSE,FALSE,FALSE,-1.10250748417E-05,Negative,Positive,0.5328,0.7135,0.493,0.7053,0.4757,0.6983,0.4757,0.6909,0.4757,0.6842,0.4757,0.6778,0.4757,0.6718
2023-07-26 18:30:00,2023-07-26 18:35:00,2023-07-26 18:36:00,-0.0012317264834841,0.0014517938452739,1058,2023-07-26,TRUE,FALSE,FALSE,FALSE,-1.10250748417E-05,Negative,Negative,0.5238,0.6328,0.4845,0.6284,0.4649,0.625,0.4649,0.6218,0.4649,0.6187,0.4649,0.6158,0.4649,0.6126
2023-07-26 18:30:00,2023-07-26 18:36:00,2023-07-26 18:37:00,0.0006798597273787,0.0007253066068837,1059,2023-07-26,FALSE,FALSE,FALSE,FALSE,-1.10250748417E-05,Negative,Positive,0.4827,0.6401,0.4504,0.6348,0.4343,0.6302,0.4343,0.6255,0.4343,0.6207,0.4343,0.6157,0.4343,0.6109
2023-07-26 18:30:00,2023-07-26 18:37:00,2023-07-26 18:38:00,2.79782323410001E-05,0.001186943620178,1060,2023-07-26,FALSE,FALSE,FALSE,FALSE,-1.10250748417E-05,Negative,Positive,0.4845,0.6835,0.446,0.6774,0.4305,0.6723,0.4305,0.6679,0.4305,0.6639,0.4305,0.66,0.4305,0.6559
2023-07-26 18:30:00,2023-07-26 18:38:00,2023-07-26 18:39:00,0.0008745863479012,0.00094437001735,1061,2023-07-26,FALSE,FALSE,FALSE,FALSE,-1.10250748417E-05,Negative,Positive,0.5102,0.6652,0.4761,0.6607,0.4573,0.6557,0.4573,0.6512,0.4573,0.6474,0.4573,0.6441,0.4573,0.6406
2023-07-26 18:30:00,2023-07-26 18:39:00,2023-07-26 18:40:00,-0.0014507093884637,0.0018434797875608,1062,2023-07-26,TRUE,FALSE,FALSE,FALSE,-1.10250748417E-05,Negative,Negative,0.472,0.658,0.4392,0.652,0.4249,0.646,0.4249,0.6409,0.4249,0.6363,0.4249,0.6321,0.4249,0.6281
2023-07-26 18:30:00,2023-07-26 18:40:00,2023-07-26 18:41:00,0.0010081715026832,0.0011290393300302,1063,2023-07-26,TRUE,FALSE,FALSE,FALSE,-1.10250748417E-05,Negative,Positive,0.4322,0.6607,0.3972,0.6516,0.381,0.6438,0.381,0.637,0.381,0.6309,0.381,0.625,0.381,0.6197
2023-07-26 18:30:00,2023-07-26 18:41:00,2023-07-26 18:42:00,-0.0012929903777552,0.0013148091335408,1064,2023-07-26,TRUE,FALSE,FALSE,FALSE,-1.10250748417E-05,Negative,Negative,0.4824,0.6367,0.4506,0.63,0.4359,0.6245,0.4359,0.6189,0.4359,0.6135,0.4359,0.6084,0.4359,0.6038
2023-07-26 18:30:00,2023-07-26 18:42:00,2023-07-26 18:43:00,-0.00072128244055,0.0010076891060044,1065,2023-07-26,FALSE,FALSE,FALSE,FALSE,-1.10250748417E-05,Negative,Negative,0.4731,0.6971,0.4382,0.6893,0.4217,0.6829,0.4217,0.6774,0.4217,0.6724,0.4217,0.6676,0.4217,0.6632
2023-07-26 18:30:00,2023-07-26 18:43:00,2023-07-26 18:44:00,0.0017074317877461,0.0016219178082191,1066,2023-07-26,TRUE,FALSE,FALSE,FALSE,-1.10250748417E-05,Negative,Positive,0.4487,0.6587,0.4113,0.6536,0.3959,0.6482,0.3959,0.6433,0.3959,0.6386,0.3959,0.6341,0.3959,0.6298
2023-07-26 18:30:00,2023-07-26 18:44:00,2023-07-26 18:45:00,-0.0011612573982834,0.0013260128656124,1067,2023-07-26,TRUE,FALSE,FALSE,FALSE,-1.10250748417E-05,Negative,Negative,0.4587,0.6082,0.4272,0.6016,0.4117,0.5956,0.4117,0.59,0.4117,0.585,0.4117,0.5807,0.4117,0.5768
2023-07-26 18:30:00,2023-07-26 18:45:00,2023-07-26 18:46:00,-0.0001097075150397,0.0011835875854812,1068,2023-07-26,FALSE,FALSE,FALSE,FALSE,-1.10250748417E-05,Negative,Negative,0.4132,0.6276,0.3758,0.6214,0.3587,0.6159,0.3587,0.6109,0.3587,0.6062,0.3587,0.6019,0.3587,0.5979
2023-07-26 18:30:00,2023-07-26 18:46:00,2023-07-26 18:47:00,0.00078885095567,0.0013810640769888,1069,2023-07-26,FALSE,FALSE,FALSE,FALSE,-1.10250748417E-05,Negative,Positive,0.4573,0.6449,0.4208,0.6399,0.4022,0.6349,0.4022,0.63,0.4022,0.625,0.4022,0.6205,0.4022,0.6165
2023-07-26 18:30:00,2023-07-26 18:47:00,2023-07-26 18:48:00,-0.0009424052391526,0.0006944627120873,1070,2023-07-26,FALSE,FALSE,FALSE,FALSE,-1.10250748417E-05,Negative,Negative,0.4273,0.6615,0.3971,0.6556,0.3791,0.6501,0.3791,0.6452,0.3791,0.6403,0.3791,0.6356,0.3791,0.6312
2023-07-26 18:30:00,2023-07-26 18:48:00,2023-07-26 18:49:00,0.000986380257804,0.000987015265836,1071,2023-07-26,FALSE,FALSE,FALSE,FALSE,-1.10250748417E-05,Negative,Positive,0.4331,0.6,0.4034,0.5904,0.3882,0.582,0.3882,0.5748,0.3882,0.5685,0.3882,0.5627,0.3882,0.5574
2023-07-26 18:30:00,2023-07-26 18:49:00,2023-07-26 18:50:00,-0.0003289406376465,0.0008994383994384,1072,2023-07-26,FALSE,FALSE,FALSE,FALSE,-1.10250748417E-05,Negative,Negative,0.4532,0.6079,0.4224,0.6003,0.4052,0.5936,0.4052,0.5881,0.4052,0.5831,0.4052,0.5784,0.4052,0.574
2023-07-26 18:30:00,2023-07-26 18:50:00,2023-07-26 18:51:00,0.0003288531356608,0.0007458430219803,1073,2023-07-26,FALSE,FALSE,FALSE,FALSE,-1.10250748417E-05,Negative,Positive,0.4423,0.617,0.4183,0.6122,0.4032,0.6073,0.4032,0.6028,0.4032,0.5989,0.4032,0.5953,0.4032,0.5921
2023-07-26 18:30:00,2023-07-26 18:51:00,2023-07-26 18:52:00,-0.0001973506077422,0.0006030569505055,1074,2023-07-26,FALSE,FALSE,FALSE,FALSE,-1.10250748417E-05,Negative,Negative,0.3823,0.5159,0.3585,0.5102,0.3479,0.5052,0.3479,0.5006,0.3479,0.4967,0.3479,0.4932,0.3479,0.4897
2023-07-26 18:30:00,2023-07-26 18:52:00,2023-07-26 18:53:00,6.57322920314E-05,0.0005479331959847,1075,2023-07-26,FALSE,FALSE,FALSE,FALSE,-1.10250748417E-05,Negative,Positive,0.4223,0.5678,0.3931,0.5637,0.3735,0.5594,0.3735,0.5557,0.3735,0.5522,0.3735,0.5488,0.3735,0.5456
2023-07-26 18:30:00,2023-07-26 18:53:00,2023-07-26 18:54:00,1.09263737701E-05,0.0006576783952647,1076,2023-07-26,FALSE,FALSE,FALSE,FALSE,-1.10250748417E-05,Negative,Positive,0.505,0.6586,0.4666,0.6531,0.4476,0.6483,0.4476,0.6437,0.4476,0.6395,0.4476,0.6355,0.4476,0.6315
2023-07-26 18:30:00,2023-07-26 18:54:00,2023-07-26 18:55:00,-0.0008434410442024,0.0005697755960729,1077,2023-07-26,FALSE,FALSE,FALSE,FALSE,-1.10250748417E-05,Negative,Negative,0.4329,0.6176,0.4075,0.6119,0.3949,0.6071,0.3949,0.6029,0.3949,0.5992,0.3949,0.5955,0.3949,0.5921
2023-07-26 18:30:00,2023-07-26 18:55:00,2023-07-26 18:56:00,0.0008325761603947,0.0007672914611422,1078,2023-07-26,FALSE,FALSE,FALSE,FALSE,-1.10250748417E-05,Negative,Positive,0.4301,0.5913,0.3992,0.5836,0.3852,0.577,0.3852,0.5712,0.3852,0.5664,0.3852,0.5621,0.3852,0.5582
2023-07-26 18:30:00,2023-07-26 18:56:00,2023-07-26 18:57:00,-0.0004493368118429,0.0006579091646746,1079,2023-07-26,FALSE,FALSE,FALSE,FALSE,-1.10250748417E-05,Negative,Negative,0.364,0.5966,0.3357,0.5913,0.3197,0.5865,0.3197,0.5819,0.3197,0.5777,0.3197,0.5738,0.3197,0.5697
2023-07-26 18:30:00,2023-07-26 18:57:00,2023-07-26 18:58:00,-0.0001206564180942,0.0007018313411558,1080,2023-07-26,FALSE,FALSE,FALSE,FALSE,-1.10250748417E-05,Negative,Negative,0.4721,0.6083,0.4325,0.6052,0.4152,0.6021,0.4152,0.5988,0.4152,0.5958,0.4152,0.5927,0.4152,0.5899
2023-07-26 18:30:00,2023-07-26 18:58:00,2023-07-26 18:59:00,0.0005042811608673,0.0004825090470446,1081,2023-07-26,FALSE,FALSE,FALSE,FALSE,-1.10250748417E-05,Negative,Positive,0.4101,0.557,0.3809,0.5512,0.3689,0.5465,0.3689,0.5425,0.3689,0.5391,0.3689,0.5356,0.3689,0.532
2023-07-26 18:30:00,2023-07-26 18:59:00,2023-07-26 19:00:00,0.0001973496641107,0.0008779053179114,1082,2023-07-26,FALSE,FALSE,FALSE,FALSE,-1.10250748417E-05,Negative,Positive,0.398,0.6251,0.3724,0.6195,0.3601,0.6145,0.3601,0.61,0.3601,0.6055,0.3601,0.6011,0.3601,0.5966
2023-07-26 18:30:00,2023-07-26 19:00:00,2023-07-26 19:01:00,-0.0009208305235479,0.0006251233796143,1083,2023-07-26,FALSE,FALSE,FALSE,FALSE,-1.10250748417E-05,Negative,Negative,0.413,0.5677,0.3801,0.563,0.3666,0.559,0.3666,0.5552,0.3666,0.5518,0.3666,0.5484,0.3666,0.5453
2023-07-26 18:30:00,2023-07-26 19:01:00,2023-07-26 19:02:00,0.0005260773240337,0.0009434376234148,1084,2023-07-26,FALSE,FALSE,FALSE,FALSE,-1.10250748417E-05,Negative,Positive,0.4186,0.5815,0.3915,0.5773,0.3752,0.5738,0.3752,0.5701,0.3752,0.5665,0.3752,0.5629,0.3752,0.5596
2023-07-26 18:30:00,2023-07-26 19:02:00,2023-07-26 19:03:00,-8.77577871522443E-05,0.0005923130923131,1085,2023-07-26,FALSE,FALSE,FALSE,FALSE,-1.10250748417E-05,Negative,Negative,0.4578,0.6666,0.4258,0.6591,0.4108,0.6527,0.4108,0.6467,0.4108,0.6413,0.4108,0.6366,0.4108,0.6321
2023-07-26 18:30:00,2023-07-26 19:03:00,2023-07-26 19:04:00,0.0002031450919071,0.0006365512094473,1086,2023-07-26,FALSE,FALSE,FALSE,FALSE,-1.10250748417E-05,Negative,Positive,0.4356,0.6365,0.4007,0.6289,0.3859,0.6218,0.3859,0.6157,0.3859,0.61,0.3859,0.6048,0.3859,0.6002
2023-07-26 18:30:00,2023-07-26 19:04:00,2023-07-26 19:05:00,-0.0002799430230742,0.0005266738352827,1087,2023-07-26,FALSE,FALSE,FALSE,FALSE,-1.10250748417E-05,Negative,Negative,0.3364,0.6224,0.3136,0.6146,0.3019,0.6064,0.3019,0.5991,0.3019,0.5929,0.3019,0.5872,0.3019,0.582
2023-07-26 18:30:00,2023-07-26 19:05:00,2023-07-26 19:06:00,-0.0010863606011979,0.0006014047410008,1088,2023-07-26,TRUE,FALSE,FALSE,FALSE,-1.10250748417E-05,Negative,Negative,0.4509,0.6865,0.4166,0.6806,0.4025,0.6753,0.4025,0.6707,0.4025,0.6661,0.4025,0.6618,0.4025,0.6577
2023-07-26 18:30:00,2023-07-26 19:06:00,2023-07-26 19:07:00,0.0005914388054433,0.0015164835164835,1089,2023-07-26,FALSE,FALSE,FALSE,FALSE,-1.10250748417E-05,Negative,Positive,0.4452,0.6786,0.4111,0.6682,0.3953,0.6598,0.3953,0.6525,0.3953,0.6458,0.3953,0.6395,0.3953,0.6337
2023-07-26 18:30:00,2023-07-26 19:07:00,2023-07-26 19:08:00,-0.0001464149016075,0.0010997954380485,1090,2023-07-26,FALSE,FALSE,FALSE,FALSE,-1.10250748417E-05,Negative,Negative,0.4439,0.5617,0.4188,0.5558,0.4085,0.5507,0.4085,0.5462,0.4085,0.5422,0.4085,0.5384,0.4085,0.5349
2023-07-26 18:30:00,2023-07-26 19:08:00,2023-07-26 19:09:00,0.0003212375603423,0.0017405865115562,1091,2023-07-26,FALSE,FALSE,FALSE,FALSE,-1.10250748417E-05,Negative,Positive,0.394,0.5211,0.3655,0.5145,0.3518,0.5095,0.3518,0.505,0.3518,0.5011,0.3518,0.4975,0.3518,0.4943
2023-07-26 18:30:00,2023-07-26 19:09:00,2023-07-26 19:10:00,0.0013213619101775,0.0013224306274933,1092,2023-07-26,TRUE,FALSE,FALSE,FALSE,-1.10250748417E-05,Negative,Positive,0.4749,0.6319,0.4395,0.6285,0.4207,0.6254,0.4207,0.6226,0.4207,0.6198,0.4207,0.617,0.4207,0.6145
2023-07-26 18:30:00,2023-07-26 19:10:00,2023-07-26 19:11:00,-0.0003747625973732,0.0015032290771231,1093,2023-07-26,FALSE,FALSE,FALSE,FALSE,-1.10250748417E-05,Negative,Negative,0.4405,0.6076,0.4046,0.6014,0.3889,0.5961,0.3889,0.5912,0.3889,0.5871,0.3889,0.5834,0.3889,0.5797
2023-07-26 18:30:00,2023-07-26 19:11:00,2023-07-26 19:12:00,-0.0008582824264566,0.0006824435883324,1094,2023-07-26,FALSE,FALSE,FALSE,FALSE,-1.10250748417E-05,Negative,Negative,0.4525,0.646,0.4216,0.6415,0.4061,0.6375,0.4061,0.634,0.4061,0.6304,0.4061,0.6267,0.4061,0.6233
2023-07-26 18:30:00,2023-07-26 19:12:00,2023-07-26 19:13:00,0.0007482520689518,0.0007915878106486,1095,2023-07-26,FALSE,FALSE,FALSE,FALSE,-1.10250748417E-05,Negative,Positive,0.45,0.5764,0.4183,0.5722,0.4019,0.5687,0.4019,0.5655,0.4019,0.5628,0.4019,0.5602,0.4019,0.5579
2023-07-26 18:30:00,2023-07-26 19:13:00,2023-07-26 19:14:00,-0.0006383326007948,0.0009216843588952,1096,2023-07-26,FALSE,FALSE,FALSE,FALSE,-1.10250748417E-05,Negative,Negative,0.455,0.612,0.4279,0.6022,0.4123,0.5942,0.4123,0.5875,0.4123,0.5818,0.4123,0.5765,0.4123,0.5716
2023-07-26 18:30:00,2023-07-26 19:14:00,2023-07-26 19:15:00,0.0003191166336007,0.0006887440549585,1097,2023-07-26,FALSE,FALSE,FALSE,FALSE,-1.10250748417E-05,Negative,Positive,0.4626,0.6202,0.4323,0.6151,0.4121,0.6108,0.4121,0.6068,0.4121,0.603,0.4121,0.5984,0.4121,0.5938
2023-07-26 18:30:00,2023-07-26 19:15:00,2023-07-26 19:16:00,0.0006055110514243,0.0006167672584694,1098,2023-07-26,FALSE,FALSE,FALSE,FALSE,-1.10250748417E-05,Negative,Positive,0.4653,0.506,0.4469,0.5025,0.4311,0.4991,0.4311,0.4961,0.4311,0.4935,0.4311,0.4908,0.4311,0.4884
2023-07-26 18:30:00,2023-07-26 19:16:00,2023-07-26 19:17:00,-0.0008145454912939,0.0007046750787254,1099,2023-07-26,FALSE,FALSE,FALSE,FALSE,-1.10250748417E-05,Negative,Negative,0.4272,0.5215,0.4052,0.5168,0.3908,0.5123,0.3908,0.5083,0.3908,0.505,0.3908,0.502,0.3908,0.4993
2023-07-26 18:30:00,2023-07-26 19:17:00,2023-07-26 19:18:00,-0.0009245893359825,0.0004402861860208,1100,2023-07-26,FALSE,FALSE,FALSE,FALSE,-1.10250748417E-05,Negative,Negative,0.3829,0.5568,0.3652,0.5499,0.3522,0.5443,0.3522,0.5395,0.3522,0.5348,0.3522,0.5306,0.3522,0.5269
2023-07-26 18:30:00,2023-07-26 19:18:00,2023-07-26 19:19:00,0.0015412773403195,0.0016093829229039,1101,2023-07-26,TRUE,FALSE,FALSE,FALSE,-1.10250748417E-05,Negative,Positive,0.3332,0.5354,0.3172,0.5274,0.3084,0.5206,0.3084,0.5148,0.3084,0.5095,0.3084,0.5047,0.3084,0.5001
2023-07-26 18:30:00,2023-07-26 19:19:00,2023-07-26 19:19:19,0.0,0.0012351669681062,1102,2023-07-26,FALSE,FALSE,FALSE,FALSE,-1.10250748417E-05,Negative,Negative,0.4023,0.6075,0.3748,0.5992,0.3625,0.5914,0.3625,0.5848,0.3625,0.579,0.3625,0.5737,0.3625,0.5688
2023-09-20 18:30:00,2023-09-20 18:30:00,2023-09-20 18:31:00,0.0027380065292435,0.0007914612636243,1103,2023-09-20,TRUE,TRUE,FALSE,FALSE,-4.81367566085E-05,Negative,Positive,0.4992,0.6471,0.4595,0.6414,0.4595,0.636,0.4595,0.6311,0.4595,0.6268,0.4595,0.6228,0.4595,0.6187
2023-09-20 18:30:00,2023-09-20 18:31:00,2023-09-20 18:32:00,-0.0016517280142898,0.0028486163863266,1104,2023-09-20,TRUE,FALSE,FALSE,FALSE,-4.81367566085E-05,Negative,Negative,0.5296,0.699,0.4929,0.693,0.4929,0.6873,0.4929,0.6817,0.4929,0.677,0.4929,0.6726,0.4929,0.6683
2023-09-20 18:30:00,2023-09-20 18:32:00,2023-09-20 18:33:00,-0.0009697073476621,0.0011508258868128,1105,2023-09-20,FALSE,FALSE,FALSE,FALSE,-4.81367566085E-05,Negative,Negative,0.4259,0.6426,0.3947,0.6337,0.3947,0.6261,0.3947,0.6192,0.3947,0.6132,0.3947,0.6076,0.3947,0.6023
2023-09-20 18:30:00,2023-09-20 18:33:00,2023-09-20 18:34:00,-0.0007669402643584,0.0008344986242049,1106,2023-09-20,FALSE,FALSE,FALSE,FALSE,-4.81367566085E-05,Negative,Negative,0.4363,0.6722,0.3993,0.6642,0.3993,0.6565,0.3993,0.6496,0.3993,0.6432,0.3993,0.6367,0.3993,0.6304
2023-09-20 18:30:00,2023-09-20 18:34:00,2023-09-20 18:35:00,0.0020079325444469,0.0013549829497979,1107,2023-09-20,TRUE,FALSE,FALSE,FALSE,-4.81367566085E-05,Negative,Positive,0.4629,0.694,0.4206,0.6831,0.4206,0.6734,0.4206,0.6644,0.4206,0.657,0.4206,0.6505,0.4206,0.645
2023-09-20 18:30:00,2023-09-20 18:35:00,2023-09-20 18:36:00,-0.0011284647656496,0.0016485625889207,1108,2023-09-20,TRUE,FALSE,FALSE,FALSE,-4.81367566085E-05,Negative,Negative,0.5473,0.7275,0.5027,0.7208,0.5027,0.7137,0.5027,0.7073,0.5027,0.7012,0.5027,0.6957,0.5027,0.6902
2023-09-20 18:30:00,2023-09-20 18:36:00,2023-09-20 18:37:00,0.0006768739354683,0.0007899428984133,1109,2023-09-20,FALSE,FALSE,FALSE,FALSE,-4.81367566085E-05,Negative,Positive,0.511,0.7211,0.4784,0.712,0.4784,0.7046,0.4784,0.6984,0.4784,0.6932,0.4784,0.6888,0.4784,0.6842
2023-09-20 18:30:00,2023-09-20 18:37:00,2023-09-20 18:38:00,-0.0006993999646952,0.0014896402293143,1110,2023-09-20,FALSE,FALSE,FALSE,FALSE,-4.81367566085E-05,Negative,Negative,0.5428,0.6856,0.5001,0.6796,0.5001,0.6748,0.5001,0.6701,0.5001,0.6649,0.5001,0.6602,0.5001,0.6557
2023-09-20 18:30:00,2023-09-20 18:38:00,2023-09-20 18:39:00,0.000406053717502,0.0006206414046808,1111,2023-09-20,FALSE,FALSE,FALSE,FALSE,-4.81367566085E-05,Negative,Positive,0.5253,0.6772,0.4833,0.6709,0.4833,0.6657,0.4833,0.6611,0.4833,0.6566,0.4833,0.6523,0.4833,0.6485
2023-09-20 18:30:00,2023-09-20 18:39:00,2023-09-20 18:40:00,-0.0010152640576696,0.0005642321928319,1112,2023-09-20,TRUE,FALSE,FALSE,FALSE,-4.81367566085E-05,Negative,Negative,0.5207,0.6828,0.4836,0.6765,0.4836,0.6711,0.4836,0.6659,0.4836,0.6614,0.4836,0.6573,0.4836,0.6535
2023-09-20 18:30:00,2023-09-20 18:40:00,2023-09-20 18:41:00,0.0008572805492896,0.0010840598039658,1113,2023-09-20,FALSE,FALSE,FALSE,FALSE,-4.81367566085E-05,Negative,Positive,0.462,0.6214,0.4307,0.6156,0.4307,0.6105,0.4307,0.6055,0.4307,0.6008,0.4307,0.5961,0.4307,0.5917
2023-09-20 18:30:00,2023-09-20 18:41:00,2023-09-20 18:42:00,0.0002935898395346,0.0009944851279269,1114,2023-09-20,FALSE,FALSE,FALSE,FALSE,-4.81367566085E-05,Negative,Positive,0.447,0.608,0.4141,0.6026,0.4141,0.5984,0.4141,0.5947,0.4141,0.5914,0.4141,0.5885,0.4141,0.5858
2023-09-20 18:30:00,2023-09-20 18:42:00,2023-09-20 18:43:00,0.0004424605202608,0.0005194570544526,1115,2023-09-20,FALSE,FALSE,FALSE,FALSE,-4.81367566085E-05,Negative,Positive,0.4031,0.5145,0.3743,0.5103,0.3743,0.5068,0.3743,0.5035,0.3743,0.5005,0.3743,0.4975,0.3743,0.4945
2023-09-20 18:30:00,2023-09-20 18:43:00,2023-09-20 18:44:00,-0.0012549265241297,0.0012195121951218,1116,2023-09-20,TRUE,FALSE,FALSE,FALSE,-4.81367566085E-05,Negative,Negative,0.4432,0.6386,0.4056,0.6332,0.4056,0.6288,0.4056,0.6246,0.4056,0.6205,0.4056,0.6166,0.4056,0.613
2023-09-20 18:30:00,2023-09-20 18:44:00,2023-09-20 18:45:00,6.74384572055E-05,0.0008352521558535,1117,2023-09-20,FALSE,FALSE,FALSE,FALSE,-4.81367566085E-05,Negative,Positive,0.4325,0.6612,0.3968,0.6558,0.3968,0.6515,0.3968,0.6478,0.3968,0.644,0.3968,0.6402,0.3968,0.6366
2023-09-20 18:30:00,2023-09-20 18:45:00,2023-09-20 18:46:00,0.0001763751483546,0.0009260304912479,1118,2023-09-20,FALSE,FALSE,FALSE,FALSE,-4.81367566085E-05,Negative,Positive,0.4987,0.6022,0.4596,0.5965,0.4596,0.5915,0.4596,0.587,0.4596,0.5832,0.4596,0.5796,0.4596,0.5763
2023-09-20 18:30:00,2023-09-20 18:46:00,2023-09-20 18:47:00,-0.0008544888495586,0.0006817747468646,1119,2023-09-20,FALSE,FALSE,FALSE,FALSE,-4.81367566085E-05,Negative,Negative,0.3504,0.5678,0.3223,0.5614,0.3223,0.5552,0.3223,0.5496,0.3223,0.5445,0.3223,0.5398,0.3223,0.5356
2023-09-20 18:30:00,2023-09-20 18:47:00,2023-09-20 18:48:00,0.0013330302192795,0.0018320403501232,1120,2023-09-20,TRUE,FALSE,FALSE,FALSE,-4.81367566085E-05,Negative,Positive,0.3908,0.6008,0.3634,0.5951,0.3634,0.5906,0.3634,0.5863,0.3634,0.5824,0.3634,0.579,0.3634,0.5758
2023-09-20 18:30:00,2023-09-20 18:48:00,2023-09-20 18:49:00,-0.0005201245959566,0.0009726526272931,1121,2023-09-20,FALSE,FALSE,FALSE,FALSE,-4.81367566085E-05,Negative,Negative,0.3621,0.5988,0.3364,0.5945,0.3364,0.5903,0.3364,0.5861,0.3364,0.5817,0.3364,0.5776,0.3364,0.5737
2023-09-20 18:30:00,2023-09-20 18:49:00,2023-09-20 18:50:00,-0.0006561504993396,0.0007805518161969,1122,2023-09-20,FALSE,FALSE,FALSE,FALSE,-4.81367566085E-05,Negative,Negative,0.3754,0.6194,0.3462,0.611,0.3462,0.6031,0.3462,0.596,0.3462,0.59,0.3462,0.5846,0.3462,0.5798
2023-09-20 18:30:00,2023-09-20 18:50:00,2023-09-20 18:51:00,0.0014255608283026,0.0010869319082447,1123,2023-09-20,TRUE,FALSE,FALSE,FALSE,-4.81367566085E-05,Negative,Positive,0.3416,0.5819,0.3196,0.5722,0.3196,0.5645,0.3196,0.5579,0.3196,0.5525,0.3196,0.548,0.3196,0.544
2023-09-20 18:30:00,2023-09-20 18:51:00,2023-09-20 18:52:00,0.0004525571734594,0.0008154574489771,1124,2023-09-20,FALSE,FALSE,FALSE,FALSE,-4.81367566085E-05,Negative,Positive,0.439,0.6009,0.41,0.5963,0.41,0.5916,0.41,0.5872,0.41,0.5834,0.41,0.5803,0.41,0.5775
2023-09-20 18:30:00,2023-09-20 18:52:00,2023-09-20 18:53:00,-0.0016743047235417,0.0011091995653748,1125,2023-09-20,TRUE,FALSE,FALSE,FALSE,-4.81367566085E-05,Negative,Negative,0.3861,0.5951,0.3589,0.5898,0.3589,0.5853,0.3589,0.5815,0.3589,0.5776,0.3589,0.5741,0.3589,0.571
2023-09-20 18:30:00,2023-09-20 18:53:00,2023-09-20 18:54:00,0.0008367812239332,0.0012675418741512,1126,2023-09-20,FALSE,FALSE,FALSE,FALSE,-4.81367566085E-05,Negative,Positive,0.4517,0.6471,0.4118,0.6425,0.4118,0.6384,0.4118,0.6344,0.4118,0.6306,0.4118,0.6272,0.4118,0.6241
2023-09-20 18:30:00,2023-09-20 18:54:00,2023-09-20 18:55:00,0.000803457753188,0.0006566582886126,1127,2023-09-20,FALSE,FALSE,FALSE,FALSE,-4.81367566085E-05,Negative,Positive,0.4778,0.7182,0.4378,0.7118,0.4378,0.7068,0.4378,0.7025,0.4378,0.6986,0.4378,0.6951,0.4378,0.6916
2023-09-20 18:30:00,2023-09-20 18:55:00,2023-09-20 18:56:00,-0.0008364931901816,0.0014493410027629,1128,2023-09-20,FALSE,FALSE,FALSE,FALSE,-4.81367566085E-05,Negative,Negative,0.4181,0.6277,0.3904,0.6218,0.3904,0.617,0.3904,0.6129,0.3904,0.6089,0.3904,0.6052,0.3904,0.6018
2023-09-20 18:30:00,2023-09-20 18:56:00,2023-09-20 18:57:00,-0.000351416747699,0.0010406533493202,1129,2023-09-20,FALSE,FALSE,FALSE,FALSE,-4.81367566085E-05,Negative,Negative,0.4607,0.6471,0.4296,0.6418,0.4296,0.6369,0.4296,0.6321,0.4296,0.6277,0.4296,0.6239,0.4296,0.6202
2023-09-20 18:30:00,2023-09-20 18:57:00,2023-09-20 18:58:00,0.0002939595596248,0.0005429741408565,1130,2023-09-20,FALSE,FALSE,FALSE,FALSE,-4.81367566085E-05,Negative,Positive,0.3935,0.61,0.3596,0.6009,0.3596,0.5934,0.3596,0.5869,0.3596,0.581,0.3596,0.5759,0.3596,0.5711
2023-09-20 18:30:00,2023-09-20 18:58:00,2023-09-20 18:59:00,-0.0005428897000426,0.0007921778099679,1131,2023-09-20,FALSE,FALSE,FALSE,FALSE,-4.81367566085E-05,Negative,Negative,0.4131,0.6064,0.3795,0.6015,0.3795,0.597,0.3795,0.5927,0.3795,0.5888,0.3795,0.5852,0.3795,0.5819
2023-09-20 18:30:00,2023-09-20 18:59:00,2023-09-20 19:00:00,0.001018173359502,0.0009055510278003,1132,2023-09-20,TRUE,FALSE,FALSE,FALSE,-4.81367566085E-05,Negative,Positive,0.368,0.5867,0.344,0.5787,0.344,0.5721,0.344,0.5667,0.344,0.5618,0.344,0.5567,0.344,0.552
2023-09-20 18:30:00,2023-09-20 19:00:00,2023-09-20 19:01:00,-0.0002886452214647,0.00115504824025,1133,2023-09-20,FALSE,FALSE,FALSE,FALSE,-4.81367566085E-05,Negative,Negative,0.428,0.6556,0.3955,0.649,0.3955,0.6433,0.3955,0.6386,0.3955,0.6341,0.3955,0.6299,0.3955,0.6258
2023-09-20 18:30:00,2023-09-20 19:01:00,2023-09-20 19:02:00,-0.0003902537391486,0.000475177625922,1134,2023-09-20,FALSE,FALSE,FALSE,FALSE,-4.81367566085E-05,Negative,Negative,0.4331,0.5711,0.4034,0.5655,0.4034,0.5603,0.4034,0.5561,0.4034,0.5525,0.4034,0.5494,0.4034,0.5463
2023-09-20 18:30:00,2023-09-20 19:02:00,2023-09-20 19:03:00,-0.0001811162971766,0.0009279167138168,1135,2023-09-20,FALSE,FALSE,FALSE,FALSE,-4.81367566085E-05,Negative,Negative,0.4054,0.6059,0.3788,0.5996,0.3788,0.5941,0.3788,0.589,0.3788,0.5848,0.3788,0.5805,0.3788,0.5763
2023-09-20 18:30:00,2023-09-20 19:03:00,2023-09-20 19:04:00,0.0008374502707706,0.0007698578027353,1136,2023-09-20,FALSE,FALSE,FALSE,FALSE,-4.81367566085E-05,Negative,Positive,0.4052,0.6295,0.3671,0.6234,0.3671,0.6175,0.3671,0.6124,0.3671,0.6082,0.3671,0.6043,0.3671,0.6007
2023-09-20 18:30:00,2023-09-20 19:04:00,2023-09-20 19:05:00,-0.0001359171903001,0.0008152358522611,1137,2023-09-20,FALSE,FALSE,FALSE,FALSE,-4.81367566085E-05,Negative,Negative,0.4314,0.6684,0.4004,0.6628,0.4004,0.6574,0.4004,0.6524,0.4004,0.6479,0.4004,0.6437,0.4004,0.6398
2023-09-20 18:30:00,2023-09-20 19:05:00,2023-09-20 19:06:00,-0.000674546123585,0.0007626312930098,1138,2023-09-20,FALSE,FALSE,FALSE,FALSE,-4.81367566085E-05,Negative,Negative,0.4223,0.7051,0.3825,0.6975,0.3825,0.6911,0.3825,0.6859,0.3825,0.6807,0.3825,0.6754,0.3825,0.6707
2023-09-20 18:30:00,2023-09-20 19:06:00,2023-09-20 19:07:00,-0.0005930024191745,0.0006905686436552,1139,2023-09-20,FALSE,FALSE,FALSE,FALSE,-4.81367566085E-05,Negative,Negative,0.433,0.6012,0.3961,0.5948,0.3961,0.5893,0.3961,0.5848,0.3961,0.5809,0.3961,0.5775,0.3961,0.5743
2023-09-20 18:30:00,2023-09-20 19:07:00,2023-09-20 19:08:00,0.001018833128976,0.0012236019215082,1140,2023-09-20,TRUE,FALSE,FALSE,FALSE,-4.81367566085E-05,Negative,Positive,0.4859,0.5735,0.4542,0.5701,0.4542,0.5671,0.4542,0.5637,0.4542,0.5601,0.4542,0.5567,0.4542,0.5538
2023-09-20 18:30:00,2023-09-20 19:08:00,2023-09-20 19:09:00,4.71270514901565E-05,0.00057789713431,1141,2023-09-20,FALSE,FALSE,FALSE,FALSE,-4.81367566085E-05,Negative,Positive,0.4116,0.5559,0.387,0.5507,0.387,0.5463,0.387,0.5423,0.387,0.5386,0.387,0.5348,0.387,0.5313
2023-09-20 18:30:00,2023-09-20 19:09:00,2023-09-20 19:10:00,0.0001178139122814,0.0007022115471767,1142,2023-09-20,FALSE,FALSE,FALSE,FALSE,-4.81367566085E-05,Negative,Positive,0.438,0.6061,0.4035,0.602,0.4035,0.5983,0.4035,0.5949,0.4035,0.5918,0.4035,0.5889,0.4035,0.5862
2023-09-20 18:30:00,2023-09-20 19:10:00,2023-09-20 19:11:00,-0.0002104727905848,0.0006798558705554,1143,2023-09-20,FALSE,FALSE,FALSE,FALSE,-4.81367566085E-05,Negative,Negative,0.3597,0.6061,0.3295,0.5961,0.3295,0.5873,0.3295,0.5797,0.3295,0.5731,0.3295,0.5672,0.3295,0.5618
2023-09-20 18:30:00,2023-09-20 19:11:00,2023-09-20 19:12:00,-0.0005210231357657,0.0003398509187302,1144,2023-09-20,FALSE,FALSE,FALSE,FALSE,-4.81367566085E-05,Negative,Negative,0.3898,0.5626,0.3668,0.5582,0.3668,0.5545,0.3668,0.5506,0.3668,0.547,0.3668,0.5436,0.3668,0.5404
2023-09-20 18:30:00,2023-09-20 19:12:00,2023-09-20 19:13:00,-4.11471964607999E-05,0.0008615412519554,1145,2023-09-20,FALSE,FALSE,FALSE,FALSE,-4.81367566085E-05,Negative,Negative,0.4259,0.6474,0.3952,0.6417,0.3952,0.6364,0.3952,0.6317,0.3952,0.6272,0.3952,0.6231,0.3952,0.6192
2023-09-20 18:30:00,2023-09-20 19:13:00,2023-09-20 19:14:00,0.0001311662928137,0.0007485199718737,1146,2023-09-20,FALSE,FALSE,FALSE,FALSE,-4.81367566085E-05,Negative,Positive,0.3697,0.5783,0.345,0.5725,0.345,0.5672,0.345,0.5627,0.345,0.5581,0.345,0.5538,0.345,0.55
2023-09-20 18:30:00,2023-09-20 19:14:00,2023-09-20 19:15:00,0.000612462501249,0.0006581933726735,1147,2023-09-20,FALSE,FALSE,FALSE,FALSE,-4.81367566085E-05,Negative,Positive,0.3791,0.5938,0.3543,0.5875,0.3543,0.5825,0.3543,0.5778,0.3543,0.5735,0.3543,0.5694,0.3543,0.5656
2023-09-20 18:30:00,2023-09-20 19:15:00,2023-09-20 19:16:00,0.0003062845006284,0.0007489616667801,1148,2023-09-20,FALSE,FALSE,FALSE,FALSE,-4.81367566085E-05,Negative,Positive,0.3835,0.5581,0.3574,0.5533,0.3574,0.5492,0.3574,0.5456,0.3574,0.5425,0.3574,0.5396,0.3574,0.5369
2023-09-20 18:30:00,2023-09-20 19:16:00,2023-09-20 19:17:00,-0.0014516567642738,0.0006353528477422,1149,2023-09-20,TRUE,FALSE,FALSE,FALSE,-4.81367566085E-05,Negative,Negative,0.4492,0.6781,0.411,0.6728,0.411,0.6683,0.411,0.6646,0.411,0.6612,0.411,0.658,0.411,0.655
2023-09-20 18:30:00,2023-09-20 19:17:00,2023-09-20 19:18:00,0.0004646105227108,0.0010784180175271,1150,2023-09-20,FALSE,FALSE,FALSE,FALSE,-4.81367566085E-05,Negative,Positive,0.4649,0.6066,0.4294,0.6027,0.4294,0.5989,0.4294,0.5954,0.4294,0.5919,0.4294,0.5885,0.4294,0.5855
2023-09-20 18:30:00,2023-09-20 19:18:00,2023-09-20 19:19:00,0.000930743988587,0.0006132879045996,1151,2023-09-20,FALSE,FALSE,FALSE,FALSE,-4.81367566085E-05,Negative,Positive,0.4217,0.6116,0.3898,0.6066,0.3898,0.6022,0.3898,0.5981,0.3898,0.5938,0.3898,0.59,0.3898,0.5866
2023-09-20 18:30:00,2023-09-20 19:19:00,2023-09-20 19:20:00,-9.09626757969E-05,0.0004974559331273,1152,2023-09-20,FALSE,FALSE,FALSE,FALSE,-4.81367566085E-05,Negative,Negative,0.4045,0.6038,0.3765,0.5969,0.3765,0.5907,0.3765,0.5855,0.3765,0.5804,0.3765,0.5751,0.3765,0.5703
2023-09-20 18:30:00,2023-09-20 19:20:00,2023-09-20 19:21:00,-0.0003178716887132,0.0006131207847945,1153,2023-09-20,FALSE,FALSE,FALSE,FALSE,-4.81367566085E-05,Negative,Negative,0.4167,0.5957,0.387,0.5875,0.387,0.5808,0.387,0.5749,0.387,0.5699,0.387,0.5654,0.387,0.5614
2023-09-20 18:30:00,2023-09-20 19:21:00,2023-09-20 19:22:00,-0.0004766768811713,0.000465496491746,1154,2023-09-20,FALSE,FALSE,FALSE,FALSE,-4.81367566085E-05,Negative,Negative,0.4131,0.5293,0.3824,0.526,0.3824,0.5231,0.3824,0.5205,0.3824,0.5181,0.3824,0.516,0.3824,0.5139
2023-09-20 18:30:00,2023-09-20 19:22:00,2023-09-20 19:23:00,0.0010898286121774,0.0005677946854417,1155,2023-09-20,TRUE,FALSE,FALSE,FALSE,-4.81367566085E-05,Negative,Positive,0.355,0.5474,0.3235,0.54,0.3235,0.5338,0.3235,0.5282,0.3235,0.5232,0.3235,0.518,0.3235,0.5134
2023-09-20 18:30:00,2023-09-20 19:23:00,2023-09-20 19:23:35,-0.0001594399698344,0.0008176336319966,1156,2023-09-20,FALSE,FALSE,FALSE,FALSE,-4.81367566085E-05,Negative,Negative,0.3502,0.594,0.3186,0.5856,0.3186,0.578,0.3186,0.5714,0.3186,0.5659,0.3186,0.561,0.3186,0.5567
2023-11-01 18:30:00,2023-11-01 18:30:00,2023-11-01 18:31:00,0.0003085095768552,0.0008325008325007,1157,2023-11-01,FALSE,FALSE,FALSE,FALSE,0.0012128470048429,Positive,Positive,0.5012,0.6238,0.4618,0.6169,0.4618,0.6117,0.4618,0.6073,0.4618,0.6026,0.4618,0.5975,0.4618,0.5924
2023-11-01 18:30:00,2023-11-01 18:31:00,2023-11-01 18:32:00,-0.0011170620105882,0.001640396548035,1158,2023-11-01,TRUE,FALSE,FALSE,FALSE,0.0012128470048429,Positive,Negative,0.5605,0.6999,0.5177,0.6896,0.5177,0.6813,0.5177,0.6736,0.5177,0.6663,0.5177,0.6596,0.5177,0.653
2023-11-01 18:30:00,2023-11-01 18:32:00,2023-11-01 18:33:00,0.000593686031455,0.0007363070637974,1159,2023-11-01,FALSE,FALSE,FALSE,FALSE,0.0012128470048429,Positive,Positive,0.4,0.6363,0.3744,0.6291,0.3744,0.6225,0.3744,0.6162,0.3744,0.6106,0.3744,0.6055,0.3744,0.6002
2023-11-01 18:30:00,2023-11-01 18:33:00,2023-11-01 18:34:00,-0.00030882180642,0.0008074283407348,1160,2023-11-01,FALSE,FALSE,FALSE,FALSE,0.0012128470048429,Positive,Negative,0.3893,0.6212,0.3543,0.6057,0.3543,0.5937,0.3543,0.5835,0.3543,0.5737,0.3543,0.5646,0.3543,0.5567
2023-11-01 18:30:00,2023-11-01 18:34:00,2023-11-01 18:35:00,-0.0009730064565239,0.001021038134587,1161,2023-11-01,FALSE,FALSE,FALSE,FALSE,0.0012128470048429,Positive,Negative,0.53,0.664,0.4863,0.6578,0.4863,0.6526,0.4863,0.6478,0.4863,0.6429,0.4863,0.6386,0.4863,0.6344
2023-11-01 18:30:00,2023-11-01 18:35:00,2023-11-01 18:36:00,0.0019468521578097,0.0022813688212927,1162,2023-11-01,TRUE,FALSE,FALSE,FALSE,0.0012128470048429,Positive,Positive,0.5166,0.6721,0.4776,0.6648,0.4776,0.6583,0.4776,0.6512,0.4776,0.6449,0.4776,0.6389,0.4776,0.6332
2023-11-01 18:30:00,2023-11-01 18:36:00,2023-11-01 18:37:00,-0.0016500301921978,0.001663063362714,1163,2023-11-01,TRUE,FALSE,FALSE,FALSE,0.0012128470048429,Positive,Negative,0.5506,0.6383,0.5034,0.6297,0.5034,0.6224,0.5034,0.6164,0.5034,0.6109,0.5034,0.6058,0.5034,0.6007
2023-11-01 18:30:00,2023-11-01 18:37:00,2023-11-01 18:38:00,-0.0012344000643591,0.001139574084186,1164,2023-11-01,TRUE,FALSE,FALSE,FALSE,0.0012128470048429,Positive,Negative,0.4839,0.661,0.4487,0.6554,0.4487,0.6501,0.4487,0.6451,0.4487,0.6408,0.4487,0.6366,0.4487,0.6323
2023-11-01 18:30:00,2023-11-01 18:38:00,2023-11-01 18:39:00,0.0014829563395755,0.002354676053658,1165,2023-11-01,TRUE,FALSE,FALSE,FALSE,0.0012128470048429,Positive,Positive,0.5189,0.6595,0.473,0.6547,0.473,0.6509,0.473,0.6471,0.473,0.643,0.473,0.6392,0.473,0.6356
2023-11-01 18:30:00,2023-11-01 18:39:00,2023-11-01 18:40:00,-0.0010464106724477,0.0012614542425324,1166,2023-11-01,TRUE,FALSE,FALSE,FALSE,0.0012128470048429,Positive,Negative,0.4089,0.6189,0.3807,0.6135,0.3807,0.6088,0.3807,0.6045,0.3807,0.6004,0.3807,0.5965,0.3807,0.5925
2023-11-01 18:30:00,2023-11-01 18:40:00,2023-11-01 18:41:00,0.0005405304100873,0.0023348899266176,1167,2023-11-01,FALSE,FALSE,FALSE,FALSE,0.0012128470048429,Positive,Positive,0.4655,0.5826,0.4392,0.5769,0.4392,0.572,0.4392,0.5675,0.4392,0.5634,0.4392,0.5599,0.4392,0.5564
2023-11-01 18:30:00,2023-11-01 18:41:00,2023-11-01 18:42:00,0.0006430645541423,0.0013345407749868,1168,2023-11-01,FALSE,FALSE,FALSE,FALSE,0.0012128470048429,Positive,Positive,0.4678,0.658,0.4336,0.6517,0.4336,0.6454,0.4336,0.639,0.4336,0.6319,0.4336,0.625,0.4336,0.6183
2023-11-01 18:30:00,2023-11-01 18:42:00,2023-11-01 18:43:00,0.0008393764541587,0.0012644939638307,1169,2023-11-01,FALSE,FALSE,FALSE,FALSE,0.0012128470048429,Positive,Positive,0.4757,0.6298,0.4376,0.6238,0.4376,0.6189,0.4376,0.614,0.4376,0.6094,0.4376,0.6045,0.4376,0.5999
2023-11-01 18:30:00,2023-11-01 18:43:00,2023-11-01 18:44:00,-0.0010722371214819,0.0015497222420904,1170,2023-11-01,TRUE,FALSE,FALSE,FALSE,0.0012128470048429,Positive,Negative,0.4472,0.5973,0.4185,0.5916,0.4185,0.5866,0.4185,0.5824,0.4185,0.5788,0.4185,0.5755,0.4185,0.5724
2023-11-01 18:30:00,2023-11-01 18:44:00,2023-11-01 18:45:00,0.001405487364164,0.0013109283756405,1171,2023-11-01,TRUE,FALSE,FALSE,FALSE,0.0012128470048429,Positive,Positive,0.4459,0.6305,0.4173,0.6257,0.4173,0.6214,0.4173,0.617,0.4173,0.6132,0.4173,0.6099,0.4173,0.6066
2023-11-01 18:30:00,2023-11-01 18:45:00,2023-11-01 18:46:00,-0.0015361314374532,0.0017358760429082,1172,2023-11-01,TRUE,FALSE,FALSE,FALSE,0.0012128470048429,Positive,Negative,0.5184,0.6287,0.4716,0.6211,0.4716,0.6148,0.4716,0.6086,0.4716,0.6031,0.4716,0.5983,0.4716,0.5942
2023-11-01 18:30:00,2023-11-01 18:46:00,2023-11-01 18:47:00,-0.0001073366307595,0.0009762834555672,1173,2023-11-01,FALSE,FALSE,FALSE,FALSE,0.0012128470048429,Positive,Negative,0.5202,0.6461,0.4802,0.6402,0.4802,0.6347,0.4802,0.6295,0.4802,0.6251,0.4802,0.6211,0.4802,0.6171
2023-11-01 18:30:00,2023-11-01 18:47:00,2023-11-01 18:48:00,-0.0004409975471514,0.0010045031092897,1174,2023-11-01,FALSE,FALSE,FALSE,FALSE,0.0012128470048429,Positive,Negative,0.507,0.5934,0.469,0.5888,0.469,0.5842,0.469,0.5794,0.469,0.5749,0.469,0.5706,0.469,0.5668
2023-11-01 18:30:00,2023-11-01 18:48:00,2023-11-01 18:49:00,0.0020139250440541,0.001980198019802,1175,2023-11-01,TRUE,FALSE,FALSE,FALSE,0.0012128470048429,Positive,Positive,0.4524,0.6175,0.4156,0.6117,0.4156,0.6066,0.4156,0.6023,0.4156,0.5986,0.4156,0.5946,0.4156,0.5905
2023-11-01 18:30:00,2023-11-01 18:49:00,2023-11-01 18:50:00,0.0004516852238089,0.0021356304285578,1176,2023-11-01,FALSE,FALSE,FALSE,FALSE,0.0012128470048429,Positive,Positive,0.3639,0.5496,0.337,0.5437,0.337,0.5386,0.337,0.5339,0.337,0.5294,0.337,0.525,0.337,0.521
2023-11-01 18:30:00,2023-11-01 18:50:00,2023-11-01 18:51:00,-0.0021549740917023,0.0020968856482474,1177,2023-11-01,TRUE,FALSE,FALSE,FALSE,0.0012128470048429,Positive,Negative,0.4018,0.5478,0.3771,0.5394,0.3771,0.532,0.3771,0.5257,0.3771,0.5197,0.3771,0.5143,0.3771,0.5091
2023-11-01 18:30:00,2023-11-01 18:51:00,2023-11-01 18:52:00,0.0013445586570282,0.0012141411736697,1178,2023-11-01,TRUE,FALSE,FALSE,FALSE,0.0012128470048429,Positive,Positive,0.402,0.5672,0.3716,0.5618,0.3716,0.5571,0.3716,0.553,0.3716,0.5491,0.3716,0.5453,0.3716,0.5411
2023-11-01 18:30:00,2023-11-01 18:52:00,2023-11-01 18:53:00,-0.0002466620952014,0.0010240045722995,1179,2023-11-01,FALSE,FALSE,FALSE,FALSE,0.0012128470048429,Positive,Negative,0.4138,0.6086,0.373,0.6021,0.373,0.5957,0.373,0.5892,0.373,0.5834,0.373,0.5781,0.373,0.5732
2023-11-01 18:30:00,2023-11-01 18:53:00,2023-11-01 18:54:00,-0.0010382265757262,0.0006662066668252,1180,2023-11-01,TRUE,FALSE,FALSE,FALSE,0.0012128470048429,Positive,Negative,0.3897,0.6479,0.3543,0.6379,0.3543,0.6273,0.3543,0.6178,0.3543,0.6095,0.3543,0.602,0.3543,0.5953
2023-11-01 18:30:00,2023-11-01 18:54:00,2023-11-01 18:55:00,0.0014035623831281,0.0009997619614376,1181,2023-11-01,TRUE,FALSE,FALSE,FALSE,0.0012128470048429,Positive,Positive,0.4556,0.6436,0.4205,0.6375,0.4205,0.6324,0.4205,0.6283,0.4205,0.6245,0.4205,0.6209,0.4205,0.6172
2023-11-01 18:30:00,2023-11-01 18:55:00,2023-11-01 18:56:00,0.0006405039695938,0.0008567144998929,1182,2023-11-01,FALSE,FALSE,FALSE,FALSE,0.0012128470048429,Positive,Positive,0.4489,0.6273,0.4149,0.6217,0.4149,0.6168,0.4149,0.6121,0.4149,0.6078,0.4149,0.6031,0.4149,0.5987
2023-11-01 18:30:00,2023-11-01 18:56:00,2023-11-01 18:57:00,-0.0008321053880174,0.0015576138782208,1183,2023-11-01,FALSE,FALSE,FALSE,FALSE,0.0012128470048429,Positive,Negative,0.4941,0.5755,0.4612,0.5709,0.4612,0.5669,0.4612,0.5632,0.4612,0.56,0.4612,0.5571,0.4612,0.5543
2023-11-01 18:30:00,2023-11-01 18:57:00,2023-11-01 18:58:00,-0.0001901814595503,0.0011638954869358,1184,2023-11-01,FALSE,FALSE,FALSE,FALSE,0.0012128470048429,Positive,Negative,0.3974,0.4975,0.3712,0.493,0.3712,0.4889,0.3712,0.485,0.3712,0.4814,0.3712,0.4782,0.3712,0.4754
2023-11-01 18:30:00,2023-11-01 18:58:00,2023-11-01 18:59:00,-0.0008913455576746,0.0009258160237388,1185,2023-11-01,FALSE,FALSE,FALSE,FALSE,0.0012128470048429,Positive,Negative,0.3252,0.5205,0.3006,0.5127,0.3006,0.5056,0.3006,0.4996,0.3006,0.4943,0.3006,0.4894,0.3006,0.4847
2023-11-01 18:30:00,2023-11-01 18:59:00,2023-11-01 19:00:00,0.0021252433825044,0.000807140822334,1186,2023-11-01,TRUE,FALSE,FALSE,FALSE,0.0012128470048429,Positive,Positive,0.4432,0.5851,0.4114,0.5797,0.4114,0.5742,0.4114,0.5696,0.4114,0.5654,0.4114,0.5613,0.4114,0.5573
2023-11-01 18:30:00,2023-11-01 19:00:00,2023-11-01 19:01:00,-0.0012344646154793,0.0019699055394694,1187,2023-11-01,TRUE,FALSE,FALSE,FALSE,0.0012128470048429,Positive,Negative,0.4962,0.6387,0.4664,0.6307,0.4664,0.6241,0.4664,0.6181,0.4664,0.6125,0.4664,0.6071,0.4664,0.6022
2023-11-01 18:30:00,2023-11-01 19:01:00,2023-11-01 19:02:00,0.000556477748893,0.0010189090564428,1188,2023-11-01,FALSE,FALSE,FALSE,FALSE,0.0012128470048429,Positive,Positive,0.3733,0.461,0.3574,0.4569,0.3574,0.4535,0.3574,0.4505,0.3574,0.4478,0.3574,0.4454,0.3574,0.4431
2023-11-01 18:30:00,2023-11-01 19:02:00,2023-11-01 19:03:00,-0.0010302498700043,0.0013266998341625,1189,2023-11-01,TRUE,FALSE,FALSE,FALSE,0.0012128470048429,Positive,Negative,0.4516,0.5389,0.4253,0.535,0.4253,0.5306,0.4253,0.5263,0.4253,0.5224,0.4253,0.5189,0.4253,0.5159
2023-11-01 18:30:00,2023-11-01 19:03:00,2023-11-01 19:04:00,-0.0007096737427626,0.0005681549169073,1190,2023-11-01,FALSE,FALSE,FALSE,FALSE,0.0012128470048429,Positive,Negative,0.417,0.5256,0.3861,0.5204,0.3861,0.5161,0.3861,0.5123,0.3861,0.5086,0.3861,0.5054,0.3861,0.5025
2023-11-01 18:30:00,2023-11-01 19:04:00,2023-11-01 19:05:00,0.0008043258960992,0.0010895826424747,1191,2023-11-01,FALSE,FALSE,FALSE,FALSE,0.0012128470048429,Positive,Positive,0.4393,0.5,0.4149,0.496,0.4149,0.4924,0.4149,0.489,0.4149,0.486,0.4149,0.4833,0.4149,0.4806
2023-11-01 18:30:00,2023-11-01 19:05:00,2023-11-01 19:06:00,0.0005728562294267,0.0008767772511848,1192,2023-11-01,FALSE,FALSE,FALSE,FALSE,0.0012128470048429,Positive,Positive,0.4713,0.5145,0.4468,0.5107,0.4468,0.5074,0.4468,0.5045,0.4468,0.5016,0.4468,0.499,0.4468,0.4966
2023-11-01 18:30:00,2023-11-01 19:06:00,2023-11-01 19:07:00,-0.000915562062384,0.0009000900090008,1193,2023-11-01,FALSE,FALSE,FALSE,FALSE,0.0012128470048429,Positive,Negative,0.4291,0.6248,0.3955,0.6159,0.3955,0.6085,0.3955,0.6005,0.3955,0.5924,0.3955,0.5853,0.3955,0.5788
2023-11-01 18:30:00,2023-11-01 19:07:00,2023-11-01 19:08:00,0.0007333447050763,0.0009946714031971,1194,2023-11-01,FALSE,FALSE,FALSE,FALSE,0.0012128470048429,Positive,Positive,0.3733,0.5365,0.3526,0.5297,0.3526,0.5241,0.3526,0.5186,0.3526,0.5136,0.3526,0.5091,0.3526,0.5046
2023-11-01 18:30:00,2023-11-01 19:08:00,2023-11-01 19:09:00,-0.0004143047104813,0.001089711700187,1195,2023-11-01,FALSE,FALSE,FALSE,FALSE,0.0012128470048429,Positive,Negative,0.4824,0.6141,0.4469,0.6072,0.4469,0.6014,0.4469,0.5961,0.4469,0.5912,0.4469,0.5863,0.4469,0.5817
2023-11-01 18:30:00,2023-11-01 19:09:00,2023-11-01 19:10:00,0.0007810085122553,0.0006984562932094,1196,2023-11-01,FALSE,FALSE,FALSE,FALSE,0.0012128470048429,Positive,Positive,0.4526,0.614,0.4174,0.6059,0.4174,0.5978,0.4174,0.5911,0.4174,0.5854,0.4174,0.58,0.4174,0.5751
2023-11-01 18:30:00,2023-11-01 19:10:00,2023-11-01 19:11:00,-0.0008282847851301,0.0008993657104989,1197,2023-11-01,FALSE,FALSE,FALSE,FALSE,0.0012128470048429,Positive,Negative,0.4738,0.6141,0.4471,0.6083,0.4471,0.6034,0.4471,0.5986,0.4471,0.594,0.4471,0.5894,0.4471,0.585
2023-11-01 18:30:00,2023-11-01 19:11:00,2023-11-01 19:12:00,-2.36540812661342E-05,0.0005559761521718,1198,2023-11-01,FALSE,FALSE,FALSE,FALSE,0.0012128470048429,Positive,Negative,0.4395,0.6071,0.4076,0.6008,0.4076,0.5956,0.4076,0.5909,0.4076,0.5865,0.4076,0.5822,0.4076,0.5782
2023-11-01 18:30:00,2023-11-01 19:12:00,2023-11-01 19:13:00,-3.54889541380999E-05,0.0006859683981455,1199,2023-11-01,FALSE,FALSE,FALSE,FALSE,0.0012128470048429,Positive,Negative,0.3914,0.4688,0.3661,0.4639,0.3661,0.4596,0.3661,0.4554,0.3661,0.4513,0.3661,0.4477,0.3661,0.4443
2023-11-01 18:30:00,2023-11-01 19:13:00,2023-11-01 19:14:00,-0.0010290197405233,0.0008758640280276,1200,2023-11-01,TRUE,FALSE,FALSE,FALSE,0.0012128470048429,Positive,Negative,0.3942,0.5939,0.3554,0.5871,0.3554,0.5803,0.3554,0.574,0.3554,0.5686,0.3554,0.5631,0.3554,0.558
2023-11-01 18:30:00,2023-11-01 19:14:00,2023-11-01 19:15:00,0.0017037800949701,0.0013501350135013,1201,2023-11-01,TRUE,FALSE,FALSE,FALSE,0.0012128470048429,Positive,Positive,0.4231,0.5763,0.3943,0.5714,0.3943,0.5661,0.3943,0.5611,0.3943,0.5564,0.3943,0.5522,0.3943,0.5484
2023-11-01 18:30:00,2023-11-01 19:15:00,2023-11-01 19:16:00,-0.0005683449673206,0.0008764449497819,1202,2023-11-01,FALSE,FALSE,FALSE,FALSE,0.0012128470048429,Positive,Negative,0.4222,0.5813,0.3935,0.5744,0.3935,0.5675,0.3935,0.5616,0.3935,0.5551,0.3935,0.5492,0.3935,0.5439
2023-11-01 18:30:00,2023-11-01 19:16:00,2023-11-01 19:17:00,0.000141793043295,0.0010655174863258,1203,2023-11-01,FALSE,FALSE,FALSE,FALSE,0.0012128470048429,Positive,Positive,0.4157,0.6557,0.38,0.6476,0.38,0.6393,0.38,0.6319,0.38,0.6255,0.38,0.6198,0.38,0.6147
2023-11-01 18:30:00,2023-11-01 19:17:00,2023-11-01 19:18:00,0.0001422379082011,0.0005444817953694,1204,2023-11-01,FALSE,FALSE,FALSE,FALSE,0.0012128470048429,Positive,Positive,0.3624,0.548,0.3374,0.5412,0.3374,0.535,0.3374,0.5291,0.3374,0.5237,0.3374,0.519,0.3374,0.5148
2023-11-01 18:30:00,2023-11-01 19:18:00,2023-11-01 19:19:00,-0.0004969859760608,0.0005918700726816,1205,2023-11-01,FALSE,FALSE,FALSE,FALSE,0.0012128470048429,Positive,Negative,0.3791,0.5787,0.3532,0.5711,0.3532,0.5646,0.3532,0.5584,0.3532,0.553,0.3532,0.5482,0.3532,0.5436
2023-11-01 18:30:00,2023-11-01 19:19:00,2023-11-01 19:20:00,0.0007810034823047,0.0006154283144365,1206,2023-11-01,FALSE,FALSE,FALSE,FALSE,0.0012128470048429,Positive,Positive,0.3659,0.524,0.3424,0.5179,0.3424,0.5125,0.3424,0.5078,0.3424,0.5035,0.3424,0.4996,0.3424,0.4961
2023-11-01 18:30:00,2023-11-01 19:20:00,2023-11-01 19:21:00,-0.000603516702672,0.0008522929046616,1207,2023-11-01,FALSE,FALSE,FALSE,FALSE,0.0012128470048429,Positive,Negative,0.3423,0.4739,0.3131,0.4673,0.3131,0.4616,0.3131,0.4562,0.3131,0.4515,0.3131,0.4471,0.3131,0.4431
2023-11-01 18:30:00,2023-11-01 19:21:00,2023-11-01 19:21:28,0.0,0.0007337972825829,1208,2023-11-01,FALSE,FALSE,FALSE,FALSE,0.0012128470048429,Positive,Negative,0.3357,0.44,0.3109,0.434,0.3109,0.4284,0.3109,0.4235,0.3109,0.4192,0.3109,0.4153,0.3109,0.4119
2023-12-13 18:30:00,2023-12-13 18:30:00,2023-12-13 18:31:00,0.0003554829576558,0.0001400484783194,1209,2023-12-13,FALSE,FALSE,FALSE,FALSE,-0.00014003478506829600,Negative,Positive,0.4296,0.5764,0.3988,0.5667,0.3988,0.5586,0.3988,0.552,0.3988,0.546,0.3988,0.5406,0.3988,0.5359
2023-12-13 18:30:00,2023-12-13 18:31:00,2023-12-13 18:32:00,-0.0003231563070425,0.0003339617559924,1210,2023-12-13,FALSE,FALSE,FALSE,FALSE,-0.00014003478506829600,Negative,Negative,0.5419,0.6377,0.5025,0.6325,0.5025,0.6283,0.5025,0.6244,0.5025,0.6206,0.5025,0.6165,0.5025,0.6129
2023-12-13 18:30:00,2023-12-13 18:32:00,2023-12-13 18:33:00,-4.30837165418114E-05,0.0001938861242163,1211,2023-12-13,FALSE,FALSE,FALSE,FALSE,-0.00014003478506829600,Negative,Negative,0.5268,0.6806,0.4894,0.6744,0.4894,0.6693,0.4894,0.6643,0.4894,0.6599,0.4894,0.6563,0.4894,0.653
2023-12-13 18:30:00,2023-12-13 18:33:00,2023-12-13 18:34:00,0.0001626349708603,0.0001400288674896,1212,2023-12-13,FALSE,FALSE,FALSE,FALSE,-0.00014003478506829600,Negative,Positive,0.4343,0.6219,0.4056,0.6136,0.4056,0.607,0.4056,0.601,0.4056,0.5958,0.4056,0.5913,0.4056,0.5872
2023-12-13 18:30:00,2023-12-13 18:34:00,2023-12-13 18:35:00,-7.64748449714782E-05,8.61706825795635E-05,1213,2023-12-13,FALSE,FALSE,FALSE,FALSE,-0.00014003478506829600,Negative,Negative,0.3891,0.6485,0.3524,0.636,0.3524,0.6242,0.3524,0.6136,0.3524,0.6042,0.3524,0.5953,0.3524,0.5873
2023-12-13 18:30:00,2023-12-13 18:35:00,2023-12-13 18:36:00,4.30826729651316E-05,9.69378413020172E-05,1214,2023-12-13,FALSE,FALSE,FALSE,FALSE,-0.00014003478506829600,Negative,Positive,0.4869,0.7007,0.4477,0.6943,0.4477,0.6893,0.4477,0.685,0.4477,0.6805,0.4477,0.6765,0.4477,0.6727
2023-12-13 18:30:00,2023-12-13 18:36:00,2023-12-13 18:37:00,-1.07714512778689E-05,7.53985351142288E-05,1215,2023-12-13,FALSE,FALSE,FALSE,FALSE,-0.00014003478506829600,Negative,Negative,0.554,0.6845,0.5097,0.6773,0.5097,0.6709,0.5097,0.6652,0.5097,0.6602,0.5097,0.6556,0.5097,0.6509
2023-12-13 18:30:00,2023-12-13 18:37:00,2023-12-13 18:38:00,-2.32000845018331E-10,0.0001184859647989,1216,2023-12-13,FALSE,FALSE,FALSE,FALSE,-0.00014003478506829600,Negative,Negative,0.5162,0.6633,0.4778,0.6564,0.4778,0.6502,0.4778,0.644,0.4778,0.6388,0.4778,0.6343,0.4778,0.63
2023-12-13 18:30:00,2023-12-13 18:38:00,2023-12-13 18:39:00,2.15396544839339E-05,0.0001615648090304,1217,2023-12-13,FALSE,FALSE,FALSE,FALSE,-0.00014003478506829600,Negative,Positive,0.5313,0.634,0.4867,0.627,0.4867,0.6212,0.4867,0.6163,0.4867,0.6119,0.4867,0.6077,0.4867,0.6037
2023-12-13 18:30:00,2023-12-13 18:39:00,2023-12-13 18:40:00,2.13205556839937E-05,9.69347090880793E-05,1218,2023-12-13,FALSE,FALSE,FALSE,FALSE,-0.00014003478506829600,Negative,Positive,0.3876,0.4791,0.3604,0.4728,0.3604,0.4677,0.3604,0.4633,0.3604,0.4594,0.3604,0.4561,0.3604,0.4529
2023-12-13 18:30:00,2023-12-13 18:40:00,2023-12-13 18:41:00,-0.00016131984368,8.61567622289195E-05,1219,2023-12-13,FALSE,FALSE,FALSE,FALSE,-0.00014003478506829600,Negative,Negative,0.4709,0.6798,0.4361,0.6727,0.4361,0.6668,0.4361,0.6615,0.4361,0.6569,0.4361,0.6529,0.4361,0.6492
2023-12-13 18:30:00,2023-12-13 18:41:00,2023-12-13 18:42:00,-1.07815412983634E-05,0.0001507775815275,1220,2023-12-13,FALSE,FALSE,FALSE,FALSE,-0.00014003478506829600,Negative,Negative,0.4348,0.6444,0.4021,0.6395,0.4021,0.6355,0.4021,0.632,0.4021,0.6287,0.4021,0.6258,0.4021,0.6229
2023-12-13 18:30:00,2023-12-13 18:42:00,2023-12-13 18:43:00,0.0001723279081654,0.0001723450779322,1221,2023-12-13,FALSE,FALSE,FALSE,FALSE,-0.00014003478506829600,Negative,Positive,0.4255,0.5594,0.4049,0.5539,0.4049,0.5493,0.4049,0.5455,0.4049,0.542,0.4049,0.5389,0.4049,0.536
2023-12-13 18:30:00,2023-12-13 18:43:00,2023-12-13 18:44:00,1.07647227884416E-05,0.0001184846885468,1222,2023-12-13,FALSE,FALSE,FALSE,FALSE,-0.00014003478506829600,Negative,Positive,0.4134,0.5887,0.3789,0.5828,0.3789,0.5776,0.3789,0.5732,0.3789,0.5694,0.3789,0.5661,0.3789,0.5626
2023-12-13 18:30:00,2023-12-13 18:44:00,2023-12-13 18:45:00,3.23027543560448E-05,0.0001831067835678,1223,2023-12-13,FALSE,FALSE,FALSE,FALSE,-0.00014003478506829600,Negative,Positive,0.3983,0.6206,0.3625,0.6142,0.3625,0.6087,0.3625,0.6036,0.3625,0.5982,0.3625,0.5934,0.3625,0.5891
2023-12-13 18:30:00,2023-12-13 18:45:00,2023-12-13 18:46:00,1.07554471742E-05,0.0001400047386219,1224,2023-12-13,FALSE,FALSE,FALSE,FALSE,-0.00014003478506829600,Negative,Positive,0.3561,0.6253,0.3202,0.6183,0.3202,0.6121,0.3202,0.6064,0.3202,0.6014,0.3202,0.597,0.3202,0.5927
2023-12-13 18:30:00,2023-12-13 18:46:00,2023-12-13 18:47:00,-0.0001832664506436,0.0002121524818501,1225,2023-12-13,FALSE,FALSE,FALSE,FALSE,-0.00014003478506829600,Negative,Negative,0.423,0.6464,0.3876,0.6406,0.3876,0.6351,0.3876,0.6304,0.3876,0.6261,0.3876,0.6223,0.3876,0.6188
2023-12-13 18:30:00,2023-12-13 18:47:00,2023-12-13 18:48:00,6.48162105127252E-05,0.0001507548510757,1226,2023-12-13,FALSE,FALSE,FALSE,FALSE,-0.00014003478506829600,Negative,Positive,0.4421,0.5665,0.4074,0.5615,0.4074,0.5567,0.4074,0.5522,0.4074,0.5483,0.4074,0.5448,0.4074,0.5414
2023-12-13 18:30:00,2023-12-13 18:48:00,2023-12-13 18:49:00,2.15352478168447E-05,0.000102295731576,1227,2023-12-13,FALSE,FALSE,FALSE,FALSE,-0.00014003478506829600,Negative,Positive,0.4572,0.6083,0.4297,0.6032,0.4297,0.5988,0.4297,0.5948,0.4297,0.591,0.4297,0.5875,0.4297,0.5844
2023-12-13 18:30:00,2023-12-13 18:49:00,2023-12-13 18:50:00,0.0001507448796703,9.69159200551687E-05,1228,2023-12-13,FALSE,FALSE,FALSE,FALSE,-0.00014003478506829600,Negative,Positive,0.4247,0.567,0.395,0.5637,0.395,0.5602,0.395,0.5567,0.395,0.5533,0.395,0.5502,0.395,0.5472
2023-12-13 18:30:00,2023-12-13 18:50:00,2023-12-13 18:51:00,-0.0003122336198651,0.0002584368875584,1229,2023-12-13,FALSE,FALSE,FALSE,FALSE,-0.00014003478506829600,Negative,Negative,0.4719,0.6574,0.4374,0.6503,0.4374,0.6447,0.4374,0.6399,0.4374,0.6356,0.4374,0.6313,0.4374,0.6271
2023-12-13 18:30:00,2023-12-13 18:51:00,2023-12-13 18:52:00,0.0002583935294173,0.0001615074024225,1230,2023-12-13,FALSE,FALSE,FALSE,FALSE,-0.00014003478506829600,Negative,Positive,0.4164,0.5822,0.3844,0.5745,0.3844,0.5683,0.3844,0.5629,0.3844,0.5579,0.3844,0.5533,0.3844,0.5493
2023-12-13 18:30:00,2023-12-13 18:52:00,2023-12-13 18:53:00,2.15179755568E-05,0.000204582651391,1231,2023-12-13,FALSE,FALSE,FALSE,FALSE,-0.00014003478506829600,Negative,Positive,0.4187,0.5995,0.3948,0.5936,0.3948,0.5875,0.3948,0.5817,0.3948,0.5768,0.3948,0.5725,0.3948,0.5683
2023-12-13 18:30:00,2023-12-13 18:53:00,2023-12-13 18:54:00,-4.30775630708799E-05,0.0001507256362774,1232,2023-12-13,FALSE,FALSE,FALSE,FALSE,-0.00014003478506829600,Negative,Negative,0.4168,0.6197,0.3891,0.6148,0.3891,0.6105,0.3891,0.6067,0.3891,0.603,0.3891,0.5993,0.3891,0.5957
2023-12-13 18:30:00,2023-12-13 18:54:00,2023-12-13 18:55:00,-7.53533145716083E-05,0.0001761089102281,1233,2023-12-13,FALSE,FALSE,FALSE,FALSE,-0.00014003478506829600,Negative,Negative,0.4102,0.6178,0.3752,0.6112,0.3752,0.6054,0.3752,0.5999,0.3752,0.595,0.3752,0.5906,0.3752,0.5863
2023-12-13 18:30:00,2023-12-13 18:55:00,2023-12-13 18:56:00,3.22895439113531E-05,0.0001291628097216,1234,2023-12-13,FALSE,FALSE,FALSE,FALSE,-0.00014003478506829600,Negative,Positive,0.315,0.5044,0.2947,0.4944,0.2947,0.4866,0.2947,0.48,0.2947,0.474,0.2947,0.4687,0.2947,0.464
2023-12-13 18:30:00,2023-12-13 18:56:00,2023-12-13 18:57:00,-3.22909340743147E-05,0.0001184043400572,1235,2023-12-13,FALSE,FALSE,FALSE,FALSE,-0.00014003478506829600,Negative,Negative,0.3628,0.5875,0.3293,0.5811,0.3293,0.5755,0.3293,0.5702,0.3293,0.5654,0.3293,0.5608,0.3293,0.5566
2023-12-13 18:30:00,2023-12-13 18:57:00,2023-12-13 18:58:00,-8.61015891198561E-05,0.0001076310407921,1236,2023-12-13,FALSE,FALSE,FALSE,FALSE,-0.00014003478506829600,Negative,Negative,0.3964,0.6311,0.3612,0.623,0.3612,0.6158,0.3612,0.61,0.3612,0.605,0.3612,0.6002,0.3612,0.5957
2023-12-13 18:30:00,2023-12-13 18:58:00,2023-12-13 18:59:00,-0.0002152648617304,0.0001291641999892,1237,2023-12-13,FALSE,FALSE,FALSE,FALSE,-0.00014003478506829600,Negative,Negative,0.3923,0.5876,0.3624,0.5834,0.3624,0.5797,0.3624,0.5761,0.3624,0.573,0.3624,0.5701,0.3624,0.5672
2023-12-13 18:30:00,2023-12-13 18:59:00,2023-12-13 19:00:00,0.0032085398037618,0.000710655525885,1238,2023-12-13,TRUE,TRUE,FALSE,FALSE,-0.00014003478506829600,Negative,Positive,0.3949,0.637,0.3628,0.6319,0.3628,0.6277,0.3628,0.6236,0.3628,0.6199,0.3628,0.6165,0.3628,0.613
2023-12-13 18:30:00,2023-12-13 19:00:00,2023-12-13 19:01:00,-0.0021986310295911,0.0030579064108362,1239,2023-12-13,TRUE,FALSE,FALSE,FALSE,-0.00014003478506829600,Negative,Negative,0.4523,0.6073,0.4185,0.6016,0.4185,0.5961,0.4185,0.5916,0.4185,0.5875,0.4185,0.5837,0.4185,0.5801
2023-12-13 18:30:00,2023-12-13 19:01:00,2023-12-13 19:02:00,0.000106769971542,0.0016110669559426,1240,2023-12-13,FALSE,FALSE,FALSE,FALSE,-0.00014003478506829600,Negative,Positive,0.4317,0.5913,0.4026,0.5859,0.4026,0.5804,0.4026,0.5754,0.4026,0.571,0.4026,0.567,0.4026,0.5634
2023-12-13 18:30:00,2023-12-13 19:02:00,2023-12-13 19:03:00,-0.0006438830410469,0.0012446619026159,1241,2023-12-13,FALSE,FALSE,FALSE,FALSE,-0.00014003478506829600,Negative,Negative,0.4371,0.6704,0.4047,0.6637,0.4047,0.6575,0.4047,0.6524,0.4047,0.6476,0.4047,0.6425,0.4047,0.6377
2023-12-13 18:30:00,2023-12-13 19:03:00,2023-12-13 19:04:00,0.0001928805497087,0.0007936848427646,1242,2023-12-13,FALSE,FALSE,FALSE,FALSE,-0.00014003478506829600,Negative,Positive,0.4714,0.6146,0.4323,0.6088,0.4323,0.6033,0.4323,0.5987,0.4323,0.5946,0.4323,0.5908,0.4323,0.5872
2023-12-13 18:30:00,2023-12-13 19:04:00,2023-12-13 19:05:00,0.0004712644538276,0.0006861357691152,1243,2023-12-13,FALSE,FALSE,FALSE,FALSE,-0.00014003478506829600,Negative,Positive,0.3538,0.4892,0.33,0.482,0.33,0.476,0.33,0.471,0.33,0.4669,0.33,0.4632,0.33,0.4597
2023-12-13 18:30:00,2023-12-13 19:05:00,2023-12-13 19:06:00,-0.0018098275862824,0.0012002228985383,1244,2023-12-13,TRUE,FALSE,FALSE,FALSE,-0.00014003478506829600,Negative,Negative,0.4267,0.6152,0.3991,0.6094,0.3991,0.6047,0.3991,0.6006,0.3991,0.5969,0.3991,0.5937,0.3991,0.5905
2023-12-13 18:30:00,2023-12-13 19:06:00,2023-12-13 19:07:00,0.0015420469738191,0.0013505402160864,1245,2023-12-13,TRUE,FALSE,FALSE,FALSE,-0.00014003478506829600,Negative,Positive,0.4347,0.5846,0.4076,0.5798,0.4076,0.5756,0.4076,0.5716,0.4076,0.5682,0.4076,0.5652,0.4076,0.5624
2023-12-13 18:30:00,2023-12-13 19:07:00,2023-12-13 19:08:00,-0.0005265663965972,0.0010275646246838,1246,2023-12-13,FALSE,FALSE,FALSE,FALSE,-0.00014003478506829600,Negative,Negative,0.4651,0.6371,0.4307,0.6322,0.4307,0.6278,0.4307,0.6241,0.4307,0.621,0.4307,0.618,0.4307,0.6152
2023-12-13 18:30:00,2023-12-13 19:08:00,2023-12-13 19:09:00,0.0002692061009906,0.0006642667352361,1247,2023-12-13,FALSE,FALSE,FALSE,FALSE,-0.00014003478506829600,Negative,Positive,0.4543,0.582,0.4239,0.5753,0.4239,0.5697,0.4239,0.565,0.4239,0.5609,0.4239,0.5573,0.4239,0.554
2023-12-13 18:30:00,2023-12-13 19:09:00,2023-12-13 19:10:00,-0.0002463224929894,0.0004709786954425,1248,2023-12-13,FALSE,FALSE,FALSE,FALSE,-0.00014003478506829600,Negative,Negative,0.3928,0.6258,0.3587,0.6144,0.3587,0.6045,0.3587,0.5967,0.3587,0.5901,0.3587,0.5838,0.3587,0.5782
2023-12-13 18:30:00,2023-12-13 19:10:00,2023-12-13 19:11:00,-0.0003228347514514,0.0003211785110164,1249,2023-12-13,FALSE,FALSE,FALSE,FALSE,-0.00014003478506829600,Negative,Negative,0.3446,0.5488,0.3132,0.5429,0.3132,0.5377,0.3132,0.533,0.3132,0.5288,0.3132,0.5247,0.3132,0.5209
2023-12-13 18:30:00,2023-12-13 19:11:00,2023-12-13 19:12:00,0.0004085043602181,0.0004926108374384,1250,2023-12-13,FALSE,FALSE,FALSE,FALSE,-0.00014003478506829600,Negative,Positive,0.3208,0.4982,0.3058,0.4922,0.3058,0.4873,0.3058,0.4832,0.3058,0.4792,0.3058,0.4753,0.3058,0.4719
2023-12-13 18:30:00,2023-12-13 19:12:00,2023-12-13 19:13:00,-0.0002676494486955,0.000514050719671,1251,2023-12-13,FALSE,FALSE,FALSE,FALSE,-0.00014003478506829600,Negative,Negative,0.429,0.5082,0.409,0.505,0.409,0.5021,0.409,0.4994,0.409,0.4963,0.409,0.4933,0.409,0.4904
2023-12-13 18:30:00,2023-12-13 19:13:00,2023-12-13 19:14:00,0.000224814643252,0.0002569428088131,1252,2023-12-13,FALSE,FALSE,FALSE,FALSE,-0.00014003478506829600,Negative,Positive,0.4366,0.5753,0.4145,0.5708,0.4145,0.5666,0.4145,0.5627,0.4145,0.5591,0.4145,0.5556,0.4145,0.5523
2023-12-13 18:30:00,2023-12-13 19:14:00,2023-12-13 19:14:51,2.13958560199E-05,0.0004282746953895,1253,2023-12-13,FALSE,FALSE,FALSE,FALSE,-0.00014003478506829600,Negative,Positive,0.3942,0.5095,0.3692,0.5039,0.3692,0.4987,0.3692,0.4943,0.3692,0.4904,0.3692,0.4869,0.3692,0.4838
2024-01-31 18:30:00,2024-01-31 18:30:00,2024-01-31 18:31:00,6.15675083063804E-05,0.0002463458696009,1254,2024-01-31,FALSE,FALSE,FALSE,FALSE,-0.00014372156284108000,Negative,Positive,0.5219,0.6566,0.4961,0.6504,0.4961,0.6441,0.4961,0.6386,0.4961,0.6337,0.4961,0.6289,0.4961,0.6246
2024-01-31 18:30:00,2024-01-31 18:31:00,2024-01-31 18:32:00,-0.000133403429436,0.0003282087070752,1255,2024-01-31,FALSE,FALSE,FALSE,FALSE,-0.00014372156284108000,Negative,Negative,0.4659,0.6484,0.4414,0.6395,0.4414,0.6319,0.4414,0.6252,0.4414,0.6193,0.4414,0.614,0.4414,0.6092
2024-01-31 18:30:00,2024-01-31 18:32:00,2024-01-31 18:33:00,5.13033092720713E-05,0.0002360378481558,1256,2024-01-31,FALSE,FALSE,FALSE,FALSE,-0.00014372156284108000,Negative,Positive,0.4191,0.5911,0.4017,0.5852,0.4017,0.58,0.4017,0.5753,0.4017,0.5708,0.4017,0.5666,0.4017,0.5629
2024-01-31 18:30:00,2024-01-31 18:33:00,2024-01-31 18:34:00,-0.0002052090259274,0.000225770699068,1257,2024-01-31,FALSE,FALSE,FALSE,FALSE,-0.00014372156284108000,Negative,Negative,0.4572,0.6581,0.4255,0.6497,0.4255,0.6422,0.4255,0.6348,0.4255,0.6282,0.4255,0.622,0.4255,0.6165
2024-01-31 18:30:00,2024-01-31 18:34:00,2024-01-31 18:35:00,0.0001436423592065,0.0002462978356577,1258,2024-01-31,FALSE,FALSE,FALSE,FALSE,-0.00014372156284108000,Negative,Positive,0.578,0.7061,0.5507,0.6979,0.5507,0.6903,0.5507,0.6826,0.5507,0.6758,0.5507,0.67,0.5507,0.6649
2024-01-31 18:30:00,2024-01-31 18:35:00,2024-01-31 18:36:00,-8.20988572757491E-05,0.0002052460900619,1259,2024-01-31,FALSE,FALSE,FALSE,FALSE,-0.00014372156284108000,Negative,Negative,0.5333,0.6537,0.5025,0.646,0.5025,0.639,0.5025,0.6328,0.5025,0.6273,0.5025,0.6221,0.5025,0.6169
2024-01-31 18:30:00,2024-01-31 18:36:00,2024-01-31 18:37:00,0.0001951975819017,0.0002463559843974,1260,2024-01-31,FALSE,FALSE,FALSE,FALSE,-0.00014372156284108000,Negative,Positive,0.5264,0.6388,0.4957,0.6302,0.4957,0.623,0.4957,0.6171,0.4957,0.612,0.4957,0.607,0.4957,0.6024
2024-01-31 18:30:00,2024-01-31 18:37:00,2024-01-31 18:38:00,-0.0001951996882427,0.0002260269754264,1261,2024-01-31,FALSE,FALSE,FALSE,FALSE,-0.00014372156284108000,Negative,Negative,0.4636,0.6621,0.4391,0.6562,0.4391,0.6507,0.4391,0.6457,0.4391,0.6413,0.4391,0.6371,0.4391,0.6333
2024-01-31 18:30:00,2024-01-31 18:38:00,2024-01-31 18:39:00,-0.000143695434871,0.0002052840104284,1262,2024-01-31,FALSE,FALSE,FALSE,FALSE,-0.00014372156284108000,Negative,Negative,0.4268,0.6661,0.4023,0.6602,0.4023,0.6548,0.4023,0.6497,0.4023,0.6446,0.4023,0.6397,0.4023,0.6349
2024-01-31 18:30:00,2024-01-31 18:39:00,2024-01-31 18:40:00,0.0002668519376165,0.0003285218569698,1263,2024-01-31,FALSE,FALSE,FALSE,FALSE,-0.00014372156284108000,Negative,Positive,0.4479,0.5811,0.4265,0.576,0.4265,0.5712,0.4265,0.5667,0.4265,0.5627,0.4265,0.5591,0.4265,0.5554
2024-01-31 18:30:00,2024-01-31 18:40:00,2024-01-31 18:41:00,0.0003490177986633,0.0001437253613666,1264,2024-01-31,FALSE,FALSE,FALSE,FALSE,-0.00014372156284108000,Negative,Positive,0.4479,0.6686,0.4245,0.6638,0.4245,0.6594,0.4245,0.6556,0.4245,0.6521,0.4245,0.6489,0.4245,0.6456
2024-01-31 18:30:00,2024-01-31 18:41:00,2024-01-31 18:42:00,-0.0005132096187804,0.0004516897302179,1265,2024-01-31,FALSE,FALSE,FALSE,FALSE,-0.00014372156284108000,Negative,Negative,0.5125,0.6901,0.4825,0.6835,0.4825,0.6773,0.4825,0.671,0.4825,0.6647,0.4825,0.6588,0.4825,0.6531
2024-01-31 18:30:00,2024-01-31 18:42:00,2024-01-31 18:43:00,0.0001559759924612,0.0003695112187711,1266,2024-01-31,FALSE,FALSE,FALSE,FALSE,-0.00014372156284108000,Negative,Positive,0.4147,0.6063,0.3965,0.6011,0.3965,0.5963,0.3965,0.5921,0.3965,0.5875,0.3965,0.5828,0.3965,0.5784
2024-01-31 18:30:00,2024-01-31 18:43:00,2024-01-31 18:44:00,0.0002853035239013,0.0001847631951714,1267,2024-01-31,FALSE,FALSE,FALSE,FALSE,-0.00014372156284108000,Negative,Positive,0.5085,0.7,0.4794,0.6927,0.4794,0.686,0.4794,0.68,0.4794,0.674,0.4794,0.6688,0.4794,0.6636
2024-01-31 18:30:00,2024-01-31 18:44:00,2024-01-31 18:45:00,-0.0001026872737401,0.0003489470011084,1268,2024-01-31,FALSE,FALSE,FALSE,FALSE,-0.00014372156284108000,Negative,Negative,0.5066,0.6258,0.4804,0.6179,0.4804,0.6111,0.4804,0.6055,0.4804,0.6008,0.4804,0.5964,0.4804,0.5921
2024-01-31 18:30:00,2024-01-31 18:45:00,2024-01-31 18:46:00,-6.15847639293E-05,0.0002981460772142,1269,2024-01-31,FALSE,FALSE,FALSE,FALSE,-0.00014372156284108000,Negative,Negative,0.4359,0.634,0.4155,0.6276,0.4155,0.6218,0.4155,0.6166,0.4155,0.6119,0.4155,0.6077,0.4155,0.6031
2024-01-31 18:30:00,2024-01-31 18:46:00,2024-01-31 18:47:00,-2.05311254732E-05,0.0001538650910881,1270,2024-01-31,FALSE,FALSE,FALSE,FALSE,-0.00014372156284108000,Negative,Negative,0.1664,0.3411,0.1553,0.3321,0.1553,0.3238,0.1553,0.3163,0.1553,0.3097,0.1553,0.304,0.1553,0.2989
2024-01-31 18:30:00,2024-01-31 18:47:00,2024-01-31 18:48:00,-0.0001538347941938,0.0001846078109616,1271,2024-01-31,FALSE,FALSE,FALSE,FALSE,-0.00014372156284108000,Negative,Negative,0.4873,0.5911,0.4685,0.5881,0.4685,0.5851,0.4685,0.5823,0.4685,0.5794,0.4685,0.5766,0.4685,0.5739
2024-01-31 18:30:00,2024-01-31 18:48:00,2024-01-31 18:49:00,0.0001640806867293,0.0001850181264433,1272,2024-01-31,FALSE,FALSE,FALSE,FALSE,-0.00014372156284108000,Negative,Positive,0.3748,0.5516,0.3515,0.5474,0.3515,0.543,0.3515,0.5389,0.3515,0.5352,0.3515,0.5317,0.3515,0.5284
2024-01-31 18:30:00,2024-01-31 18:49:00,2024-01-31 18:50:00,-0.0003793931622268,0.0002666557269445,1273,2024-01-31,FALSE,FALSE,FALSE,FALSE,-0.00014372156284108000,Negative,Negative,0.4451,0.6035,0.4221,0.5982,0.4221,0.5935,0.4221,0.5887,0.4221,0.5842,0.4221,0.58,0.4221,0.5761
2024-01-31 18:30:00,2024-01-31 18:50:00,2024-01-31 18:51:00,0.000400117408639,0.0002974328468425,1274,2024-01-31,FALSE,FALSE,FALSE,FALSE,-0.00014372156284108000,Negative,Positive,0.3936,0.566,0.3774,0.56,0.3774,0.5549,0.3774,0.5496,0.3774,0.5445,0.3774,0.5402,0.3774,0.5362
2024-01-31 18:30:00,2024-01-31 18:51:00,2024-01-31 18:52:00,-0.0003488721596014,0.0003077112437688,1275,2024-01-31,FALSE,FALSE,FALSE,FALSE,-0.00014372156284108000,Negative,Negative,0.4314,0.5738,0.4112,0.5677,0.4112,0.5622,0.4112,0.5571,0.4112,0.5526,0.4112,0.5486,0.4112,0.5448
2024-01-31 18:30:00,2024-01-31 18:52:00,2024-01-31 18:53:00,0.0002255985359228,0.0002461538461538,1276,2024-01-31,FALSE,FALSE,FALSE,FALSE,-0.00014372156284108000,Negative,Positive,0.4455,0.6327,0.4251,0.6278,0.4251,0.623,0.4251,0.6187,0.4251,0.6147,0.4251,0.611,0.4251,0.6075
2024-01-31 18:30:00,2024-01-31 18:53:00,2024-01-31 18:54:00,-0.0003897280216688,0.000184641897298,1277,2024-01-31,FALSE,FALSE,FALSE,FALSE,-0.00014372156284108000,Negative,Negative,0.3257,0.5816,0.3068,0.5711,0.3068,0.5623,0.3068,0.555,0.3068,0.5484,0.3068,0.5422,0.3068,0.5362
2024-01-31 18:30:00,2024-01-31 18:54:00,2024-01-31 18:55:00,0.0006359698386917,0.0004924996408856,1278,2024-01-31,FALSE,FALSE,FALSE,FALSE,-0.00014372156284108000,Negative,Positive,0.3505,0.5135,0.3377,0.5064,0.3377,0.5007,0.3377,0.4957,0.3377,0.4911,0.3377,0.4868,0.3377,0.4825
2024-01-31 18:30:00,2024-01-31 18:55:00,2024-01-31 18:56:00,-0.0001949519806417,0.0003283263563983,1279,2024-01-31,FALSE,FALSE,FALSE,FALSE,-0.00014372156284108000,Negative,Negative,0.3745,0.6481,0.353,0.6391,0.353,0.6321,0.353,0.6259,0.353,0.6205,0.353,0.6157,0.353,0.6109
2024-01-31 18:30:00,2024-01-31 18:56:00,2024-01-31 18:57:00,-0.0001333419600186,0.0002410891401961,1280,2024-01-31,FALSE,FALSE,FALSE,FALSE,-0.00014372156284108000,Negative,Negative,0.3801,0.6109,0.358,0.6033,0.358,0.5967,0.358,0.5907,0.358,0.5852,0.358,0.5799,0.358,0.575
2024-01-31 18:30:00,2024-01-31 18:57:00,2024-01-31 18:58:00,0.000153851203337,0.0001846494737489,1281,2024-01-31,FALSE,FALSE,FALSE,FALSE,-0.00014372156284108000,Negative,Positive,0.4123,0.6126,0.3944,0.607,0.3944,0.6021,0.3944,0.598,0.3944,0.594,0.3944,0.5904,0.3944,0.5872
2024-01-31 18:30:00,2024-01-31 18:58:00,2024-01-31 18:59:00,-0.0002974270620759,0.0001641092967916,1282,2024-01-31,FALSE,FALSE,FALSE,FALSE,-0.00014372156284108000,Negative,Negative,0.4413,0.6237,0.4187,0.6149,0.4187,0.6073,0.4187,0.601,0.4187,0.5953,0.4187,0.5904,0.4187,0.586
2024-01-31 18:30:00,2024-01-31 18:59:00,2024-01-31 19:00:00,-0.002092650250412,0.0004719788225154,1283,2024-01-31,TRUE,FALSE,FALSE,FALSE,-0.00014372156284108000,Negative,Negative,0.4454,0.6235,0.4223,0.6172,0.4223,0.6115,0.4223,0.6059,0.4223,0.601,0.4223,0.5965,0.4223,0.592
2024-01-31 18:30:00,2024-01-31 19:00:00,2024-01-31 19:01:00,0.0020510248699306,0.0034842087464377,1284,2024-01-31,TRUE,FALSE,FALSE,FALSE,-0.00014372156284108000,Negative,Positive,0.4666,0.6923,0.4445,0.687,0.4445,0.6821,0.4445,0.6774,0.4445,0.6736,0.4445,0.6692,0.4445,0.6648
2024-01-31 18:30:00,2024-01-31 19:01:00,2024-01-31 19:02:00,0.0001644736766985,0.0018323313843366,1285,2024-01-31,FALSE,FALSE,FALSE,FALSE,-0.00014372156284108000,Negative,Positive,0.501,0.6799,0.4768,0.674,0.4768,0.6678,0.4768,0.6626,0.4768,0.658,0.4768,0.6538,0.4768,0.6497
2024-01-31 18:30:00,2024-01-31 19:02:00,2024-01-31 19:03:00,0.0009872818900582,0.0013178486121406,1286,2024-01-31,FALSE,FALSE,FALSE,FALSE,-0.00014372156284108000,Negative,Positive,0.4598,0.5896,0.4373,0.5849,0.4373,0.5811,0.4373,0.5775,0.4373,0.5745,0.4373,0.5714,0.4373,0.5683
2024-01-31 18:30:00,2024-01-31 19:03:00,2024-01-31 19:04:00,-0.001398212581533,0.0016052355374451,1287,2024-01-31,TRUE,FALSE,FALSE,FALSE,-0.00014372156284108000,Negative,Negative,0.3035,0.5793,0.2869,0.5708,0.2869,0.5637,0.2869,0.5565,0.2869,0.5499,0.2869,0.5435,0.2869,0.538
2024-01-31 18:30:00,2024-01-31 19:04:00,2024-01-31 19:05:00,0.0013361256094671,0.0013579967490381,1288,2024-01-31,TRUE,FALSE,FALSE,FALSE,-0.00014372156284108000,Negative,Positive,0.2523,0.4853,0.2364,0.4785,0.2364,0.4723,0.2364,0.4665,0.2364,0.461,0.2364,0.4559,0.2364,0.4511
2024-01-31 18:30:00,2024-01-31 19:05:00,2024-01-31 19:06:00,-0.0016235356841672,0.0014393814772166,1289,2024-01-31,TRUE,FALSE,FALSE,FALSE,-0.00014372156284108000,Negative,Negative,0.421,0.5513,0.4061,0.5464,0.4061,0.5424,0.4061,0.5388,0.4061,0.5355,0.4061,0.5324,0.4061,0.5291
2024-01-31 18:30:00,2024-01-31 19:06:00,2024-01-31 19:07:00,0.0005030815333876,0.0013159788620896,1290,2024-01-31,FALSE,FALSE,FALSE,FALSE,-0.00014372156284108000,Negative,Positive,0.379,0.4758,0.3604,0.4726,0.3604,0.4694,0.3604,0.4662,0.3604,0.4629,0.3604,0.4598,0.3604,0.4568
2024-01-31 18:30:00,2024-01-31 19:07:00,2024-01-31 19:08:00,-3.25573761768E-05,0.0009053311660253,1291,2024-01-31,FALSE,FALSE,FALSE,FALSE,-0.00014372156284108000,Negative,Negative,0.5238,0.6002,0.4952,0.5939,0.4952,0.5888,0.4952,0.5845,0.4952,0.5807,0.4952,0.5774,0.4952,0.5743
2024-01-31 18:30:00,2024-01-31 19:08:00,2024-01-31 19:09:00,0.0005170076548736,0.0007200608965787,1292,2024-01-31,FALSE,FALSE,FALSE,FALSE,-0.00014372156284108000,Negative,Positive,0.4622,0.6187,0.4428,0.614,0.4428,0.6094,0.4428,0.6047,0.4428,0.6002,0.4428,0.596,0.4428,0.5917
2024-01-31 18:30:00,2024-01-31 19:09:00,2024-01-31 19:10:00,8.0946616586E-05,0.0007817804019997,1293,2024-01-31,FALSE,FALSE,FALSE,FALSE,-0.00014372156284108000,Negative,Positive,0.435,0.6247,0.4162,0.6178,0.4162,0.6122,0.4162,0.607,0.4162,0.6018,0.4162,0.5969,0.4162,0.5922
2024-01-31 18:30:00,2024-01-31 19:10:00,2024-01-31 19:11:00,2.04860839858E-05,0.0007816517535739,1294,2024-01-31,FALSE,FALSE,FALSE,FALSE,-0.00014372156284108000,Negative,Positive,0.481,0.6127,0.4665,0.6057,0.4665,0.5994,0.4665,0.5941,0.4665,0.5893,0.4665,0.5847,0.4665,0.5799
2024-01-31 18:30:00,2024-01-31 19:11:00,2024-01-31 19:12:00,-1.0370434585E-05,0.0008224841118035,1295,2024-01-31,FALSE,FALSE,FALSE,FALSE,-0.00014372156284108000,Negative,Negative,0.473,0.629,0.4489,0.6205,0.4489,0.613,0.4489,0.6059,0.4489,0.599,0.4489,0.5927,0.4489,0.5871
2024-01-31 18:30:00,2024-01-31 19:12:00,2024-01-31 19:13:00,-0.0003801536062639,0.0006165734955606,1296,2024-01-31,FALSE,FALSE,FALSE,FALSE,-0.00014372156284108000,Negative,Negative,0.4851,0.6764,0.4562,0.6675,0.4562,0.6607,0.4562,0.6553,0.4562,0.6508,0.4562,0.6469,0.4562,0.6432
2024-01-31 18:30:00,2024-01-31 19:13:00,2024-01-31 19:14:00,-0.0006779449980549,0.0007571211311603,1297,2024-01-31,FALSE,FALSE,FALSE,FALSE,-0.00014372156284108000,Negative,Negative,0.491,0.6436,0.4625,0.6359,0.4625,0.6293,0.4625,0.6233,0.4625,0.618,0.4625,0.6132,0.4625,0.6091
2024-01-31 18:30:00,2024-01-31 19:14:00,2024-01-31 19:15:00,0.0005750796840993,0.0009663424964532,1298,2024-01-31,FALSE,FALSE,FALSE,FALSE,-0.00014372156284108000,Negative,Positive,0.2184,0.3996,0.2059,0.3918,0.2059,0.385,0.2059,0.3784,0.2059,0.3723,0.2059,0.3666,0.2059,0.3617
2024-01-31 18:30:00,2024-01-31 19:15:00,2024-01-31 19:16:00,0.0006374285352877,0.0006376239252951,1299,2024-01-31,FALSE,FALSE,FALSE,FALSE,-0.00014372156284108000,Negative,Positive,0.3752,0.6044,0.3547,0.5966,0.3547,0.59,0.3547,0.5847,0.3547,0.5801,0.3547,0.5756,0.3547,0.5716
2024-01-31 18:30:00,2024-01-31 19:16:00,2024-01-31 19:17:00,-0.0009662491306439,0.0007610506612913,1300,2024-01-31,FALSE,FALSE,FALSE,FALSE,-0.00014372156284108000,Negative,Negative,0.3917,0.4976,0.373,0.4929,0.373,0.4891,0.373,0.4859,0.373,0.4828,0.373,0.4801,0.373,0.4775
2024-01-31 18:30:00,2024-01-31 19:17:00,2024-01-31 19:18:00,-2.08288880097E-05,0.0006889672689131,1301,2024-01-31,FALSE,FALSE,FALSE,FALSE,-0.00014372156284108000,Negative,Negative,0.4111,0.5276,0.3929,0.5241,0.3929,0.5213,0.3929,0.5187,0.3929,0.5159,0.3929,0.5132,0.3929,0.5108
2024-01-31 18:30:00,2024-01-31 19:18:00,2024-01-31 19:19:00,0.0003186463309451,0.0006790123456789,1302,2024-01-31,FALSE,FALSE,FALSE,FALSE,-0.00014372156284108000,Negative,Positive,0.4464,0.6535,0.4212,0.6487,0.4212,0.6446,0.4212,0.6409,0.4212,0.6372,0.4212,0.6333,0.4212,0.6299
2024-01-31 18:30:00,2024-01-31 19:19:00,2024-01-31 19:19:28,0.0,0.0005145409265853,1303,2024-01-31,FALSE,FALSE,FALSE,FALSE,-0.00014372156284108000,Negative,Negative,0.4466,0.6062,0.4237,0.6002,0.4237,0.5949,0.4237,0.5896,0.4237,0.5852,0.4237,0.5813,0.4237,0.5775
2024-03-20 18:30:00,2024-03-20 18:30:00,2024-03-20 18:31:00,-0.0008505126155089,0.0014691952289817,1304,2024-03-20,FALSE,FALSE,FALSE,FALSE,-0.0007150615927132,Negative,Negative,0.5247,0.6379,0.4988,0.6296,0.4988,0.6209,0.4988,0.6134,0.4988,0.6065,0.4988,0.6004,0.4988,0.5952
2024-03-20 18:30:00,2024-03-20 18:31:00,2024-03-20 18:32:00,0.0013510056890242,0.0014708443807938,1305,2024-03-20,TRUE,FALSE,FALSE,FALSE,-0.0007150615927132,Negative,Positive,0.4922,0.6672,0.4668,0.6606,0.4668,0.6546,0.4668,0.6486,0.4668,0.6432,0.4668,0.6383,0.4668,0.6337
2024-03-20 18:30:00,2024-03-20 18:32:00,2024-03-20 18:33:00,-0.0005205179915525,0.0007742185231781,1306,2024-03-20,FALSE,FALSE,FALSE,FALSE,-0.0007150615927132,Negative,Negative,0.3774,0.585,0.3603,0.5727,0.3603,0.5631,0.3603,0.5551,0.3603,0.5479,0.3603,0.5415,0.3603,0.5356
2024-03-20 18:30:00,2024-03-20 18:33:00,2024-03-20 18:34:00,-0.0005615084538686,0.0008518382281765,1307,2024-03-20,FALSE,FALSE,FALSE,FALSE,-0.0007150615927132,Negative,Negative,0.4515,0.6179,0.4267,0.6084,0.4267,0.6001,0.4267,0.5925,0.4267,0.5856,0.4267,0.5797,0.4267,0.5739
2024-03-20 18:30:00,2024-03-20 18:34:00,2024-03-20 18:35:00,0.0012584860760631,0.0012012634679482,1308,2024-03-20,TRUE,FALSE,FALSE,FALSE,-0.0007150615927132,Negative,Positive,0.5111,0.6482,0.4836,0.6398,0.4836,0.6325,0.4836,0.6264,0.4836,0.621,0.4836,0.6154,0.4836,0.6099
2024-03-20 18:30:00,2024-03-20 18:35:00,2024-03-20 18:36:00,0.0001936370304247,0.0011244668476154,1309,2024-03-20,FALSE,FALSE,FALSE,FALSE,-0.0007150615927132,Negative,Positive,0.5134,0.6316,0.4864,0.6243,0.4864,0.618,0.4864,0.6121,0.4864,0.6066,0.4864,0.6006,0.4864,0.5949
2024-03-20 18:30:00,2024-03-20 18:36:00,2024-03-20 18:37:00,0.0010454219619456,0.0018990039917839,1310,2024-03-20,TRUE,FALSE,FALSE,FALSE,-0.0007150615927132,Negative,Positive,0.521,0.6623,0.4947,0.6517,0.4947,0.6414,0.4947,0.6326,0.4947,0.6249,0.4947,0.6182,0.4947,0.6125
2024-03-20 18:30:00,2024-03-20 18:37:00,2024-03-20 18:38:00,-0.0010076525757235,0.0019177126917712,1311,2024-03-20,TRUE,FALSE,FALSE,FALSE,-0.0007150615927132,Negative,Negative,0.4859,0.5106,0.4691,0.5052,0.4691,0.5001,0.4691,0.4954,0.4691,0.4912,0.4691,0.4873,0.4691,0.4836
2024-03-20 18:30:00,2024-03-20 18:38:00,2024-03-20 18:39:00,-0.0002418077968917,0.0014887857695281,1312,2024-03-20,FALSE,FALSE,FALSE,FALSE,-0.0007150615927132,Negative,Negative,0.5133,0.6685,0.4839,0.66,0.4839,0.6515,0.4839,0.6438,0.4839,0.6372,0.4839,0.6314,0.4839,0.626
2024-03-20 18:30:00,2024-03-20 18:39:00,2024-03-20 18:40:00,-0.000956577180414,0.0008980981428351,1313,2024-03-20,FALSE,FALSE,FALSE,FALSE,-0.0007150615927132,Negative,Negative,0.4378,0.6439,0.4111,0.6358,0.4111,0.6285,0.4111,0.6216,0.4111,0.6152,0.4111,0.6093,0.4111,0.6038
2024-03-20 18:30:00,2024-03-20 18:40:00,2024-03-20 18:41:00,0.0019329624042351,0.0011600479486485,1314,2024-03-20,TRUE,FALSE,FALSE,FALSE,-0.0007150615927132,Negative,Positive,0.4563,0.636,0.436,0.6266,0.436,0.6191,0.436,0.6125,0.436,0.6064,0.436,0.6003,0.436,0.5942
2024-03-20 18:30:00,2024-03-20 18:41:00,2024-03-20 18:42:00,-0.0002718461692526,0.0014889297109155,1315,2024-03-20,FALSE,FALSE,FALSE,FALSE,-0.0007150615927132,Negative,Negative,0.3918,0.5999,0.3694,0.5928,0.3694,0.5859,0.3694,0.5801,0.3694,0.5749,0.3694,0.5698,0.3694,0.5649
2024-03-20 18:30:00,2024-03-20 18:42:00,2024-03-20 18:43:00,-0.0016212322967211,0.0014098379651982,1316,2024-03-20,TRUE,FALSE,FALSE,FALSE,-0.0007150615927132,Negative,Negative,0.456,0.6209,0.4319,0.6147,0.4319,0.6087,0.4319,0.6035,0.4319,0.5983,0.4319,0.5933,0.4319,0.5883
2024-03-20 18:30:00,2024-03-20 18:43:00,2024-03-20 18:44:00,0.0004724548484179,0.0009072833619675,1317,2024-03-20,FALSE,FALSE,FALSE,FALSE,-0.0007150615927132,Negative,Positive,0.4285,0.6564,0.402,0.6469,0.402,0.6385,0.402,0.6311,0.402,0.6243,0.402,0.6181,0.402,0.6122
2024-03-20 18:30:00,2024-03-20 18:44:00,2024-03-20 18:45:00,0.0012640642925475,0.0013140604467804,1318,2024-03-20,TRUE,FALSE,FALSE,FALSE,-0.0007150615927132,Negative,Positive,0.3941,0.5852,0.3717,0.575,0.3717,0.5662,0.3717,0.5588,0.3717,0.5526,0.3717,0.547,0.3717,0.5413
2024-03-20 18:30:00,2024-03-20 18:45:00,2024-03-20 18:46:00,-0.0004630669921186,0.0011193021729901,1319,2024-03-20,FALSE,FALSE,FALSE,FALSE,-0.0007150615927132,Negative,Negative,0.5062,0.6361,0.4812,0.6287,0.4812,0.6219,0.4812,0.6155,0.4812,0.6093,0.4812,0.6033,0.4812,0.5982
2024-03-20 18:30:00,2024-03-20 18:46:00,2024-03-20 18:47:00,-5.89578113641E-05,0.0009834737836743,1320,2024-03-20,FALSE,FALSE,FALSE,FALSE,-0.0007150615927132,Negative,Negative,0.4271,0.626,0.412,0.6182,0.412,0.6112,0.412,0.6049,0.412,0.5992,0.412,0.5937,0.412,0.5888
2024-03-20 18:30:00,2024-03-20 18:47:00,2024-03-20 18:48:00,-0.0007704758022514,0.0008286121709637,1321,2024-03-20,FALSE,FALSE,FALSE,FALSE,-0.0007150615927132,Negative,Negative,0.403,0.6347,0.3848,0.6276,0.3848,0.6211,0.3848,0.6155,0.3848,0.6097,0.3848,0.6043,0.3848,0.5993
2024-03-20 18:30:00,2024-03-20 18:48:00,2024-03-20 18:49:00,0.0005387862780093,0.0005200408328357,1322,2024-03-20,FALSE,FALSE,FALSE,FALSE,-0.0007150615927132,Negative,Positive,0.4185,0.6277,0.3996,0.6189,0.3996,0.6113,0.3996,0.6048,0.3996,0.5984,0.3996,0.5928,0.3996,0.5876
2024-03-20 18:30:00,2024-03-20 18:49:00,2024-03-20 18:50:00,-0.0015494498042163,0.0005970379215375,1323,2024-03-20,TRUE,FALSE,FALSE,FALSE,-0.0007150615927132,Negative,Negative,0.437,0.6663,0.4133,0.6588,0.4133,0.6512,0.4133,0.6446,0.4133,0.6388,0.4133,0.6335,0.4133,0.6285
2024-03-20 18:30:00,2024-03-20 18:50:00,2024-03-20 18:51:00,0.0017428702890868,0.001426423532133,1324,2024-03-20,TRUE,FALSE,FALSE,FALSE,-0.0007150615927132,Negative,Positive,0.3917,0.6231,0.3705,0.6161,0.3705,0.61,0.3705,0.6044,0.3705,0.5995,0.3705,0.5951,0.3705,0.5913
2024-03-20 18:30:00,2024-03-20 18:51:00,2024-03-20 18:52:00,-7.73371513715E-05,0.0012920145785524,1325,2024-03-20,FALSE,FALSE,FALSE,FALSE,-0.0007150615927132,Negative,Negative,0.4568,0.6105,0.4327,0.6011,0.4327,0.5928,0.4327,0.5855,0.4327,0.5794,0.4327,0.574,0.4327,0.5688
2024-03-20 18:30:00,2024-03-20 18:52:00,2024-03-20 18:53:00,-0.0006743384681411,0.000732120838471,1326,2024-03-20,FALSE,FALSE,FALSE,FALSE,-0.0007150615927132,Negative,Negative,0.4803,0.6636,0.4498,0.654,0.4498,0.6446,0.4498,0.6345,0.4498,0.6255,0.4498,0.6173,0.4498,0.6101
2024-03-20 18:30:00,2024-03-20 18:53:00,2024-03-20 18:54:00,0.0001303403887159,0.0005201109570041,1327,2024-03-20,FALSE,FALSE,FALSE,FALSE,-0.0007150615927132,Negative,Positive,0.3915,0.6616,0.3687,0.6534,0.3687,0.645,0.3687,0.637,0.3687,0.6297,0.3687,0.6229,0.3687,0.6167
2024-03-20 18:30:00,2024-03-20 18:54:00,2024-03-20 18:55:00,0.0005631820453918,0.0006743867897262,1328,2024-03-20,FALSE,FALSE,FALSE,FALSE,-0.0007150615927132,Negative,Positive,0.4526,0.6868,0.4288,0.6778,0.4288,0.6685,0.4288,0.6595,0.4288,0.6518,0.4288,0.6444,0.4288,0.6373
2024-03-20 18:30:00,2024-03-20 18:55:00,2024-03-20 18:56:00,-0.0015018396054009,0.0007512134987286,1329,2024-03-20,TRUE,FALSE,FALSE,FALSE,-0.0007150615927132,Negative,Negative,0.4937,0.6279,0.4667,0.623,0.4667,0.6183,0.4667,0.6131,0.4667,0.6085,0.4667,0.6043,0.4667,0.6004
2024-03-20 18:30:00,2024-03-20 18:56:00,2024-03-20 18:57:00,0.0012804799290832,0.0011563367252544,1330,2024-03-20,TRUE,FALSE,FALSE,FALSE,-0.0007150615927132,Negative,Positive,0.4618,0.5614,0.4363,0.5565,0.4363,0.5519,0.4363,0.5476,0.4363,0.5432,0.4363,0.5385,0.4363,0.5344
2024-03-20 18:30:00,2024-03-20 18:57:00,2024-03-20 18:58:00,9.5732017082E-06,0.0009446147321342,1331,2024-03-20,FALSE,FALSE,FALSE,FALSE,-0.0007150615927132,Negative,Positive,0.4796,0.5355,0.4576,0.5303,0.4576,0.5256,0.4576,0.5209,0.4576,0.5168,0.4576,0.5128,0.4576,0.5087
2024-03-20 18:30:00,2024-03-20 18:58:00,2024-03-20 18:59:00,-0.0006742579930359,0.0005973255231414,1332,2024-03-20,FALSE,FALSE,FALSE,FALSE,-0.0007150615927132,Negative,Negative,0.3126,0.4556,0.2915,0.4489,0.2915,0.4433,0.2915,0.4382,0.2915,0.4339,0.2915,0.4301,0.2915,0.4268
2024-03-20 18:30:00,2024-03-20 18:59:00,2024-03-20 19:00:00,0.0006357524203275,0.0009058494748,1333,2024-03-20,FALSE,FALSE,FALSE,FALSE,-0.0007150615927132,Negative,Positive,0.4434,0.6452,0.4191,0.6381,0.4191,0.6316,0.4191,0.6261,0.4191,0.6208,0.4191,0.6159,0.4191,0.6113
2024-03-20 18:30:00,2024-03-20 19:00:00,2024-03-20 19:01:00,-0.000423879855978,0.000481741978996,1334,2024-03-20,FALSE,FALSE,FALSE,FALSE,-0.0007150615927132,Negative,Negative,0.3779,0.6017,0.3577,0.5933,0.3577,0.5855,0.3577,0.579,0.3577,0.5734,0.3577,0.5678,0.3577,0.5628
2024-03-20 18:30:00,2024-03-20 19:01:00,2024-03-20 19:02:00,0.000809250418189,0.0011946740659383,1335,2024-03-20,FALSE,FALSE,FALSE,FALSE,-0.0007150615927132,Negative,Positive,0.4316,0.5469,0.4168,0.5426,0.4168,0.5385,0.4168,0.5342,0.4168,0.5307,0.4168,0.5274,0.4168,0.5245
2024-03-20 18:30:00,2024-03-20 19:02:00,2024-03-20 19:03:00,-0.0009054619005715,0.000867319404826,1336,2024-03-20,FALSE,FALSE,FALSE,FALSE,-0.0007150615927132,Negative,Negative,0.4415,0.4943,0.4262,0.4898,0.4262,0.4857,0.4262,0.4818,0.4262,0.4781,0.4262,0.4745,0.4262,0.4711
2024-03-20 18:30:00,2024-03-20 19:03:00,2024-03-20 19:04:00,0.0006163447054017,0.000635776900106,1337,2024-03-20,FALSE,FALSE,FALSE,FALSE,-0.0007150615927132,Negative,Positive,0.3973,0.4779,0.3858,0.4716,0.3858,0.4655,0.3858,0.4604,0.3858,0.456,0.3858,0.4522,0.3858,0.4488
2024-03-20 18:30:00,2024-03-20 19:04:00,2024-03-20 19:05:00,0.0009243033683016,0.000741975582258,1338,2024-03-20,FALSE,FALSE,FALSE,FALSE,-0.0007150615927132,Negative,Positive,0.4228,0.5364,0.4072,0.5326,0.4072,0.5286,0.4072,0.5246,0.4072,0.5213,0.4072,0.5182,0.4072,0.5151
2024-03-20 18:30:00,2024-03-20 19:05:00,2024-03-20 19:06:00,-0.0012132887379339,0.0012517813811962,1339,2024-03-20,TRUE,FALSE,FALSE,FALSE,-0.0007150615927132,Negative,Negative,0.4251,0.5718,0.4086,0.5647,0.4086,0.559,0.4086,0.5539,0.4086,0.5493,0.4086,0.5448,0.4086,0.5405
2024-03-20 18:30:00,2024-03-20 19:06:00,2024-03-20 19:07:00,-7.39901068121411E-10,0.0005579712933389,1340,2024-03-20,FALSE,FALSE,FALSE,FALSE,-0.0007150615927132,Negative,Negative,0.4079,0.4978,0.3935,0.4939,0.3935,0.4904,0.3935,0.4867,0.3935,0.4834,0.3935,0.4803,0.3935,0.4773
2024-03-20 18:30:00,2024-03-20 19:07:00,2024-03-20 19:08:00,-0.0001057796793579,0.0005965668539759,1341,2024-03-20,FALSE,FALSE,FALSE,FALSE,-0.0007150615927132,Negative,Negative,0.3632,0.4952,0.3471,0.4889,0.3471,0.4833,0.3471,0.4779,0.3471,0.4726,0.3471,0.4676,0.3471,0.4631
2024-03-20 18:30:00,2024-03-20 19:08:00,2024-03-20 19:09:00,-0.0002596544989683,0.0003462470665178,1342,2024-03-20,FALSE,FALSE,FALSE,FALSE,-0.0007150615927132,Negative,Negative,0.4466,0.6168,0.4269,0.6096,0.4269,0.6034,0.4269,0.598,0.4269,0.5933,0.4269,0.5888,0.4269,0.5846
2024-03-20 18:30:00,2024-03-20 19:09:00,2024-03-20 19:10:00,0.0006444178794261,0.0004040481779351,1343,2024-03-20,FALSE,FALSE,FALSE,FALSE,-0.0007150615927132,Negative,Positive,0.4561,0.6079,0.4271,0.6008,0.4271,0.5945,0.4271,0.5883,0.4271,0.5829,0.4271,0.578,0.4271,0.5736
2024-03-20 18:30:00,2024-03-20 19:10:00,2024-03-20 19:11:00,-0.0008175380810169,0.0005675751075024,1344,2024-03-20,FALSE,FALSE,FALSE,FALSE,-0.0007150615927132,Negative,Negative,0.4698,0.6931,0.443,0.6819,0.443,0.6731,0.443,0.6655,0.443,0.6584,0.443,0.6523,0.443,0.6469
2024-03-20 18:30:00,2024-03-20 19:11:00,2024-03-20 19:12:00,0.0005000765595874,0.0006927873142945,1345,2024-03-20,FALSE,FALSE,FALSE,FALSE,-0.0007150615927132,Negative,Positive,0.4396,0.5607,0.4236,0.555,0.4236,0.5492,0.4236,0.5434,0.4236,0.5382,0.4236,0.5334,0.4236,0.5287
2024-03-20 18:30:00,2024-03-20 19:12:00,2024-03-20 19:13:00,-0.0009044901034214,0.0005774116560167,1346,2024-03-20,FALSE,FALSE,FALSE,FALSE,-0.0007150615927132,Negative,Negative,0.4151,0.5142,0.4017,0.5089,0.4017,0.5041,0.4017,0.4993,0.4017,0.4945,0.4017,0.4898,0.4017,0.4854
2024-03-20 18:30:00,2024-03-20 19:13:00,2024-03-20 19:14:00,0.0010393077291461,0.0016380805550202,1347,2024-03-20,TRUE,FALSE,FALSE,FALSE,-0.0007150615927132,Negative,Positive,0.4545,0.5306,0.4391,0.5242,0.4391,0.5191,0.4391,0.5148,0.4391,0.5111,0.4391,0.5075,0.4391,0.504
2024-03-20 18:30:00,2024-03-20 19:14:00,2024-03-20 19:15:00,0.0004044372517479,0.0007127446447834,1348,2024-03-20,FALSE,FALSE,FALSE,FALSE,-0.0007150615927132,Negative,Positive,0.4077,0.4919,0.3866,0.4864,0.3866,0.4812,0.3866,0.4767,0.3866,0.4726,0.3866,0.4691,0.3866,0.466
2024-03-20 18:30:00,2024-03-20 19:15:00,2024-03-20 19:16:00,-4.8394392408E-05,0.000731965713185,1349,2024-03-20,FALSE,FALSE,FALSE,FALSE,-0.0007150615927132,Negative,Negative,0.461,0.6031,0.439,0.5956,0.439,0.5888,0.439,0.5817,0.439,0.5754,0.439,0.5694,0.439,0.5638
2024-03-20 18:30:00,2024-03-20 19:16:00,2024-03-20 19:17:00,-8.68012004972E-05,0.0007123604158644,1350,2024-03-20,FALSE,FALSE,FALSE,FALSE,-0.0007150615927132,Negative,Negative,0.4293,0.6075,0.4085,0.5982,0.4085,0.5896,0.4085,0.5821,0.4085,0.5753,0.4085,0.5689,0.4085,0.5632
2024-03-20 18:30:00,2024-03-20 19:17:00,2024-03-20 19:17:58,-0.0004232811693472,0.0012129380053908,1351,2024-03-20,FALSE,FALSE,FALSE,FALSE,-0.0007150615927132,Negative,Negative,0.4242,0.6223,0.4021,0.6168,0.4021,0.6121,0.4021,0.6073,0.4021,0.6025,0.4021,0.5978,0.4021,0.5938
2024-05-01 18:30:00,2024-05-01 18:30:00,2024-05-01 18:31:00,-0.0022666932994432,0.00069607414184,1352,2024-05-01,TRUE,FALSE,FALSE,FALSE,-0.0005964459941945,Negative,Negative,0.5263,0.6122,0.4922,0.6064,0.4714,0.6002,0.4714,0.5938,0.4714,0.5875,0.4714,0.5819,0.4714,0.5771
2024-05-01 18:30:00,2024-05-01 18:31:00,2024-05-01 18:32:00,0.0027841856593449,0.0029910865620451,1353,2024-05-01,TRUE,TRUE,FALSE,FALSE,-0.0005964459941945,Negative,Positive,0.5431,0.6138,0.5186,0.6077,0.4976,0.6027,0.4976,0.5975,0.4976,0.5924,0.4976,0.5881,0.4976,0.5842
2024-05-01 18:30:00,2024-05-01 18:32:00,2024-05-01 18:33:00,0.0015542706943521,0.0019163971733141,1354,2024-05-01,TRUE,FALSE,FALSE,FALSE,-0.0005964459941945,Negative,Positive,0.3883,0.5991,0.3683,0.5861,0.3542,0.5741,0.3542,0.5637,0.3542,0.555,0.3542,0.5477,0.3542,0.5409
2024-05-01 18:30:00,2024-05-01 18:33:00,2024-05-01 18:34:00,-0.0011567609381029,0.0027715744137821,1355,2024-05-01,TRUE,FALSE,FALSE,FALSE,-0.0005964459941945,Negative,Negative,0.4793,0.6006,0.4483,0.5922,0.4245,0.5839,0.4245,0.577,0.4245,0.5696,0.4245,0.563,0.4245,0.5572
2024-05-01 18:30:00,2024-05-01 18:34:00,2024-05-01 18:35:00,-0.0025452682427191,0.0013528838310486,1356,2024-05-01,TRUE,TRUE,FALSE,FALSE,-0.0005964459941945,Negative,Negative,0.5939,0.6312,0.5585,0.623,0.535,0.6155,0.535,0.6091,0.535,0.6029,0.535,0.597,0.535,0.5915
2024-05-01 18:30:00,2024-05-01 18:35:00,2024-05-01 18:36:00,0.0034223508649063,0.0037707992498303,1357,2024-05-01,TRUE,TRUE,FALSE,FALSE,-0.0005964459941945,Negative,Positive,0.5602,0.6482,0.5286,0.6392,0.5061,0.6306,0.5061,0.6229,0.5061,0.6162,0.5061,0.6105,0.5061,0.6053
2024-05-01 18:30:00,2024-05-01 18:36:00,2024-05-01 18:37:00,-0.0015734569447397,0.0026105498096889,1358,2024-05-01,TRUE,FALSE,FALSE,FALSE,-0.0005964459941945,Negative,Negative,0.5495,0.512,0.5226,0.5021,0.5028,0.4944,0.5028,0.4882,0.5028,0.4825,0.5028,0.4774,0.5028,0.4727
2024-05-01 18:30:00,2024-05-01 18:37:00,2024-05-01 18:38:00,0.001590935248891,0.0015034898887815,1359,2024-05-01,TRUE,FALSE,FALSE,FALSE,-0.0005964459941945,Negative,Positive,0.5072,0.5938,0.4846,0.5874,0.4671,0.582,0.4671,0.5765,0.4671,0.5716,0.4671,0.5671,0.4671,0.5629
2024-05-01 18:30:00,2024-05-01 18:38:00,2024-05-01 18:39:00,-0.0004391568208152,0.0020384014954906,1360,2024-05-01,FALSE,FALSE,FALSE,FALSE,-0.0005964459941945,Negative,Negative,0.4659,0.6189,0.4405,0.6129,0.4239,0.6078,0.4239,0.6027,0.4239,0.5979,0.4239,0.5934,0.4239,0.5895
2024-05-01 18:30:00,2024-05-01 18:39:00,2024-05-01 18:40:00,0.0006533973181348,0.0023049257853637,1361,2024-05-01,FALSE,FALSE,FALSE,FALSE,-0.0005964459941945,Negative,Positive,0.4775,0.5853,0.4481,0.5789,0.4277,0.5735,0.4277,0.5689,0.4277,0.5647,0.4277,0.5601,0.4277,0.556
2024-05-01 18:30:00,2024-05-01 18:40:00,2024-05-01 18:41:00,-0.0005970201392715,0.0042277003691794,1362,2024-05-01,FALSE,FALSE,FALSE,FALSE,-0.0005964459941945,Negative,Negative,0.4845,0.6547,0.4582,0.6474,0.441,0.6405,0.441,0.6342,0.441,0.6285,0.441,0.6227,0.441,0.6166
2024-05-01 18:30:00,2024-05-01 18:41:00,2024-05-01 18:42:00,-0.0011880482887313,0.0021004656692757,1363,2024-05-01,TRUE,FALSE,FALSE,FALSE,-0.0005964459941945,Negative,Negative,0.4762,0.6277,0.4515,0.6218,0.4293,0.6167,0.4293,0.6116,0.4293,0.6056,0.4293,0.5994,0.4293,0.5938
2024-05-01 18:30:00,2024-05-01 18:42:00,2024-05-01 18:43:00,0.0001977808983208,0.0012470061954434,1364,2024-05-01,FALSE,FALSE,FALSE,FALSE,-0.0005964459941945,Negative,Positive,0.4989,0.6824,0.4737,0.6754,0.4536,0.6685,0.4536,0.6626,0.4536,0.6572,0.4536,0.6524,0.4536,0.6477
2024-05-01 18:30:00,2024-05-01 18:43:00,2024-05-01 18:44:00,0.0020763458680664,0.0016430763139662,1365,2024-05-01,TRUE,FALSE,FALSE,FALSE,-0.0005964459941945,Negative,Positive,0.4618,0.6416,0.4397,0.633,0.4221,0.6258,0.4221,0.6188,0.4221,0.6122,0.4221,0.6065,0.4221,0.6014
2024-05-01 18:30:00,2024-05-01 18:44:00,2024-05-01 18:45:00,-0.0040305098933664,0.0026109144134343,1366,2024-05-01,TRUE,TRUE,FALSE,FALSE,-0.0005964459941945,Negative,Negative,0.5003,0.6515,0.4694,0.6444,0.4465,0.6371,0.4465,0.6302,0.4465,0.624,0.4465,0.6177,0.4465,0.6117
2024-05-01 18:30:00,2024-05-01 18:45:00,2024-05-01 18:46:00,0.0016180350191502,0.0022734910938458,1367,2024-05-01,TRUE,FALSE,FALSE,FALSE,-0.0005964459941945,Negative,Positive,0.5035,0.6529,0.4693,0.648,0.4472,0.643,0.4472,0.6379,0.4472,0.6329,0.4472,0.6285,0.4472,0.6243
2024-05-01 18:30:00,2024-05-01 18:46:00,2024-05-01 18:47:00,0.0006524095169361,0.0011649294911097,1368,2024-05-01,FALSE,FALSE,FALSE,FALSE,-0.0005964459941945,Negative,Positive,0.3189,0.5718,0.2957,0.5612,0.2816,0.5523,0.2816,0.5449,0.2816,0.5387,0.2816,0.5328,0.2816,0.5272
2024-05-01 18:30:00,2024-05-01 18:47:00,2024-05-01 18:48:00,-0.0004152225498658,0.0018610176202732,1369,2024-05-01,FALSE,FALSE,FALSE,FALSE,-0.0005964459941945,Negative,Negative,0.4668,0.5775,0.4379,0.5707,0.4157,0.5646,0.4157,0.5586,0.4157,0.5532,0.4157,0.5482,0.4157,0.5437
2024-05-01 18:30:00,2024-05-01 18:48:00,2024-05-01 18:49:00,0.000494044198276,0.0012649721310827,1370,2024-05-01,FALSE,FALSE,FALSE,FALSE,-0.0005964459941945,Negative,Positive,0.4265,0.6074,0.4055,0.5982,0.3891,0.5887,0.3891,0.5799,0.3891,0.5716,0.3891,0.5639,0.3891,0.5567
2024-05-01 18:30:00,2024-05-01 18:49:00,2024-05-01 18:50:00,0.0002366717396492,0.0012058433985016,1371,2024-05-01,FALSE,FALSE,FALSE,FALSE,-0.0005964459941945,Negative,Positive,0.4573,0.6091,0.4265,0.6019,0.4066,0.5955,0.4066,0.5895,0.4066,0.5838,0.4066,0.5785,0.4066,0.5732
2024-05-01 18:30:00,2024-05-01 18:50:00,2024-05-01 18:51:00,-0.0006321236150357,0.0014417474769419,1372,2024-05-01,FALSE,FALSE,FALSE,FALSE,-0.0005964459941945,Negative,Negative,0.4061,0.5952,0.3778,0.589,0.361,0.583,0.361,0.577,0.361,0.5713,0.361,0.5662,0.361,0.5613
2024-05-01 18:30:00,2024-05-01 18:51:00,2024-05-01 18:52:00,-0.0005721987668941,0.0012638979402412,1373,2024-05-01,FALSE,FALSE,FALSE,FALSE,-0.0005964459941945,Negative,Negative,0.4601,0.6188,0.4388,0.6131,0.4188,0.6075,0.4188,0.6024,0.4188,0.5977,0.4188,0.5929,0.4188,0.5883
2024-05-01 18:30:00,2024-05-01 18:52:00,2024-05-01 18:53:00,0.0004735350698392,0.0015598775792279,1374,2024-05-01,FALSE,FALSE,FALSE,FALSE,-0.0005964459941945,Negative,Positive,0.4879,0.6477,0.4644,0.6416,0.4453,0.6348,0.4453,0.6279,0.4453,0.6215,0.4453,0.6156,0.4453,0.61
2024-05-01 18:30:00,2024-05-01 18:53:00,2024-05-01 18:54:00,0.0006117574550719,0.0013230647709321,1375,2024-05-01,FALSE,FALSE,FALSE,FALSE,-0.0005964459941945,Negative,Positive,0.467,0.577,0.4436,0.5695,0.4241,0.5629,0.4241,0.5572,0.4241,0.5524,0.4241,0.5479,0.4241,0.5434
2024-05-01 18:30:00,2024-05-01 18:54:00,2024-05-01 18:55:00,-0.0013020080032368,0.0012241151272281,1376,2024-05-01,TRUE,FALSE,FALSE,FALSE,-0.0005964459941945,Negative,Negative,0.4434,0.4958,0.4118,0.4898,0.3937,0.4843,0.3937,0.4791,0.3937,0.4743,0.3937,0.4697,0.3937,0.4651
2024-05-01 18:30:00,2024-05-01 18:55:00,2024-05-01 18:56:00,0.0011637727576103,0.0011050814010853,1377,2024-05-01,TRUE,FALSE,FALSE,FALSE,-0.0005964459941945,Negative,Positive,0.4771,0.6359,0.4479,0.6282,0.4281,0.6216,0.4281,0.616,0.4281,0.6105,0.4281,0.6053,0.4281,0.6001
2024-05-01 18:30:00,2024-05-01 18:56:00,2024-05-01 18:57:00,-0.0007102273025746,0.0017183488050562,1378,2024-05-01,FALSE,FALSE,FALSE,FALSE,-0.0005964459941945,Negative,Negative,0.3635,0.5881,0.3401,0.5812,0.3228,0.5733,0.3228,0.5664,0.3228,0.5604,0.3228,0.5551,0.3228,0.5504
2024-05-01 18:30:00,2024-05-01 18:57:00,2024-05-01 18:58:00,0.0007297729253727,0.0013222292390273,1379,2024-05-01,FALSE,FALSE,FALSE,FALSE,-0.0005964459941945,Negative,Positive,0.4088,0.5841,0.3839,0.5779,0.3705,0.5718,0.3705,0.5662,0.3705,0.5611,0.3705,0.5558,0.3705,0.551
2024-05-01 18:30:00,2024-05-01 18:58:00,2024-05-01 18:59:00,-0.0004142855642134,0.0009270948398296,1380,2024-05-01,FALSE,FALSE,FALSE,FALSE,-0.0005964459941945,Negative,Negative,0.3294,0.515,0.3083,0.5039,0.2949,0.4948,0.2949,0.4871,0.2949,0.4804,0.2949,0.4743,0.2949,0.4688
2024-05-01 18:30:00,2024-05-01 18:59:00,2024-05-01 19:00:00,0.000670127053344,0.0009667363769088,1381,2024-05-01,FALSE,FALSE,FALSE,FALSE,-0.0005964459941945,Negative,Positive,0.4592,0.6071,0.4236,0.6001,0.4047,0.5923,0.4047,0.5855,0.4047,0.579,0.4047,0.5727,0.4047,0.5665
2024-05-01 18:30:00,2024-05-01 19:00:00,2024-05-01 19:01:00,-0.0005324161032627,0.0013402976249136,1382,2024-05-01,FALSE,FALSE,FALSE,FALSE,-0.0005964459941945,Negative,Negative,0.5157,0.6483,0.4827,0.6425,0.4615,0.6374,0.4615,0.6323,0.4615,0.6275,0.4615,0.6234,0.4615,0.6194
2024-05-01 18:30:00,2024-05-01 19:01:00,2024-05-01 19:02:00,-0.0014764841738621,0.0006303307266531,1383,2024-05-01,TRUE,FALSE,FALSE,FALSE,-0.0005964459941945,Negative,Negative,0.4847,0.5949,0.4572,0.5891,0.4404,0.5831,0.4404,0.5768,0.4404,0.5715,0.4404,0.5666,0.4404,0.5616
2024-05-01 18:30:00,2024-05-01 19:02:00,2024-05-01 19:03:00,0.0011810686141295,0.0017346395694939,1384,2024-05-01,TRUE,FALSE,FALSE,FALSE,-0.0005964459941945,Negative,Positive,0.4013,0.574,0.3844,0.5672,0.3672,0.5613,0.3672,0.5559,0.3672,0.5502,0.3672,0.5453,0.3672,0.5407
2024-05-01 18:30:00,2024-05-01 19:03:00,2024-05-01 19:04:00,-0.0011236192088183,0.0010848982168218,1385,2024-05-01,TRUE,FALSE,FALSE,FALSE,-0.0005964459941945,Negative,Negative,0.4396,0.546,0.416,0.5402,0.3999,0.5349,0.3999,0.5298,0.3999,0.525,0.3999,0.5204,0.3999,0.516
2024-05-01 18:30:00,2024-05-01 19:04:00,2024-05-01 19:05:00,0.0014196114993443,0.0016381471174531,1386,2024-05-01,TRUE,FALSE,FALSE,FALSE,-0.0005964459941945,Negative,Positive,0.3324,0.5175,0.3082,0.5106,0.294,0.5048,0.294,0.4995,0.294,0.4948,0.294,0.4906,0.294,0.4866
2024-05-01 18:30:00,2024-05-01 19:05:00,2024-05-01 19:06:00,-0.0005327572738089,0.0017383402801098,1387,2024-05-01,FALSE,FALSE,FALSE,FALSE,-0.0005964459941945,Negative,Negative,0.4629,0.6182,0.4385,0.6128,0.42,0.6081,0.42,0.6037,0.42,0.5997,0.42,0.595,0.42,0.5905
2024-05-01 18:30:00,2024-05-01 19:06:00,2024-05-01 19:07:00,0.0006116807555552,0.000967156166114,1388,2024-05-01,FALSE,FALSE,FALSE,FALSE,-0.0005964459941945,Negative,Positive,0.4413,0.5514,0.4159,0.5451,0.3891,0.5398,0.3891,0.5352,0.3891,0.5308,0.3891,0.5267,0.3891,0.5225
2024-05-01 18:30:00,2024-05-01 19:07:00,2024-05-01 19:08:00,0.0011045052945118,0.0009472313217824,1389,2024-05-01,TRUE,FALSE,FALSE,FALSE,-0.0005964459941945,Negative,Positive,0.4253,0.574,0.4005,0.5661,0.3803,0.5593,0.3803,0.5535,0.3803,0.5479,0.3803,0.5428,0.3803,0.538
2024-05-01 18:30:00,2024-05-01 19:08:00,2024-05-01 19:09:00,-0.0021097642017559,0.0016375330466006,1390,2024-05-01,TRUE,FALSE,FALSE,FALSE,-0.0005964459941945,Negative,Negative,0.4289,0.5738,0.4119,0.5677,0.3974,0.5615,0.3974,0.5554,0.3974,0.5499,0.3974,0.545,0.3974,0.5403
2024-05-01 18:30:00,2024-05-01 19:09:00,2024-05-01 19:10:00,0.0004726548452984,0.0009661645240159,1391,2024-05-01,FALSE,FALSE,FALSE,FALSE,-0.0005964459941945,Negative,Positive,0.3418,0.4971,0.3199,0.4898,0.3048,0.4836,0.3048,0.478,0.3048,0.4729,0.3048,0.4681,0.3048,0.4635
2024-05-01 18:30:00,2024-05-01 19:10:00,2024-05-01 19:11:00,-0.000453490623252,0.0010452411943359,1392,2024-05-01,FALSE,FALSE,FALSE,FALSE,-0.0005964459941945,Negative,Negative,0.4189,0.5845,0.3895,0.5778,0.3695,0.5722,0.3695,0.5669,0.3695,0.5623,0.3695,0.5576,0.3695,0.5532
2024-05-01 18:30:00,2024-05-01 19:11:00,2024-05-01 19:12:00,0.0010648834786853,0.0012603334319818,1393,2024-05-01,TRUE,FALSE,FALSE,FALSE,-0.0005964459941945,Negative,Positive,0.3992,0.6266,0.3762,0.6199,0.3571,0.6143,0.3571,0.6088,0.3571,0.6031,0.3571,0.5981,0.3571,0.5931
2024-05-01 18:30:00,2024-05-01 19:12:00,2024-05-01 19:13:00,0.000177289573401,0.0011646269245952,1394,2024-05-01,FALSE,FALSE,FALSE,FALSE,-0.0005964459941945,Negative,Positive,0.48,0.6394,0.4481,0.6275,0.4268,0.6182,0.4268,0.6103,0.4268,0.6039,0.4268,0.5984,0.4268,0.5936
2024-05-01 18:30:00,2024-05-01 19:13:00,2024-05-01 19:14:00,-0.0008081653086633,0.0012032982206967,1395,2024-05-01,FALSE,FALSE,FALSE,FALSE,-0.0005964459941945,Negative,Negative,0.4202,0.5913,0.3987,0.5843,0.3768,0.5777,0.3768,0.5713,0.3768,0.5655,0.3768,0.5602,0.3768,0.5553
2024-05-01 18:30:00,2024-05-01 19:14:00,2024-05-01 19:15:00,7.86089945938E-05,0.0007294808856292,1396,2024-05-01,FALSE,FALSE,FALSE,FALSE,-0.0005964459941945,Negative,Positive,0.4862,0.6102,0.46,0.6033,0.4395,0.5963,0.4395,0.5902,0.4395,0.5845,0.4395,0.5795,0.4395,0.5749
2024-05-01 18:30:00,2024-05-01 19:15:00,2024-05-01 19:16:00,5.91272783861826E-05,0.0011633638962832,1397,2024-05-01,FALSE,FALSE,FALSE,FALSE,-0.0005964459941945,Negative,Positive,0.4448,0.4714,0.4305,0.4676,0.4205,0.4641,0.4205,0.4605,0.4205,0.4571,0.4205,0.4537,0.4205,0.4505
2024-05-01 18:30:00,2024-05-01 19:16:00,2024-05-01 19:17:00,-5.83097706207401E-09,0.0011044057902417,1398,2024-05-01,FALSE,FALSE,FALSE,FALSE,-0.0005964459941945,Negative,Negative,0.455,0.466,0.4352,0.4611,0.4204,0.4564,0.4204,0.4524,0.4204,0.4485,0.4204,0.445,0.4204,0.4413
2024-05-01 18:30:00,2024-05-01 19:17:00,2024-05-01 19:18:00,-3.49913801792501E-09,0.0007694280584765,1399,2024-05-01,FALSE,FALSE,FALSE,FALSE,-0.0005964459941945,Negative,Negative,0.4378,0.4993,0.4153,0.4935,0.3978,0.4881,0.3978,0.4833,0.3978,0.4787,0.3978,0.474,0.3978,0.4695
2024-05-01 18:30:00,2024-05-01 19:18:00,2024-05-01 19:19:00,-0.0004535034641825,0.0008877490629316,1400,2024-05-01,FALSE,FALSE,FALSE,FALSE,-0.0005964459941945,Negative,Negative,0.2644,0.3041,0.2468,0.3001,0.2363,0.2962,0.2363,0.2919,0.2363,0.288,0.2363,0.2843,0.2363,0.2811
2024-06-12 18:30:00,2024-06-12 18:30:00,2024-06-12 18:31:00,-0.0007277273672619,0.0005160053811989,1401,2024-06-12,FALSE,FALSE,FALSE,FALSE,0.0003961532231287,Positive,Negative,0.5543,0.6569,0.5214,0.6504,0.5004,0.6451,0.5004,0.6399,0.5004,0.6347,0.5004,0.63,0.5004,0.6254
2024-06-12 18:30:00,2024-06-12 18:31:00,2024-06-12 18:32:00,0.0007185751390602,0.0013275315288738,1402,2024-06-12,FALSE,FALSE,FALSE,FALSE,0.0003961532231287,Positive,Positive,0.4981,0.6558,0.4741,0.6489,0.4543,0.6434,0.4543,0.6385,0.4543,0.6341,0.4543,0.6302,0.4543,0.6266
2024-06-12 18:30:00,2024-06-12 18:32:00,2024-06-12 18:33:00,-0.0003593924813474,0.0012174875484227,1403,2024-06-12,FALSE,FALSE,FALSE,FALSE,0.0003961532231287,Positive,Negative,0.4324,0.6198,0.4046,0.6143,0.3874,0.6085,0.3874,0.6031,0.3874,0.5985,0.3874,0.5944,0.3874,0.5901
2024-06-12 18:30:00,2024-06-12 18:33:00,2024-06-12 18:34:00,8.27339203221525E-05,0.0009219308920603,1404,2024-06-12,FALSE,FALSE,FALSE,FALSE,0.0003961532231287,Positive,Positive,0.4885,0.6635,0.4584,0.6596,0.4367,0.656,0.4367,0.6526,0.4367,0.6491,0.4367,0.6456,0.4367,0.6423
2024-06-12 18:30:00,2024-06-12 18:34:00,2024-06-12 18:35:00,-0.0008844768425536,0.0005161766061387,1405,2024-06-12,FALSE,FALSE,FALSE,FALSE,0.0003961532231287,Positive,Negative,0.5651,0.6705,0.5278,0.6624,0.5036,0.6552,0.5036,0.6484,0.5036,0.6424,0.5036,0.6367,0.5036,0.6314
2024-06-12 18:30:00,2024-06-12 18:35:00,2024-06-12 18:36:00,0.0004234341580878,0.0011255027860806,1406,2024-06-12,FALSE,FALSE,FALSE,FALSE,0.0003961532231287,Positive,Positive,0.4838,0.5941,0.4564,0.5885,0.4395,0.583,0.4395,0.5783,0.4395,0.5741,0.4395,0.5701,0.4395,0.5661
2024-06-12 18:30:00,2024-06-12 18:36:00,2024-06-12 18:37:00,0.0018485649203621,0.0010707626414607,1407,2024-06-12,TRUE,FALSE,FALSE,FALSE,0.0003961532231287,Positive,Positive,0.5332,0.6286,0.5041,0.6222,0.4841,0.6159,0.4841,0.6104,0.4841,0.6052,0.4841,0.6004,0.4841,0.5957
2024-06-12 18:30:00,2024-06-12 18:37:00,2024-06-12 18:38:00,-0.0013727811909406,0.0016612522150029,1408,2024-06-12,TRUE,FALSE,FALSE,FALSE,0.0003961532231287,Positive,Negative,0.4981,0.6354,0.4657,0.629,0.4438,0.6235,0.4438,0.6182,0.4438,0.6134,0.4438,0.6089,0.4438,0.6045
2024-06-12 18:30:00,2024-06-12 18:38:00,2024-06-12 18:39:00,0.000870213465371,0.0011802674043337,1409,2024-06-12,FALSE,FALSE,FALSE,FALSE,0.0003961532231287,Positive,Positive,0.547,0.6207,0.5061,0.6146,0.4817,0.609,0.4817,0.6041,0.4817,0.5998,0.4817,0.5957,0.4817,0.5918
2024-06-12 18:30:00,2024-06-12 18:39:00,2024-06-12 18:40:00,-0.0018424064506334,0.0011246727386703,1410,2024-06-12,TRUE,FALSE,FALSE,FALSE,0.0003961532231287,Positive,Negative,0.4195,0.5538,0.3945,0.5488,0.3791,0.5441,0.3791,0.5401,0.3791,0.5366,0.3791,0.5335,0.3791,0.5303
2024-06-12 18:30:00,2024-06-12 18:40:00,2024-06-12 18:41:00,0.0012710217139727,0.0013831258644536,1411,2024-06-12,TRUE,FALSE,FALSE,FALSE,0.0003961532231287,Positive,Positive,0.5104,0.6973,0.4821,0.6904,0.462,0.6835,0.462,0.6772,0.462,0.671,0.462,0.6654,0.462,0.6603
2024-06-12 18:30:00,2024-06-12 18:41:00,2024-06-12 18:42:00,-0.0005345652755258,0.0004056196762417,1412,2024-06-12,FALSE,FALSE,FALSE,FALSE,0.0003961532231287,Positive,Negative,0.3807,0.4857,0.3631,0.4824,0.3506,0.4792,0.3506,0.4764,0.3506,0.4739,0.3506,0.4715,0.3506,0.4691
2024-06-12 18:30:00,2024-06-12 18:42:00,2024-06-12 18:43:00,0.0002211604405093,0.000625125624434,1413,2024-06-12,FALSE,FALSE,FALSE,FALSE,0.0003961532231287,Positive,Positive,0.5579,0.6156,0.5208,0.6103,0.497,0.6049,0.497,0.6001,0.497,0.596,0.497,0.5924,0.497,0.5891
2024-06-12 18:30:00,2024-06-12 18:43:00,2024-06-12 18:44:00,-0.0005255261076605,0.0008486179281838,1414,2024-06-12,FALSE,FALSE,FALSE,FALSE,0.0003961532231287,Positive,Negative,0.4798,0.6597,0.4432,0.6532,0.4223,0.6473,0.4223,0.6422,0.4223,0.6378,0.4223,0.6332,0.4223,0.6285
2024-06-12 18:30:00,2024-06-12 18:44:00,2024-06-12 18:45:00,0.0003778895966064,0.0018834825962516,1415,2024-06-12,FALSE,FALSE,FALSE,FALSE,0.0003961532231287,Positive,Positive,0.4176,0.55,0.3928,0.5445,0.3769,0.5403,0.3769,0.5364,0.3769,0.5331,0.3769,0.5302,0.3769,0.5274
2024-06-12 18:30:00,2024-06-12 18:45:00,2024-06-12 18:46:00,0.0005443680376037,0.0010525149567915,1416,2024-06-12,FALSE,FALSE,FALSE,FALSE,0.0003961532231287,Positive,Positive,0.4437,0.6241,0.4171,0.6164,0.3975,0.61,0.3975,0.6042,0.3975,0.5986,0.3975,0.5935,0.3975,0.5889
2024-06-12 18:30:00,2024-06-12 18:46:00,2024-06-12 18:47:00,-0.0003229709295516,0.000792659537038,1417,2024-06-12,FALSE,FALSE,FALSE,FALSE,0.0003961532231287,Positive,Negative,0.3689,0.5912,0.345,0.5824,0.3279,0.5756,0.3279,0.5693,0.3279,0.5639,0.3279,0.5595,0.3279,0.5555
2024-06-12 18:30:00,2024-06-12 18:47:00,2024-06-12 18:48:00,-0.0003874116684063,0.0006274336119877,1418,2024-06-12,FALSE,FALSE,FALSE,FALSE,0.0003961532231287,Positive,Negative,0.3829,0.5913,0.3584,0.5837,0.3439,0.5772,0.3439,0.5713,0.3439,0.5664,0.3439,0.5618,0.3439,0.5577
2024-06-12 18:30:00,2024-06-12 18:48:00,2024-06-12 18:49:00,5.52286705623E-05,0.0008397235371737,1419,2024-06-12,FALSE,FALSE,FALSE,FALSE,0.0003961532231287,Positive,Positive,0.457,0.6352,0.4236,0.6306,0.4047,0.6264,0.4047,0.6229,0.4047,0.6198,0.4047,0.6168,0.4047,0.6137
2024-06-12 18:30:00,2024-06-12 18:49:00,2024-06-12 18:50:00,0.0009690724124804,0.0009419326241134,1420,2024-06-12,FALSE,FALSE,FALSE,FALSE,0.0003961532231287,Positive,Positive,0.4111,0.6374,0.3838,0.6322,0.3645,0.6272,0.3645,0.6219,0.3645,0.6172,0.3645,0.6127,0.3645,0.6082
2024-06-12 18:30:00,2024-06-12 18:50:00,2024-06-12 18:51:00,-0.0010289131186108,0.0008585751345561,1421,2024-06-12,TRUE,FALSE,FALSE,FALSE,0.0003961532231287,Positive,Negative,0.4823,0.5796,0.4531,0.5766,0.434,0.5736,0.434,0.5706,0.434,0.5671,0.434,0.5639,0.434,0.5611
2024-06-12 18:30:00,2024-06-12 18:51:00,2024-06-12 18:52:00,-0.0002723245801259,0.0006459709866743,1422,2024-06-12,FALSE,FALSE,FALSE,FALSE,0.0003961532231287,Positive,Negative,0.3677,0.4884,0.3487,0.4855,0.3351,0.4823,0.3351,0.479,0.3351,0.4761,0.3351,0.4735,0.3351,0.471
2024-06-12 18:30:00,2024-06-12 18:52:00,2024-06-12 18:53:00,0.0003504293867138,0.0009604551079588,1423,2024-06-12,FALSE,FALSE,FALSE,FALSE,0.0003961532231287,Positive,Positive,0.483,0.614,0.4573,0.6065,0.4414,0.5996,0.4414,0.594,0.4414,0.5892,0.4414,0.5848,0.4414,0.5807
2024-06-12 18:30:00,2024-06-12 18:53:00,2024-06-12 18:54:00,0.000909123625798,0.0007391256143983,1424,2024-06-12,FALSE,FALSE,FALSE,FALSE,0.0003961532231287,Positive,Positive,0.4706,0.6237,0.4399,0.6173,0.4223,0.6119,0.4223,0.607,0.4223,0.6028,0.4223,0.5988,0.4223,0.595
2024-06-12 18:30:00,2024-06-12 18:54:00,2024-06-12 18:55:00,-0.0001705793549101,0.0009975799449485,1425,2024-06-12,FALSE,FALSE,FALSE,FALSE,0.0003961532231287,Positive,Negative,0.4484,0.5935,0.4225,0.5882,0.4068,0.5838,0.4068,0.5795,0.4068,0.5752,0.4068,0.5713,0.4068,0.5677
2024-06-12 18:30:00,2024-06-12 18:55:00,2024-06-12 18:56:00,0.0006942337294237,0.0008771362885132,1426,2024-06-12,FALSE,FALSE,FALSE,FALSE,0.0003961532231287,Positive,Positive,0.4599,0.6508,0.429,0.6469,0.4104,0.6435,0.4104,0.6398,0.4104,0.6361,0.4104,0.6329,0.4104,0.6297
2024-06-12 18:30:00,2024-06-12 18:56:00,2024-06-12 18:57:00,-0.0013769480969565,0.0013220013657418,1427,2024-06-12,TRUE,FALSE,FALSE,FALSE,0.0003961532231287,Positive,Negative,0.5098,0.6953,0.475,0.687,0.4503,0.68,0.4503,0.6739,0.4503,0.6689,0.4503,0.6644,0.4503,0.6604
2024-06-12 18:30:00,2024-06-12 18:57:00,2024-06-12 18:58:00,0.0004793422030018,0.0008852005532503,1428,2024-06-12,FALSE,FALSE,FALSE,FALSE,0.0003961532231287,Positive,Positive,0.4275,0.6384,0.4046,0.6339,0.3888,0.6301,0.3888,0.6266,0.3888,0.6229,0.3888,0.6194,0.3888,0.6163
2024-06-12 18:30:00,2024-06-12 18:58:00,2024-06-12 18:59:00,-0.0002120514978194,0.0006640473687123,1429,2024-06-12,FALSE,FALSE,FALSE,FALSE,0.0003961532231287,Positive,Negative,0.3645,0.5633,0.3399,0.5562,0.323,0.5506,0.323,0.5459,0.323,0.5417,0.323,0.5378,0.323,0.5343
2024-06-12 18:30:00,2024-06-12 18:59:00,2024-06-12 19:00:00,0.0003043310327041,0.0005069685126465,1430,2024-06-12,FALSE,FALSE,FALSE,FALSE,0.0003961532231287,Positive,Positive,0.3893,0.6423,0.3625,0.6354,0.3456,0.6299,0.3456,0.6254,0.3456,0.6212,0.3456,0.6173,0.3456,0.6138
2024-06-12 18:30:00,2024-06-12 19:00:00,2024-06-12 19:01:00,0.0003313683502607,0.0005530769514399,1431,2024-06-12,FALSE,FALSE,FALSE,FALSE,0.0003961532231287,Positive,Positive,0.4667,0.6401,0.4381,0.6352,0.4141,0.6309,0.4141,0.6273,0.4141,0.6241,0.4141,0.6209,0.4141,0.6176
2024-06-12 18:30:00,2024-06-12 19:01:00,2024-06-12 19:02:00,-0.0007370052469649,0.0007554818500091,1432,2024-06-12,FALSE,FALSE,FALSE,FALSE,0.0003961532231287,Positive,Negative,0.4379,0.6447,0.4216,0.6403,0.4055,0.6361,0.4055,0.6314,0.4055,0.6272,0.4055,0.6231,0.4055,0.6188
2024-06-12 18:30:00,2024-06-12 19:02:00,2024-06-12 19:03:00,-0.0001104965585936,0.0006630566913469,1433,2024-06-12,FALSE,FALSE,FALSE,FALSE,0.0003961532231287,Positive,Negative,0.4505,0.6529,0.4153,0.6464,0.3941,0.6403,0.3941,0.635,0.3941,0.6299,0.3941,0.6247,0.3941,0.6198
2024-06-12 18:30:00,2024-06-12 19:03:00,2024-06-12 19:04:00,3.68032431644E-05,0.0004789095597715,1434,2024-06-12,FALSE,FALSE,FALSE,FALSE,0.0003961532231287,Positive,Positive,0.421,0.5959,0.3961,0.59,0.3818,0.5849,0.3818,0.5806,0.3818,0.5766,0.3818,0.5728,0.3818,0.5694
2024-06-12 18:30:00,2024-06-12 19:04:00,2024-06-12 19:05:00,-0.0002762865127209,0.0005344045995652,1435,2024-06-12,FALSE,FALSE,FALSE,FALSE,0.0003961532231287,Positive,Negative,0.4526,0.5996,0.4279,0.5942,0.404,0.5897,0.404,0.5859,0.404,0.5825,0.404,0.5794,0.404,0.5763
2024-06-12 18:30:00,2024-06-12 19:05:00,2024-06-12 19:06:00,0.0003499268953379,0.0006450542767098,1436,2024-06-12,FALSE,FALSE,FALSE,FALSE,0.0003961532231287,Positive,Positive,0.4918,0.6629,0.4651,0.6569,0.4438,0.6519,0.4438,0.6474,0.4438,0.6433,0.4438,0.6394,0.4438,0.6358
2024-06-12 18:30:00,2024-06-12 19:06:00,2024-06-12 19:07:00,0.0003132733599042,0.0003868410639805,1437,2024-06-12,FALSE,FALSE,FALSE,FALSE,0.0003961532231287,Positive,Positive,0.4829,0.5981,0.4464,0.5919,0.4241,0.5864,0.4241,0.5812,0.4241,0.5765,0.4241,0.5723,0.4241,0.5685
2024-06-12 18:30:00,2024-06-12 19:07:00,2024-06-12 19:08:00,0.0002580490813877,0.0005530055853563,1438,2024-06-12,FALSE,FALSE,FALSE,FALSE,0.0003961532231287,Positive,Positive,0.3587,0.63,0.3374,0.6216,0.3226,0.6147,0.3226,0.608,0.3226,0.6017,0.3226,0.5958,0.3226,0.5904
2024-06-12 18:30:00,2024-06-12 19:08:00,2024-06-12 19:09:00,-0.000617304089657,0.0007185099209638,1439,2024-06-12,FALSE,FALSE,FALSE,FALSE,0.0003961532231287,Positive,Negative,0.2953,0.4928,0.2742,0.486,0.2601,0.4794,0.2601,0.4721,0.2601,0.4647,0.2601,0.4582,0.2601,0.4519
2024-06-12 18:30:00,2024-06-12 19:09:00,2024-06-12 19:10:00,0.0005156711618092,0.000423627355276,1440,2024-06-12,FALSE,FALSE,FALSE,FALSE,0.0003961532231287,Positive,Positive,0.3952,0.5844,0.3734,0.5787,0.3593,0.5735,0.3593,0.5685,0.3593,0.564,0.3593,0.5599,0.3593,0.5559
2024-06-12 18:30:00,2024-06-12 19:10:00,2024-06-12 19:11:00,-3.69743191526E-05,0.0008659922981962,1441,2024-06-12,FALSE,FALSE,FALSE,FALSE,0.0003961532231287,Positive,Negative,0.3975,0.5493,0.3771,0.5449,0.3611,0.5413,0.3611,0.5379,0.3611,0.5349,0.3611,0.5323,0.3611,0.5296
2024-06-12 18:30:00,2024-06-12 19:11:00,2024-06-12 19:12:00,-0.0011043828403098,0.0005708498296658,1442,2024-06-12,TRUE,FALSE,FALSE,FALSE,0.0003961532231287,Positive,Negative,0.3758,0.568,0.3534,0.5621,0.3346,0.5572,0.3346,0.5532,0.3346,0.5499,0.3346,0.5469,0.3346,0.5441
2024-06-12 18:30:00,2024-06-12 19:12:00,2024-06-12 19:13:00,0.0010468734693835,0.0009578191195431,1443,2024-06-12,TRUE,FALSE,FALSE,FALSE,0.0003961532231287,Positive,Positive,0.3911,0.6044,0.3685,0.599,0.3533,0.5943,0.3533,0.5895,0.3533,0.5849,0.3533,0.5809,0.3533,0.5772
2024-06-12 18:30:00,2024-06-12 19:13:00,2024-06-12 19:14:00,0.0001587973963393,0.0004420622202575,1444,2024-06-12,FALSE,FALSE,FALSE,FALSE,0.0003961532231287,Positive,Positive,0.4888,0.6576,0.4603,0.6515,0.4418,0.6457,0.4418,0.6404,0.4418,0.6356,0.4418,0.6313,0.4418,0.6275
2024-06-12 18:30:00,2024-06-12 19:14:00,2024-06-12 19:15:00,-7.38250832552E-05,0.0006168690672385,1445,2024-06-12,FALSE,FALSE,FALSE,FALSE,0.0003961532231287,Positive,Negative,0.4095,0.6377,0.3852,0.632,0.3661,0.6269,0.3661,0.6221,0.3661,0.6178,0.3661,0.6142,0.3661,0.6108
2024-06-12 18:30:00,2024-06-12 19:15:00,2024-06-12 19:16:00,-0.0007360044408823,0.0007271187688682,1446,2024-06-12,FALSE,FALSE,FALSE,FALSE,0.0003961532231287,Positive,Negative,0.3547,0.5081,0.3359,0.499,0.3205,0.4917,0.3205,0.4857,0.3205,0.4806,0.3205,0.476,0.3205,0.4717
2024-06-12 18:30:00,2024-06-12 19:16:00,2024-06-12 19:17:00,0.000625589557283,0.0005981907031962,1447,2024-06-12,FALSE,FALSE,FALSE,FALSE,0.0003961532231287,Positive,Positive,0.474,0.6517,0.4456,0.6473,0.4253,0.6434,0.4253,0.6388,0.4253,0.6345,0.4253,0.6305,0.4253,0.627
2024-06-12 18:30:00,2024-06-12 19:17:00,2024-06-12 19:18:00,-0.0001840620552111,0.0004417123716273,1448,2024-06-12,FALSE,FALSE,FALSE,FALSE,0.0003961532231287,Positive,Negative,0.4471,0.5895,0.4227,0.5818,0.4044,0.5749,0.4044,0.5687,0.4044,0.5632,0.4044,0.5581,0.4044,0.5536
2024-06-12 18:30:00,2024-06-12 19:18:00,2024-06-12 19:19:00,0.0003863263247661,0.0004784512899782,1449,2024-06-12,FALSE,FALSE,FALSE,FALSE,0.0003961532231287,Positive,Positive,0.4289,0.5117,0.4095,0.507,0.3965,0.5023,0.3965,0.4965,0.3965,0.4915,0.3965,0.4869,0.3965,0.4827
2024-06-12 18:30:00,2024-06-12 19:19:00,2024-06-12 19:20:00,-0.0004599308223583,0.0006337782659126,1450,2024-06-12,FALSE,FALSE,FALSE,FALSE,0.0003961532231287,Positive,Negative,0.4532,0.5049,0.4318,0.5002,0.4193,0.4957,0.4193,0.4909,0.4193,0.4868,0.4193,0.4833,0.4193,0.4801
2024-06-12 18:30:00,2024-06-12 19:20:00,2024-06-12 19:21:00,0.0004779154867417,0.000340264302596,1451,2024-06-12,FALSE,FALSE,FALSE,FALSE,0.0003961532231287,Positive,Positive,0.427,0.6413,0.4037,0.6357,0.3844,0.6307,0.3844,0.6257,0.3844,0.6209,0.3844,0.6161,0.3844,0.6115
2024-06-12 18:30:00,2024-06-12 19:21:00,2024-06-12 19:21:24,0.0,0.0006252528596124,1452,2024-06-12,FALSE,FALSE,FALSE,FALSE,0.0003961532231287,Positive,Negative,0.3728,0.5816,0.3516,0.5753,0.338,0.57,0.338,0.5645,0.338,0.5593,0.338,0.5542,0.338,0.5495
2024-07-31 18:30:00,2024-07-31 18:30:00,2024-07-31 18:31:00,-0.0010708028508952,0.0010164077246986,1453,2024-07-31,TRUE,FALSE,FALSE,FALSE,0.0009347246911721210,Positive,Negative,0.7034,0.7034,0.6957,0.6957,0.6885,0.6885,0.681,0.681,0.6736,0.6736,0.666,0.666,0.659,0.659
2024-07-31 18:30:00,2024-07-31 18:31:00,2024-07-31 18:32:00,0.0010529083260805,0.0005804356895395,1454,2024-07-31,TRUE,FALSE,FALSE,FALSE,0.0009347246911721210,Positive,Positive,0.6013,0.6013,0.5971,0.5971,0.593,0.593,0.5889,0.5889,0.5852,0.5852,0.5816,0.5816,0.578,0.578
2024-07-31 18:30:00,2024-07-31 18:32:00,2024-07-31 18:33:00,-0.0011071911328297,0.0010697708152016,1455,2024-07-31,TRUE,FALSE,FALSE,FALSE,0.0009347246911721210,Positive,Negative,0.6478,0.6478,0.6353,0.6353,0.6249,0.6249,0.6155,0.6155,0.6069,0.6069,0.5993,0.5993,0.5928,0.5928
2024-07-31 18:30:00,2024-07-31 18:33:00,2024-07-31 18:34:00,-0.0004347806373957,0.0006885305308932,1456,2024-07-31,FALSE,FALSE,FALSE,FALSE,0.0009347246911721210,Positive,Negative,0.6836,0.6836,0.6753,0.6753,0.6672,0.6672,0.6581,0.6581,0.6493,0.6493,0.6404,0.6404,0.6319,0.6319
2024-07-31 18:30:00,2024-07-31 18:34:00,2024-07-31 18:35:00,-0.0009790252532678,0.0006706300297252,1457,2024-07-31,FALSE,FALSE,FALSE,FALSE,0.0009347246911721210,Positive,Negative,0.7027,0.7027,0.6946,0.6946,0.687,0.687,0.6793,0.6793,0.6719,0.6719,0.665,0.665,0.6587,0.6587
2024-07-31 18:30:00,2024-07-31 18:35:00,2024-07-31 18:36:00,0.001631398488969,0.0018700072621642,1458,2024-07-31,TRUE,FALSE,FALSE,FALSE,0.0009347246911721210,Positive,Positive,0.6605,0.6605,0.6504,0.6504,0.641,0.641,0.6325,0.6325,0.6246,0.6246,0.6174,0.6174,0.611,0.611
2024-07-31 18:30:00,2024-07-31 18:36:00,2024-07-31 18:37:00,0.0002178115380819,0.0014351111757011,1459,2024-07-31,FALSE,FALSE,FALSE,FALSE,0.0009347246911721210,Positive,Positive,0.6663,0.6663,0.6612,0.6612,0.6563,0.6563,0.6521,0.6521,0.6482,0.6482,0.6441,0.6441,0.64,0.64
2024-07-31 18:30:00,2024-07-31 18:37:00,2024-07-31 18:38:00,-1.82410470216E-05,0.0010894235133908,1460,2024-07-31,FALSE,FALSE,FALSE,FALSE,0.0009347246911721210,Positive,Negative,0.6491,0.6491,0.6422,0.6422,0.6353,0.6353,0.6293,0.6293,0.6238,0.6238,0.6185,0.6185,0.6138,0.6138
2024-07-31 18:30:00,2024-07-31 18:38:00,2024-07-31 18:39:00,-0.0001089350512026,0.0008350882288866,1461,2024-07-31,FALSE,FALSE,FALSE,FALSE,0.0009347246911721210,Positive,Negative,0.6864,0.6864,0.6769,0.6769,0.6671,0.6671,0.6585,0.6585,0.6503,0.6503,0.6426,0.6426,0.6352,0.6352
2024-07-31 18:30:00,2024-07-31 18:39:00,2024-07-31 18:40:00,0.0004715056286819,0.0005080563216721,1462,2024-07-31,FALSE,FALSE,FALSE,FALSE,0.0009347246911721210,Positive,Positive,0.6249,0.6249,0.619,0.619,0.6121,0.6121,0.6045,0.6045,0.5964,0.5964,0.5886,0.5886,0.5812,0.5812
2024-07-31 18:30:00,2024-07-31 18:40:00,2024-07-31 18:41:00,0.0002351682121623,0.000816267300332,1463,2024-07-31,FALSE,FALSE,FALSE,FALSE,0.0009347246911721210,Positive,Positive,0.6918,0.6918,0.6843,0.6843,0.6784,0.6784,0.6735,0.6735,0.6686,0.6686,0.6637,0.6637,0.659,0.659
2024-07-31 18:30:00,2024-07-31 18:41:00,2024-07-31 18:42:00,-0.0007613593944173,0.0012142686627872,1464,2024-07-31,FALSE,FALSE,FALSE,FALSE,0.0009347246911721210,Positive,Negative,0.5529,0.5529,0.5471,0.5471,0.5416,0.5416,0.537,0.537,0.5325,0.5325,0.5284,0.5284,0.5247,0.5247
2024-07-31 18:30:00,2024-07-31 18:42:00,2024-07-31 18:43:00,-3.62299080563E-05,0.0007972169879693,1465,2024-07-31,FALSE,FALSE,FALSE,FALSE,0.0009347246911721210,Positive,Negative,0.5899,0.5899,0.5848,0.5848,0.58,0.58,0.575,0.575,0.5703,0.5703,0.566,0.566,0.562,0.562
2024-07-31 18:30:00,2024-07-31 18:43:00,2024-07-31 18:44:00,0.0001810472494831,0.0003440595404087,1466,2024-07-31,FALSE,FALSE,FALSE,FALSE,0.0009347246911721210,Positive,Positive,0.6037,0.6037,0.5976,0.5976,0.592,0.592,0.587,0.587,0.5825,0.5825,0.5786,0.5786,0.5742,0.5742
2024-07-31 18:30:00,2024-07-31 18:44:00,2024-07-31 18:45:00,-0.0003256999926186,0.0003802350214561,1467,2024-07-31,FALSE,FALSE,FALSE,FALSE,0.0009347246911721210,Positive,Negative,0.608,0.608,0.6011,0.6011,0.5956,0.5956,0.5901,0.5901,0.585,0.585,0.58,0.58,0.5756,0.5756
2024-07-31 18:30:00,2024-07-31 18:45:00,2024-07-31 18:46:00,1.79182244366786E-05,0.0005976420305341,1468,2024-07-31,FALSE,FALSE,FALSE,FALSE,0.0009347246911721210,Positive,Positive,0.6482,0.6482,0.6415,0.6415,0.6357,0.6357,0.6309,0.6309,0.626,0.626,0.6212,0.6212,0.6166,0.6166
2024-07-31 18:30:00,2024-07-31 18:46:00,2024-07-31 18:47:00,-1.80992199117462E-05,0.0005247336406411,1469,2024-07-31,FALSE,FALSE,FALSE,FALSE,0.0009347246911721210,Positive,Negative,0.6336,0.6336,0.6289,0.6289,0.6248,0.6248,0.6205,0.6205,0.6163,0.6163,0.6125,0.6125,0.609,0.609
2024-07-31 18:30:00,2024-07-31 18:47:00,2024-07-31 18:48:00,0.0006153846153845,0.0004526279579237,1470,2024-07-31,FALSE,FALSE,FALSE,FALSE,0.0009347246911721210,Positive,Positive,0.6265,0.6265,0.6223,0.6223,0.618,0.618,0.6137,0.6137,0.6095,0.6095,0.6056,0.6056,0.6015,0.6015
2024-07-31 18:30:00,2024-07-31 18:48:00,2024-07-31 18:49:00,0.000126300993992,0.00068472856205,1471,2024-07-31,FALSE,FALSE,FALSE,FALSE,0.0009347246911721210,Positive,Positive,0.6558,0.6558,0.6494,0.6494,0.6438,0.6438,0.6387,0.6387,0.6334,0.6334,0.6283,0.6283,0.6239,0.6239
2024-07-31 18:30:00,2024-07-31 18:49:00,2024-07-31 18:50:00,-0.0005608759686302,0.0008681416089293,1472,2024-07-31,FALSE,FALSE,FALSE,FALSE,0.0009347246911721210,Positive,Negative,0.6309,0.6309,0.6239,0.6239,0.6173,0.6173,0.611,0.611,0.6045,0.6045,0.599,0.599,0.5941,0.5941
2024-07-31 18:30:00,2024-07-31 18:50:00,2024-07-31 18:51:00,-9.05531148440001E-06,0.0006147392782236,1473,2024-07-31,FALSE,FALSE,FALSE,FALSE,0.0009347246911721210,Positive,Negative,0.5932,0.5932,0.5873,0.5873,0.5825,0.5825,0.5785,0.5785,0.5748,0.5748,0.5711,0.5711,0.5677,0.5677
2024-07-31 18:30:00,2024-07-31 18:51:00,2024-07-31 18:52:00,-0.0008945685169719,0.0007051038672234,1474,2024-07-31,FALSE,FALSE,FALSE,FALSE,0.0009347246911721210,Positive,Negative,0.6026,0.6026,0.5965,0.5965,0.5904,0.5904,0.5851,0.5851,0.5805,0.5805,0.5763,0.5763,0.5725,0.5725
2024-07-31 18:30:00,2024-07-31 18:52:00,2024-07-31 18:53:00,0.0012473210251232,0.0009225092250922,1475,2024-07-31,TRUE,FALSE,FALSE,FALSE,0.0009347246911721210,Positive,Positive,0.629,0.629,0.6217,0.6217,0.6143,0.6143,0.6073,0.6073,0.6005,0.6005,0.5941,0.5941,0.5885,0.5885
2024-07-31 18:30:00,2024-07-31 18:53:00,2024-07-31 18:54:00,-0.0008642965205717,0.0007960054996744,1476,2024-07-31,FALSE,FALSE,FALSE,FALSE,0.0009347246911721210,Positive,Negative,0.6038,0.6038,0.599,0.599,0.594,0.594,0.5896,0.5896,0.5854,0.5854,0.5817,0.5817,0.5781,0.5781
2024-07-31 18:30:00,2024-07-31 18:54:00,2024-07-31 18:55:00,-0.0002569455051565,0.0006510534406364,1477,2024-07-31,FALSE,FALSE,FALSE,FALSE,0.0009347246911721210,Positive,Negative,0.614,0.614,0.6067,0.6067,0.6006,0.6006,0.5951,0.5951,0.5904,0.5904,0.5859,0.5859,0.5818,0.5818
2024-07-31 18:30:00,2024-07-31 18:55:00,2024-07-31 18:56:00,0.0012663152710499,0.0007690985260452,1478,2024-07-31,TRUE,FALSE,FALSE,FALSE,0.0009347246911721210,Positive,Positive,0.6759,0.6759,0.6718,0.6718,0.668,0.668,0.6643,0.6643,0.6606,0.6606,0.6572,0.6572,0.654,0.654
2024-07-31 18:30:00,2024-07-31 18:56:00,2024-07-31 18:57:00,-0.0003349814940874,0.0006876956765658,1479,2024-07-31,FALSE,FALSE,FALSE,FALSE,0.0009347246911721210,Positive,Negative,0.4958,0.4958,0.4908,0.4908,0.4856,0.4856,0.4812,0.4812,0.4773,0.4773,0.4736,0.4736,0.4704,0.4704
2024-07-31 18:30:00,2024-07-31 18:57:00,2024-07-31 18:58:00,-0.0004791920883603,0.0006692350823882,1480,2024-07-31,FALSE,FALSE,FALSE,FALSE,0.0009347246911721210,Positive,Negative,0.62,0.62,0.6152,0.6152,0.6103,0.6103,0.6058,0.6058,0.6013,0.6013,0.5975,0.5975,0.5938,0.5938
2024-07-31 18:30:00,2024-07-31 18:58:00,2024-07-31 18:59:00,0.000244080872842,0.000370752174778,1481,2024-07-31,FALSE,FALSE,FALSE,FALSE,0.0009347246911721210,Positive,Positive,0.6514,0.6514,0.647,0.647,0.6432,0.6432,0.639,0.639,0.6353,0.6353,0.6318,0.6318,0.628,0.628
2024-07-31 18:30:00,2024-07-31 18:59:00,2024-07-31 19:00:00,0.000153690295259,0.000434035627091,1482,2024-07-31,FALSE,FALSE,FALSE,FALSE,0.0009347246911721210,Positive,Positive,0.5815,0.5815,0.5759,0.5759,0.5712,0.5712,0.567,0.567,0.5633,0.5633,0.56,0.56,0.557,0.557
2024-07-31 18:30:00,2024-07-31 19:00:00,2024-07-31 19:01:00,-0.0005783503689026,0.0007507779144655,1483,2024-07-31,FALSE,FALSE,FALSE,FALSE,0.0009347246911721210,Positive,Negative,0.51,0.51,0.5031,0.5031,0.4966,0.4966,0.4909,0.4909,0.4859,0.4859,0.4811,0.4811,0.4767,0.4767
2024-07-31 18:30:00,2024-07-31 19:01:00,2024-07-31 19:02:00,0.0006688025784001,0.0005607206164308,1484,2024-07-31,FALSE,FALSE,FALSE,FALSE,0.0009347246911721210,Positive,Positive,0.5525,0.5525,0.545,0.545,0.539,0.539,0.5332,0.5332,0.5278,0.5278,0.5229,0.5229,0.5181,0.5181
2024-07-31 18:30:00,2024-07-31 19:02:00,2024-07-31 19:03:00,-0.0004339718725626,0.0007867322578312,1485,2024-07-31,FALSE,FALSE,FALSE,FALSE,0.0009347246911721210,Positive,Negative,0.6068,0.6068,0.6005,0.6005,0.5951,0.5951,0.5906,0.5906,0.5867,0.5867,0.5829,0.5829,0.5793,0.5793
2024-07-31 18:30:00,2024-07-31 19:03:00,2024-07-31 19:04:00,-0.0013558509849262,0.0007414641203703,1486,2024-07-31,TRUE,FALSE,FALSE,FALSE,0.0009347246911721210,Positive,Negative,0.6026,0.6026,0.5967,0.5967,0.5911,0.5911,0.5861,0.5861,0.5818,0.5818,0.578,0.578,0.5743,0.5743
2024-07-31 18:30:00,2024-07-31 19:04:00,2024-07-31 19:05:00,0.0017358683202802,0.0016295491580664,1487,2024-07-31,TRUE,FALSE,FALSE,FALSE,0.0009347246911721210,Positive,Positive,0.6695,0.6695,0.6634,0.6634,0.6573,0.6573,0.6513,0.6513,0.6456,0.6456,0.64,0.64,0.6349,0.6349
2024-07-31 18:30:00,2024-07-31 19:05:00,2024-07-31 19:06:00,9.94585428561E-05,0.0006518314653533,1488,2024-07-31,FALSE,FALSE,FALSE,FALSE,0.0009347246911721210,Positive,Positive,0.4831,0.4831,0.4784,0.4784,0.4743,0.4743,0.4707,0.4707,0.4673,0.4673,0.464,0.464,0.461,0.461
2024-07-31 18:30:00,2024-07-31 19:06:00,2024-07-31 19:07:00,-0.0001719982610444,0.0006970596755503,1489,2024-07-31,FALSE,FALSE,FALSE,FALSE,0.0009347246911721210,Positive,Negative,0.4892,0.4892,0.4833,0.4833,0.4786,0.4786,0.4746,0.4746,0.471,0.471,0.467,0.467,0.4632,0.4632
2024-07-31 18:30:00,2024-07-31 19:07:00,2024-07-31 19:08:00,-0.0003258457104751,0.0006879073135409,1490,2024-07-31,FALSE,FALSE,FALSE,FALSE,0.0009347246911721210,Positive,Negative,0.5808,0.5808,0.5759,0.5759,0.5716,0.5716,0.5675,0.5675,0.5638,0.5638,0.56,0.56,0.5562,0.5562
2024-07-31 18:30:00,2024-07-31 19:08:00,2024-07-31 19:09:00,-0.000569803032237,0.0005429667704337,1491,2024-07-31,FALSE,FALSE,FALSE,FALSE,0.0009347246911721210,Positive,Negative,0.5111,0.5111,0.5047,0.5047,0.4991,0.4991,0.4941,0.4941,0.4896,0.4896,0.4854,0.4854,0.4817,0.4817
2024-07-31 18:30:00,2024-07-31 19:09:00,2024-07-31 19:10:00,0.0012036035184127,0.0010141804154518,1492,2024-07-31,TRUE,FALSE,FALSE,FALSE,0.0009347246911721210,Positive,Positive,0.619,0.619,0.614,0.614,0.6094,0.6094,0.6047,0.6047,0.6003,0.6003,0.5963,0.5963,0.5921,0.5921
2024-07-31 18:30:00,2024-07-31 19:10:00,2024-07-31 19:11:00,-0.0011042313690442,0.0011412836723972,1493,2024-07-31,TRUE,FALSE,FALSE,FALSE,0.0009347246911721210,Positive,Negative,0.5194,0.5194,0.511,0.511,0.5042,0.5042,0.4986,0.4986,0.4936,0.4936,0.489,0.489,0.4847,0.4847
2024-07-31 18:30:00,2024-07-31 19:11:00,2024-07-31 19:12:00,0.0007421149137476,0.001249841505606,1494,2024-07-31,FALSE,FALSE,FALSE,FALSE,0.0009347246911721210,Positive,Positive,0.6768,0.6768,0.6686,0.6686,0.6614,0.6614,0.6549,0.6549,0.6486,0.6486,0.643,0.643,0.6378,0.6378
2024-07-31 18:30:00,2024-07-31 19:12:00,2024-07-31 19:13:00,-0.0001811029898479,0.0005979344084073,1495,2024-07-31,FALSE,FALSE,FALSE,FALSE,0.0009347246911721210,Positive,Negative,0.6565,0.6565,0.6506,0.6506,0.6451,0.6451,0.6398,0.6398,0.6344,0.6344,0.6291,0.6291,0.6239,0.6239
2024-07-31 18:30:00,2024-07-31 19:13:00,2024-07-31 19:14:00,-6.33892276727992E-05,0.0004710230257794,1496,2024-07-31,FALSE,FALSE,FALSE,FALSE,0.0009347246911721210,Positive,Negative,0.6527,0.6527,0.6454,0.6454,0.6389,0.6389,0.6334,0.6334,0.6285,0.6285,0.6241,0.6241,0.6202,0.6202
2024-07-31 18:30:00,2024-07-31 19:14:00,2024-07-31 19:15:00,0.0007878615412074,0.0008576716226461,1497,2024-07-31,FALSE,FALSE,FALSE,FALSE,0.0009347246911721210,Positive,Positive,0.6092,0.6092,0.6033,0.6033,0.5982,0.5982,0.5937,0.5937,0.5895,0.5895,0.5856,0.5856,0.5817,0.5817
2024-07-31 18:30:00,2024-07-31 19:15:00,2024-07-31 19:16:00,-0.0003986509588873,0.0007154306620902,1498,2024-07-31,FALSE,FALSE,FALSE,FALSE,0.0009347246911721210,Positive,Negative,0.6511,0.6511,0.6438,0.6438,0.6369,0.6369,0.631,0.631,0.6254,0.6254,0.6203,0.6203,0.6155,0.6155
2024-07-31 18:30:00,2024-07-31 19:16:00,2024-07-31 19:17:00,7.23048512045E-05,0.0005883045064126,1499,2024-07-31,FALSE,FALSE,FALSE,FALSE,0.0009347246911721210,Positive,Positive,0.4982,0.4982,0.4933,0.4933,0.4889,0.4889,0.4849,0.4849,0.4815,0.4815,0.4785,0.4785,0.4758,0.4758
2024-07-31 18:30:00,2024-07-31 19:17:00,2024-07-31 19:17:36,-0.0027859551217077,0.0007069479810446,1500,2024-07-31,TRUE,TRUE,FALSE,FALSE,0.0009347246911721210,Positive,Negative,0.4645,0.4645,0.4587,0.4587,0.453,0.453,0.4479,0.4479,0.443,0.443,0.4384,0.4384,0.4339,0.4339
2024-09-18 18:30:00,2024-09-18 18:30:00,2024-09-18 18:31:00,-4.41863133456835E-05,0.0006185931424532,1501,2024-09-18,FALSE,FALSE,FALSE,FALSE,-0.0001060851413709,Negative,Negative,0.7101,0.7101,0.7049,0.7049,0.6997,0.6997,0.6951,0.6951,0.6912,0.6912,0.6878,0.6878,0.6847,0.6847
2024-09-18 18:30:00,2024-09-18 18:31:00,2024-09-18 18:32:00,0.0008921073891324,0.0006716510242678,1502,2024-09-18,FALSE,FALSE,FALSE,FALSE,-0.0001060851413709,Negative,Positive,0.6759,0.6759,0.6712,0.6712,0.6669,0.6669,0.6627,0.6627,0.6588,0.6588,0.6553,0.6553,0.6522,0.6522
2024-09-18 18:30:00,2024-09-18 18:32:00,2024-09-18 18:33:00,-0.0004509480127636,0.0011130742049469,1503,2024-09-18,FALSE,FALSE,FALSE,FALSE,-0.0001060851413709,Negative,Negative,0.6777,0.6777,0.6708,0.6708,0.665,0.665,0.6595,0.6595,0.654,0.654,0.6492,0.6492,0.6445,0.6445
2024-09-18 18:30:00,2024-09-18 18:33:00,2024-09-18 18:34:00,-0.0004342267499831,0.0008296411360788,1504,2024-09-18,FALSE,FALSE,FALSE,FALSE,-0.0001060851413709,Negative,Negative,0.6698,0.6698,0.6598,0.6598,0.6508,0.6508,0.6418,0.6418,0.6335,0.6335,0.6264,0.6264,0.6202,0.6202
2024-09-18 18:30:00,2024-09-18 18:34:00,2024-09-18 18:35:00,-0.0026528456659013,0.0005470845686856,1505,2024-09-18,TRUE,TRUE,FALSE,FALSE,-0.0001060851413709,Negative,Negative,0.7081,0.7081,0.6994,0.6994,0.6927,0.6927,0.6872,0.6872,0.6825,0.6825,0.6784,0.6784,0.6745,0.6745
2024-09-18 18:30:00,2024-09-18 18:35:00,2024-09-18 18:36:00,0.0008512645942715,0.0028299550744632,1506,2024-09-18,FALSE,FALSE,FALSE,FALSE,-0.0001060851413709,Negative,Positive,0.7454,0.7454,0.737,0.737,0.7296,0.7296,0.7234,0.7234,0.7174,0.7174,0.7122,0.7122,0.7075,0.7075
2024-09-18 18:30:00,2024-09-18 18:36:00,2024-09-18 18:37:00,0.0037431648828925,0.0021080975748019,1507,2024-09-18,TRUE,TRUE,FALSE,FALSE,-0.0001060851413709,Negative,Positive,0.6967,0.6967,0.6896,0.6896,0.6831,0.6831,0.6774,0.6774,0.6727,0.6727,0.6685,0.6685,0.6643,0.6643
2024-09-18 18:30:00,2024-09-18 18:37:00,2024-09-18 18:38:00,-0.0012328068152398,0.0027819615486842,1508,2024-09-18,TRUE,FALSE,FALSE,FALSE,-0.0001060851413709,Negative,Negative,0.689,0.689,0.6834,0.6834,0.6778,0.6778,0.673,0.673,0.6685,0.6685,0.6643,0.6643,0.6604,0.6604
2024-09-18 18:30:00,2024-09-18 18:38:00,2024-09-18 18:39:00,-0.0018374429742485,0.0013791152445276,1509,2024-09-18,TRUE,FALSE,FALSE,FALSE,-0.0001060851413709,Negative,Negative,0.621,0.621,0.6157,0.6157,0.6112,0.6112,0.6075,0.6075,0.6043,0.6043,0.6007,0.6007,0.5973,0.5973
2024-09-18 18:30:00,2024-09-18 18:39:00,2024-09-18 18:40:00,0.0006886226668987,0.0015561174868702,1510,2024-09-18,FALSE,FALSE,FALSE,FALSE,-0.0001060851413709,Negative,Positive,0.5282,0.5282,0.5244,0.5244,0.5212,0.5212,0.5185,0.5185,0.516,0.516,0.5138,0.5138,0.5118,0.5118
2024-09-18 18:30:00,2024-09-18 18:40:00,2024-09-18 18:41:00,-0.0001947358010493,0.0017169964952028,1511,2024-09-18,FALSE,FALSE,FALSE,FALSE,-0.0001060851413709,Negative,Negative,0.6153,0.6153,0.6102,0.6102,0.606,0.606,0.6022,0.6022,0.5986,0.5986,0.5953,0.5953,0.5924,0.5924
2024-09-18 18:30:00,2024-09-18 18:41:00,2024-09-18 18:42:00,3.50773383574E-05,0.0012219959266803,1512,2024-09-18,FALSE,FALSE,FALSE,FALSE,-0.0001060851413709,Negative,Positive,0.6538,0.6538,0.6487,0.6487,0.6446,0.6446,0.6412,0.6412,0.6383,0.6383,0.6357,0.6357,0.6331,0.6331
2024-09-18 18:30:00,2024-09-18 18:42:00,2024-09-18 18:43:00,-0.0009918254961763,0.0009653022547334,1513,2024-09-18,FALSE,FALSE,FALSE,FALSE,-0.0001060851413709,Negative,Negative,0.6106,0.6106,0.6069,0.6069,0.6036,0.6036,0.6005,0.6005,0.5978,0.5978,0.5953,0.5953,0.5929,0.5929
2024-09-18 18:30:00,2024-09-18 18:43:00,2024-09-18 18:44:00,0.0012213575282787,0.0021292074025442,1514,2024-09-18,TRUE,FALSE,FALSE,FALSE,-0.0001060851413709,Negative,Positive,0.5879,0.5879,0.5806,0.5806,0.5747,0.5747,0.5692,0.5692,0.5644,0.5644,0.56,0.56,0.556,0.556
2024-09-18 18:30:00,2024-09-18 18:44:00,2024-09-18 18:45:00,0.0012097084207338,0.0014197990984274,1515,2024-09-18,TRUE,FALSE,FALSE,FALSE,-0.0001060851413709,Negative,Positive,0.5873,0.5873,0.5813,0.5813,0.5765,0.5765,0.5722,0.5722,0.5684,0.5684,0.5649,0.5649,0.5616,0.5616
2024-09-18 18:30:00,2024-09-18 18:45:00,2024-09-18 18:46:00,0.0010411333267874,0.0019525356337753,1516,2024-09-18,TRUE,FALSE,FALSE,FALSE,-0.0001060851413709,Negative,Positive,0.6713,0.6713,0.6661,0.6661,0.661,0.661,0.6566,0.6566,0.6527,0.6527,0.6491,0.6491,0.6458,0.6458
2024-09-18 18:30:00,2024-09-18 18:46:00,2024-09-18 18:47:00,-0.0037182051740659,0.0020025874138267,1517,2024-09-18,TRUE,TRUE,FALSE,FALSE,-0.0001060851413709,Negative,Negative,0.6962,0.6962,0.6882,0.6882,0.6811,0.6811,0.6747,0.6747,0.669,0.669,0.6641,0.6641,0.6597,0.6597
2024-09-18 18:30:00,2024-09-18 18:47:00,2024-09-18 18:48:00,0.002805220129421,0.0030854346207041,1518,2024-09-18,TRUE,TRUE,FALSE,FALSE,-0.0001060851413709,Negative,Positive,0.6724,0.6724,0.669,0.669,0.6661,0.6661,0.6638,0.6638,0.6616,0.6616,0.6595,0.6595,0.6575,0.6575
2024-09-18 18:30:00,2024-09-18 18:48:00,2024-09-18 18:49:00,-0.0010541234830364,0.0018967931786352,1519,2024-09-18,TRUE,FALSE,FALSE,FALSE,-0.0001060851413709,Negative,Negative,0.5572,0.5572,0.5542,0.5542,0.5514,0.5514,0.5487,0.5487,0.5457,0.5457,0.5429,0.5429,0.5403,0.5403
2024-09-18 18:30:00,2024-09-18 18:49:00,2024-09-18 18:50:00,7.07952071644106E-05,0.0008319467554075,1520,2024-09-18,FALSE,FALSE,FALSE,FALSE,-0.0001060851413709,Negative,Positive,0.6442,0.6442,0.6395,0.6395,0.6351,0.6351,0.6312,0.6312,0.6276,0.6276,0.6241,0.6241,0.6206,0.6206
2024-09-18 18:30:00,2024-09-18 18:50:00,2024-09-18 18:51:00,0.0003893410639619,0.0007968550786229,1521,2024-09-18,FALSE,FALSE,FALSE,FALSE,-0.0001060851413709,Negative,Positive,0.6935,0.6935,0.6863,0.6863,0.6804,0.6804,0.6751,0.6751,0.6697,0.6697,0.6642,0.6642,0.6592,0.6592
2024-09-18 18:30:00,2024-09-18 18:51:00,2024-09-18 18:52:00,0.0004949228894828,0.0012923556279432,1522,2024-09-18,FALSE,FALSE,FALSE,FALSE,-0.0001060851413709,Negative,Positive,0.5866,0.5866,0.5806,0.5806,0.5754,0.5754,0.571,0.571,0.567,0.567,0.5632,0.5632,0.5599,0.5599
2024-09-18 18:30:00,2024-09-18 18:52:00,2024-09-18 18:53:00,-0.0009373903795784,0.0014152779252024,1523,2024-09-18,FALSE,FALSE,FALSE,FALSE,-0.0001060851413709,Negative,Negative,0.6831,0.6831,0.6791,0.6791,0.6759,0.6759,0.6729,0.6729,0.6697,0.6697,0.6669,0.6669,0.6641,0.6641
2024-09-18 18:30:00,2024-09-18 18:53:00,2024-09-18 18:54:00,-0.0006714136791701,0.0004242156429518,1524,2024-09-18,FALSE,FALSE,FALSE,FALSE,-0.0001060851413709,Negative,Negative,0.7179,0.7179,0.7118,0.7118,0.7063,0.7063,0.7012,0.7012,0.6968,0.6968,0.693,0.693,0.6895,0.6895
2024-09-18 18:30:00,2024-09-18 18:54:00,2024-09-18 18:55:00,0.0011135150130819,0.0011230192416525,1525,2024-09-18,TRUE,FALSE,FALSE,FALSE,-0.0001060851413709,Negative,Positive,0.5982,0.5982,0.5921,0.5921,0.5869,0.5869,0.5812,0.5812,0.576,0.576,0.5712,0.5712,0.5667,0.5667
2024-09-18 18:30:00,2024-09-18 18:55:00,2024-09-18 18:56:00,-0.0001946353380976,0.0016636579236134,1526,2024-09-18,FALSE,FALSE,FALSE,FALSE,-0.0001060851413709,Negative,Negative,0.6689,0.6689,0.6643,0.6643,0.6607,0.6607,0.6575,0.6575,0.6542,0.6542,0.6511,0.6511,0.648,0.648
2024-09-18 18:30:00,2024-09-18 18:56:00,2024-09-18 18:57:00,-0.0004418475655493,0.0006186915557439,1527,2024-09-18,FALSE,FALSE,FALSE,FALSE,-0.0001060851413709,Negative,Negative,0.6305,0.6305,0.626,0.626,0.6221,0.6221,0.6189,0.6189,0.6158,0.6158,0.6131,0.6131,0.6105,0.6105
2024-09-18 18:30:00,2024-09-18 18:57:00,2024-09-18 18:58:00,-0.001791862124249,0.0006523226398382,1528,2024-09-18,TRUE,FALSE,FALSE,FALSE,-0.0001060851413709,Negative,Negative,0.6143,0.6143,0.6078,0.6078,0.6026,0.6026,0.5974,0.5974,0.5922,0.5922,0.5875,0.5875,0.5833,0.5833
2024-09-18 18:30:00,2024-09-18 18:58:00,2024-09-18 18:59:00,0.0004985596814704,0.0022320827576435,1529,2024-09-18,FALSE,FALSE,FALSE,FALSE,-0.0001060851413709,Negative,Positive,0.6221,0.6221,0.617,0.617,0.6129,0.6129,0.6087,0.6087,0.6051,0.6051,0.6018,0.6018,0.5988,0.5988
2024-09-18 18:30:00,2024-09-18 18:59:00,2024-09-18 19:00:00,0.0005840784797406,0.0018801993720844,1530,2024-09-18,FALSE,FALSE,FALSE,FALSE,-0.0001060851413709,Negative,Positive,0.5545,0.5545,0.5484,0.5484,0.5435,0.5435,0.5396,0.5396,0.5361,0.5361,0.533,0.533,0.5302,0.5302
2024-09-18 18:30:00,2024-09-18 19:00:00,2024-09-18 19:01:00,-0.0005519926299477,0.001171895807809,1531,2024-09-18,FALSE,FALSE,FALSE,FALSE,-0.0001060851413709,Negative,Negative,0.6372,0.6372,0.6324,0.6324,0.6286,0.6286,0.6253,0.6253,0.6222,0.6222,0.6193,0.6193,0.6166,0.6166
2024-09-18 18:30:00,2024-09-18 19:01:00,2024-09-18 19:02:00,0.0028600757561059,0.0019382257232783,1532,2024-09-18,TRUE,TRUE,FALSE,FALSE,-0.0001060851413709,Negative,Positive,0.6564,0.6564,0.652,0.652,0.648,0.648,0.6442,0.6442,0.6408,0.6408,0.638,0.638,0.6354,0.6354
2024-09-18 18:30:00,2024-09-18 19:02:00,2024-09-18 19:03:00,-0.0017949230279464,0.0021345856235659,1533,2024-09-18,TRUE,FALSE,FALSE,FALSE,-0.0001060851413709,Negative,Negative,0.6772,0.6772,0.6731,0.6731,0.6696,0.6696,0.6665,0.6665,0.6632,0.6632,0.6599,0.6599,0.6568,0.6568
2024-09-18 18:30:00,2024-09-18 19:03:00,2024-09-18 19:04:00,0.0001063610096042,0.0009238203524729,1534,2024-09-18,FALSE,FALSE,FALSE,FALSE,-0.0001060851413709,Negative,Positive,0.6371,0.6371,0.6264,0.6264,0.6179,0.6179,0.611,0.611,0.605,0.605,0.5996,0.5996,0.595,0.595
2024-09-18 18:30:00,2024-09-18 19:04:00,2024-09-18 19:05:00,-0.0011548969382432,0.0009417534382884,1535,2024-09-18,TRUE,FALSE,FALSE,FALSE,-0.0001060851413709,Negative,Negative,0.5994,0.5994,0.5963,0.5963,0.5935,0.5935,0.5906,0.5906,0.588,0.588,0.5855,0.5855,0.5832,0.5832
2024-09-18 18:30:00,2024-09-18 19:05:00,2024-09-18 19:06:00,0.0012967707183119,0.0022257438435925,1536,2024-09-18,TRUE,FALSE,FALSE,FALSE,-0.0001060851413709,Negative,Positive,0.6161,0.6161,0.6072,0.6072,0.6,0.6,0.5943,0.5943,0.5891,0.5891,0.5845,0.5845,0.5803,0.5803
2024-09-18 18:30:00,2024-09-18 19:06:00,2024-09-18 19:07:00,0.0007473287461867,0.0013172416248353,1537,2024-09-18,FALSE,FALSE,FALSE,FALSE,-0.0001060851413709,Negative,Positive,0.6389,0.6389,0.6347,0.6347,0.6312,0.6312,0.6279,0.6279,0.6251,0.6251,0.6223,0.6223,0.6194,0.6194
2024-09-18 18:30:00,2024-09-18 19:07:00,2024-09-18 19:08:00,-0.0004983136707422,0.0012282606760774,1538,2024-09-18,FALSE,FALSE,FALSE,FALSE,-0.0001060851413709,Negative,Negative,0.6276,0.6276,0.6244,0.6244,0.6215,0.6215,0.6186,0.6186,0.6161,0.6161,0.6136,0.6136,0.6113,0.6113
2024-09-18 18:30:00,2024-09-18 19:08:00,2024-09-18 19:09:00,-0.0003024319308528,0.0009960690845056,1539,2024-09-18,FALSE,FALSE,FALSE,FALSE,-0.0001060851413709,Negative,Negative,0.6698,0.6698,0.6651,0.6651,0.6608,0.6608,0.657,0.657,0.6533,0.6533,0.6498,0.6498,0.6466,0.6466
2024-09-18 18:30:00,2024-09-18 19:09:00,2024-09-18 19:10:00,3.57086792583E-05,0.0006759881879958,1540,2024-09-18,FALSE,FALSE,FALSE,FALSE,-0.0001060851413709,Negative,Positive,0.6255,0.6255,0.6213,0.6213,0.6174,0.6174,0.6136,0.6136,0.61,0.61,0.6066,0.6066,0.6037,0.6037
2024-09-18 18:30:00,2024-09-18 19:10:00,2024-09-18 19:11:00,0.0012092581492692,0.0010142890189866,1541,2024-09-18,TRUE,FALSE,FALSE,FALSE,-0.0001060851413709,Negative,Positive,0.6549,0.6549,0.65,0.65,0.6451,0.6451,0.6402,0.6402,0.6353,0.6353,0.6311,0.6311,0.6274,0.6274
2024-09-18 18:30:00,2024-09-18 19:11:00,2024-09-18 19:12:00,0.0002298704993476,0.002686689322634,1542,2024-09-18,FALSE,FALSE,FALSE,FALSE,-0.0001060851413709,Negative,Positive,0.6795,0.6795,0.6745,0.6745,0.6689,0.6689,0.6642,0.6642,0.66,0.66,0.6562,0.6562,0.6529,0.6529
2024-09-18 18:30:00,2024-09-18 19:12:00,2024-09-18 19:13:00,-0.000143762534171,0.001485162324031,1543,2024-09-18,FALSE,FALSE,FALSE,FALSE,-0.0001060851413709,Negative,Negative,0.6836,0.6836,0.6793,0.6793,0.6746,0.6746,0.6707,0.6707,0.6669,0.6669,0.6634,0.6634,0.6602,0.6602
2024-09-18 18:30:00,2024-09-18 19:13:00,2024-09-18 19:14:00,-0.0007632939750688,0.0017740562021004,1544,2024-09-18,FALSE,FALSE,FALSE,FALSE,-0.0001060851413709,Negative,Negative,0.613,0.613,0.6091,0.6091,0.6053,0.6053,0.6018,0.6018,0.5984,0.5984,0.5953,0.5953,0.5923,0.5923
2024-09-18 18:30:00,2024-09-18 19:14:00,2024-09-18 19:15:00,-0.0011868888935666,0.0008860064146864,1545,2024-09-18,TRUE,FALSE,FALSE,FALSE,-0.0001060851413709,Negative,Negative,0.5936,0.5936,0.5863,0.5863,0.5802,0.5802,0.5748,0.5748,0.5702,0.5702,0.5661,0.5661,0.5623,0.5623
2024-09-18 18:30:00,2024-09-18 19:15:00,2024-09-18 19:16:00,0.0012047236534669,0.001134731653694,1546,2024-09-18,TRUE,FALSE,FALSE,FALSE,-0.0001060851413709,Negative,Positive,0.5879,0.5879,0.582,0.582,0.5763,0.5763,0.5714,0.5714,0.5669,0.5669,0.5627,0.5627,0.5587,0.5587
2024-09-18 18:30:00,2024-09-18 19:16:00,2024-09-18 19:17:00,-0.0001418926098764,0.0011883435909261,1547,2024-09-18,FALSE,FALSE,FALSE,FALSE,-0.0001060851413709,Negative,Negative,0.4549,0.4549,0.4496,0.4496,0.4446,0.4446,0.4403,0.4403,0.4367,0.4367,0.4332,0.4332,0.43,0.43
2024-09-18 18:30:00,2024-09-18 19:17:00,2024-09-18 19:18:00,-0.0013284258625134,0.0008501580485646,1548,2024-09-18,TRUE,FALSE,FALSE,FALSE,-0.0001060851413709,Negative,Negative,0.6278,0.6278,0.6236,0.6236,0.62,0.62,0.6168,0.6168,0.6139,0.6139,0.6111,0.6111,0.6084,0.6084
2024-09-18 18:30:00,2024-09-18 19:18:00,2024-09-18 19:19:00,0.0018465688365212,0.0014721010251497,1549,2024-09-18,TRUE,FALSE,FALSE,FALSE,-0.0001060851413709,Negative,Positive,0.5914,0.5914,0.5842,0.5842,0.5784,0.5784,0.5731,0.5731,0.568,0.568,0.5636,0.5636,0.5597,0.5597
2024-09-18 18:30:00,2024-09-18 19:19:00,2024-09-18 19:19:45,-0.0036362413539705,0.000966517698801,1550,2024-09-18,TRUE,TRUE,FALSE,FALSE,-0.0001060851413709,Negative,Negative,0.5838,0.5838,0.5777,0.5777,0.5726,0.5726,0.5681,0.5681,0.5639,0.5639,0.5599,0.5599,0.5563,0.5563
2024-11-07 18:30:00,2024-11-07 18:30:00,2024-11-07 18:31:00,0.0003865927194575,0.0006223926793163,1551,2024-11-07,FALSE,FALSE,FALSE,FALSE,-0.00036145607158780000,Negative,Positive,0.6498,0.6498,0.6463,0.6463,0.6427,0.6427,0.6387,0.6387,0.6344,0.6344,0.63,0.63,0.6261,0.6261
2024-11-07 18:30:00,2024-11-07 18:31:00,2024-11-07 18:32:00,3.3457948690229E-05,0.0002691427802448,1552,2024-11-07,FALSE,FALSE,FALSE,FALSE,-0.00036145607158780000,Negative,Positive,0.6717,0.6717,0.6653,0.6653,0.66,0.66,0.6556,0.6556,0.6518,0.6518,0.6486,0.6486,0.6457,0.6457
2024-11-07 18:30:00,2024-11-07 18:32:00,2024-11-07 18:33:00,0.0002693231538237,0.0002187079407806,1553,2024-11-07,FALSE,FALSE,FALSE,FALSE,-0.00036145607158780000,Negative,Positive,0.6454,0.6454,0.6363,0.6363,0.6272,0.6272,0.6176,0.6176,0.609,0.609,0.6015,0.6015,0.5934,0.5934
2024-11-07 18:30:00,2024-11-07 18:33:00,2024-11-07 18:34:00,-0.0003032777313777,0.000302836569198,1554,2024-11-07,FALSE,FALSE,FALSE,FALSE,-0.00036145607158780000,Negative,Negative,0.6264,0.6264,0.6185,0.6185,0.6122,0.6122,0.6068,0.6068,0.6024,0.6024,0.5983,0.5983,0.5945,0.5945
2024-11-07 18:30:00,2024-11-07 18:34:00,2024-11-07 18:35:00,0.0001434633819923,0.0002018604807643,1555,2024-11-07,FALSE,FALSE,FALSE,FALSE,-0.00036145607158780000,Negative,Positive,0.6948,0.6948,0.6872,0.6872,0.6802,0.6802,0.674,0.674,0.6686,0.6686,0.6638,0.6638,0.6593,0.6593
2024-11-07 18:30:00,2024-11-07 18:35:00,2024-11-07 18:36:00,8.41040063692675E-05,0.0002683242770386,1556,2024-11-07,FALSE,FALSE,FALSE,FALSE,-0.00036145607158780000,Negative,Positive,0.6524,0.6524,0.6453,0.6453,0.6396,0.6396,0.6337,0.6337,0.628,0.628,0.6222,0.6222,0.6168,0.6168
2024-11-07 18:30:00,2024-11-07 18:36:00,2024-11-07 18:37:00,0.0001008995443367,0.0002523128679562,1557,2024-11-07,FALSE,FALSE,FALSE,FALSE,-0.00036145607158780000,Negative,Positive,0.6151,0.6151,0.6102,0.6102,0.6055,0.6055,0.6014,0.6014,0.598,0.598,0.5948,0.5948,0.5918,0.5918
2024-11-07 18:30:00,2024-11-07 18:37:00,2024-11-07 18:38:00,-0.000161975385679,0.0002606904091157,1558,2024-11-07,FALSE,FALSE,FALSE,FALSE,-0.00036145607158780000,Negative,Negative,0.6238,0.6238,0.618,0.618,0.6132,0.6132,0.6078,0.6078,0.6025,0.6025,0.5975,0.5975,0.593,0.593
2024-11-07 18:30:00,2024-11-07 18:38:00,2024-11-07 18:39:00,-2.30368620327614E-05,0.0001597538109692,1559,2024-11-07,FALSE,FALSE,FALSE,FALSE,-0.00036145607158780000,Negative,Negative,0.6091,0.6091,0.6023,0.6023,0.5966,0.5966,0.5915,0.5915,0.5869,0.5869,0.5826,0.5826,0.5785,0.5785
2024-11-07 18:30:00,2024-11-07 18:39:00,2024-11-07 18:40:00,-0.0005632812405958,0.0001177044273678,1560,2024-11-07,FALSE,FALSE,FALSE,FALSE,-0.00036145607158780000,Negative,Negative,0.6279,0.6279,0.6214,0.6214,0.616,0.616,0.6113,0.6113,0.6073,0.6073,0.6037,0.6037,0.6004,0.6004
2024-11-07 18:30:00,2024-11-07 18:40:00,2024-11-07 18:41:00,0.0005044130440109,0.0005721737167183,1561,2024-11-07,FALSE,FALSE,FALSE,FALSE,-0.00036145607158780000,Negative,Positive,0.6795,0.6795,0.6743,0.6743,0.6699,0.6699,0.6661,0.6661,0.6625,0.6625,0.6591,0.6591,0.6557,0.6557
2024-11-07 18:30:00,2024-11-07 18:41:00,2024-11-07 18:42:00,-2.52366637362959E-05,0.000201901236645,1562,2024-11-07,FALSE,FALSE,FALSE,FALSE,-0.00036145607158780000,Negative,Negative,0.6112,0.6112,0.6064,0.6064,0.6022,0.6022,0.5984,0.5984,0.5949,0.5949,0.5918,0.5918,0.5889,0.5889
2024-11-07 18:30:00,2024-11-07 18:42:00,2024-11-07 18:43:00,0.0001009446032289,0.0003534104104608,1563,2024-11-07,FALSE,FALSE,FALSE,FALSE,-0.00036145607158780000,Negative,Positive,0.6101,0.6101,0.606,0.606,0.6024,0.6024,0.5992,0.5992,0.5957,0.5957,0.5922,0.5922,0.5892,0.5892
2024-11-07 18:30:00,2024-11-07 18:43:00,2024-11-07 18:44:00,-5.88865160702061E-05,0.0002860219395651,1564,2024-11-07,FALSE,FALSE,FALSE,FALSE,-0.00036145607158780000,Negative,Negative,0.5689,0.5689,0.5648,0.5648,0.5612,0.5612,0.558,0.558,0.5548,0.5548,0.5516,0.5516,0.5487,0.5487
2024-11-07 18:30:00,2024-11-07 18:44:00,2024-11-07 18:45:00,0.0001682507474582,0.0001935098479685,1565,2024-11-07,FALSE,FALSE,FALSE,FALSE,-0.00036145607158780000,Negative,Positive,0.463,0.463,0.4591,0.4591,0.4559,0.4559,0.4532,0.4532,0.4505,0.4505,0.4481,0.4481,0.4457,0.4457
2024-11-07 18:30:00,2024-11-07 18:45:00,2024-11-07 18:46:00,-0.0004710544854544,0.000201901236645,1566,2024-11-07,FALSE,FALSE,FALSE,FALSE,-0.00036145607158780000,Negative,Negative,0.5527,0.5527,0.5482,0.5482,0.5444,0.5444,0.5412,0.5412,0.5381,0.5381,0.5354,0.5354,0.5328,0.5328
2024-11-07 18:30:00,2024-11-07 18:46:00,2024-11-07 18:47:00,0.0004290082907475,0.0003197307530501,1567,2024-11-07,FALSE,FALSE,FALSE,FALSE,-0.00036145607158780000,Negative,Positive,0.5298,0.5298,0.5232,0.5232,0.518,0.518,0.5135,0.5135,0.5095,0.5095,0.5061,0.5061,0.5031,0.5031
2024-11-07 18:30:00,2024-11-07 18:47:00,2024-11-07 18:48:00,-5.06566650434703E-05,0.0001262095077829,1568,2024-11-07,FALSE,FALSE,FALSE,FALSE,-0.00036145607158780000,Negative,Negative,0.5483,0.5483,0.544,0.544,0.54,0.54,0.5363,0.5363,0.533,0.533,0.53,0.53,0.5271,0.5271
2024-11-07 18:30:00,2024-11-07 18:48:00,2024-11-07 18:49:00,0.000143346419942,0.0001935000799237,1569,2024-11-07,FALSE,FALSE,FALSE,FALSE,-0.00036145607158780000,Negative,Positive,0.6116,0.6116,0.6054,0.6054,0.6003,0.6003,0.596,0.596,0.5922,0.5922,0.589,0.589,0.5861,0.5861
2024-11-07 18:30:00,2024-11-07 18:49:00,2024-11-07 18:50:00,0.0002016378917589,0.0002022377727327,1570,2024-11-07,FALSE,FALSE,FALSE,FALSE,-0.00036145607158780000,Negative,Positive,0.5658,0.5658,0.5609,0.5609,0.5564,0.5564,0.5521,0.5521,0.5481,0.5481,0.5447,0.5447,0.5415,0.5415
2024-11-07 18:30:00,2024-11-07 18:50:00,2024-11-07 18:51:00,-0.0003700792394068,0.0004794065451608,1571,2024-11-07,FALSE,FALSE,FALSE,FALSE,-0.00036145607158780000,Negative,Negative,0.6288,0.6288,0.6236,0.6236,0.6194,0.6194,0.6158,0.6158,0.6124,0.6124,0.6093,0.6093,0.6064,0.6064
2024-11-07 18:30:00,2024-11-07 18:51:00,2024-11-07 18:52:00,0.0001765389007363,9.24804950227838E-05,1572,2024-11-07,FALSE,FALSE,FALSE,FALSE,-0.00036145607158780000,Negative,Positive,0.6284,0.6284,0.6241,0.6241,0.6203,0.6203,0.6168,0.6168,0.6135,0.6135,0.6106,0.6106,0.6078,0.6078
2024-11-07 18:30:00,2024-11-07 18:52:00,2024-11-07 18:53:00,-0.0003110277185475,0.0002858343841949,1573,2024-11-07,FALSE,FALSE,FALSE,FALSE,-0.00036145607158780000,Negative,Negative,0.5764,0.5764,0.569,0.569,0.5627,0.5627,0.557,0.557,0.5518,0.5518,0.5472,0.5472,0.5431,0.5431
2024-11-07 18:30:00,2024-11-07 18:53:00,2024-11-07 18:54:00,0.0004374274845295,0.0001933520520537,1574,2024-11-07,FALSE,FALSE,FALSE,FALSE,-0.00036145607158780000,Negative,Positive,0.5958,0.5958,0.5862,0.5862,0.5776,0.5776,0.5694,0.5694,0.562,0.562,0.5554,0.5554,0.5495,0.5495
2024-11-07 18:30:00,2024-11-07 18:54:00,2024-11-07 18:55:00,-0.0003701785574139,0.0004034969737727,1575,2024-11-07,FALSE,FALSE,FALSE,FALSE,-0.00036145607158780000,Negative,Negative,0.5647,0.5647,0.5577,0.5577,0.552,0.552,0.5469,0.5469,0.5426,0.5426,0.539,0.539,0.5357,0.5357
2024-11-07 18:30:00,2024-11-07 18:55:00,2024-11-07 18:56:00,3.3443683469401E-05,0.0002184873949579,1576,2024-11-07,FALSE,FALSE,FALSE,FALSE,-0.00036145607158780000,Negative,Positive,0.5762,0.5762,0.5709,0.5709,0.5664,0.5664,0.5625,0.5625,0.5591,0.5591,0.5562,0.5562,0.5536,0.5536
2024-11-07 18:30:00,2024-11-07 18:56:00,2024-11-07 18:57:00,-0.0001512605042298,0.000184892594211,1577,2024-11-07,FALSE,FALSE,FALSE,FALSE,-0.00036145607158780000,Negative,Negative,0.5695,0.5695,0.564,0.564,0.5583,0.5583,0.553,0.553,0.548,0.548,0.5435,0.5435,0.5395,0.5395
2024-11-07 18:30:00,2024-11-07 18:57:00,2024-11-07 18:58:00,-0.0001679528372115,0.0002800753143702,1578,2024-11-07,FALSE,FALSE,FALSE,FALSE,-0.00036145607158780000,Negative,Negative,0.6099,0.6099,0.6011,0.6011,0.5936,0.5936,0.5867,0.5867,0.58,0.58,0.574,0.574,0.5686,0.5686
2024-11-07 18:30:00,2024-11-07 18:58:00,2024-11-07 18:59:00,0.0004811409216798,0.0003361358103016,1579,2024-11-07,FALSE,FALSE,FALSE,FALSE,-0.00036145607158780000,Negative,Positive,0.523,0.523,0.5184,0.5184,0.5146,0.5146,0.5109,0.5109,0.5073,0.5073,0.5042,0.5042,0.5013,0.5013
2024-11-07 18:30:00,2024-11-07 18:59:00,2024-11-07 19:00:00,-0.0003633466545037,0.0003195264281991,1580,2024-11-07,FALSE,FALSE,FALSE,FALSE,-0.00036145607158780000,Negative,Negative,0.5781,0.5781,0.5719,0.5719,0.5662,0.5662,0.5611,0.5611,0.5565,0.5565,0.5521,0.5521,0.5481,0.5481
2024-11-07 18:30:00,2024-11-07 19:00:00,2024-11-07 19:01:00,0.0004728511358186,0.0020195220464488,1581,2024-11-07,FALSE,FALSE,FALSE,FALSE,-0.00036145607158780000,Negative,Positive,0.6155,0.6155,0.6081,0.6081,0.6012,0.6012,0.5954,0.5954,0.5904,0.5904,0.5859,0.5859,0.5818,0.5818
2024-11-07 18:30:00,2024-11-07 19:01:00,2024-11-07 19:02:00,-0.0003553315173891,0.000857993640753,1582,2024-11-07,FALSE,FALSE,FALSE,FALSE,-0.00036145607158780000,Negative,Negative,0.6016,0.6016,0.591,0.591,0.5821,0.5821,0.5732,0.5732,0.5654,0.5654,0.5582,0.5582,0.552,0.552
2024-11-07 18:30:00,2024-11-07 19:02:00,2024-11-07 19:03:00,-0.0001345080368551,0.0004877064343613,1583,2024-11-07,FALSE,FALSE,FALSE,FALSE,-0.00036145607158780000,Negative,Negative,0.5014,0.5014,0.4971,0.4971,0.4933,0.4933,0.4897,0.4897,0.4867,0.4867,0.484,0.484,0.4818,0.4818
2024-11-07 18:30:00,2024-11-07 19:03:00,2024-11-07 19:04:00,0.0003531288429897,0.0005551536766314,1584,2024-11-07,FALSE,FALSE,FALSE,FALSE,-0.00036145607158780000,Negative,Positive,0.5518,0.5518,0.5475,0.5475,0.5433,0.5433,0.5395,0.5395,0.5361,0.5361,0.533,0.533,0.5302,0.5302
2024-11-07 18:30:00,2024-11-07 19:04:00,2024-11-07 19:05:00,-3.38217603557E-05,0.000336411498545,1585,2024-11-07,FALSE,FALSE,FALSE,FALSE,-0.00036145607158780000,Negative,Negative,0.5773,0.5773,0.5721,0.5721,0.5676,0.5676,0.5635,0.5635,0.5596,0.5596,0.556,0.556,0.5527,0.5527
2024-11-07 18:30:00,2024-11-07 19:05:00,2024-11-07 19:06:00,0.0002691966775547,0.0007739417188236,1586,2024-11-07,FALSE,FALSE,FALSE,FALSE,-0.00036145607158780000,Negative,Positive,0.5676,0.5676,0.5605,0.5605,0.554,0.554,0.5483,0.5483,0.5434,0.5434,0.5391,0.5391,0.5352,0.5352
2024-11-07 18:30:00,2024-11-07 19:06:00,2024-11-07 19:07:00,-0.0003432001206864,0.0007905803195963,1587,2024-11-07,FALSE,FALSE,FALSE,FALSE,-0.00036145607158780000,Negative,Negative,0.5966,0.5966,0.5929,0.5929,0.5895,0.5895,0.5864,0.5864,0.5838,0.5838,0.5815,0.5815,0.5794,0.5794
2024-11-07 18:30:00,2024-11-07 19:07:00,2024-11-07 19:08:00,0.0002086055899115,0.0003024748970216,1588,2024-11-07,FALSE,FALSE,FALSE,FALSE,-0.00036145607158780000,Negative,Positive,0.5887,0.5887,0.5839,0.5839,0.5795,0.5795,0.5757,0.5757,0.5723,0.5723,0.569,0.569,0.5657,0.5657
2024-11-07 18:30:00,2024-11-07 19:08:00,2024-11-07 19:09:00,-0.0002355017338981,0.0005043288223921,1589,2024-11-07,FALSE,FALSE,FALSE,FALSE,-0.00036145607158780000,Negative,Negative,0.5592,0.5592,0.553,0.553,0.5455,0.5455,0.5388,0.5388,0.5327,0.5327,0.5272,0.5272,0.5221,0.5221
2024-11-07 18:30:00,2024-11-07 19:09:00,2024-11-07 19:10:00,-0.0003694055562373,0.0002353336695242,1590,2024-11-07,FALSE,FALSE,FALSE,FALSE,-0.00036145607158780000,Negative,Negative,0.6329,0.6329,0.6261,0.6261,0.6195,0.6195,0.6138,0.6138,0.6084,0.6084,0.6036,0.6036,0.5992,0.5992
2024-11-07 18:30:00,2024-11-07 19:10:00,2024-11-07 19:11:00,0.000420010742333,0.0004201482169927,1591,2024-11-07,FALSE,FALSE,FALSE,FALSE,-0.00036145607158780000,Negative,Positive,0.6407,0.6407,0.6351,0.6351,0.6304,0.6304,0.6261,0.6261,0.6222,0.6222,0.6185,0.6185,0.6149,0.6149
2024-11-07 18:30:00,2024-11-07 19:11:00,2024-11-07 19:12:00,0.0001513045816506,0.0002522068095838,1592,2024-11-07,FALSE,FALSE,FALSE,FALSE,-0.00036145607158780000,Negative,Positive,0.5763,0.5763,0.5711,0.5711,0.5665,0.5665,0.5622,0.5622,0.5584,0.5584,0.5549,0.5549,0.5518,0.5518
2024-11-07 18:30:00,2024-11-07 19:12:00,2024-11-07 19:12:09,0.0,0.0002689979825152,1593,2024-11-07,FALSE,FALSE,FALSE,FALSE,-0.00036145607158780000,Negative,Negative,0.4913,0.4913,0.4819,0.4819,0.4735,0.4735,0.4659,0.4659,0.4585,0.4585,0.4512,0.4512,0.4445,0.4445
2024-12-18 18:30:00,2024-12-18 18:30:00,2024-12-18 18:31:00,-6.66154639165E-05,0.0003452144502242,1594,2024-12-18,FALSE,FALSE,FALSE,FALSE,0.00040065205000530000,Positive,Negative,0.483,0.483,0.4683,0.4683,0.451,0.451,0.4261,0.4261,0.4261,0.4261,0.4261,0.4261,0.4261,0.4261
2024-12-18 18:30:00,2024-12-18 18:31:00,2024-12-18 18:32:00,1.69940362984E-05,0.0002726011102301,1595,2024-12-18,FALSE,FALSE,FALSE,FALSE,0.00040065205000530000,Positive,Positive,0.5374,0.5374,0.5191,0.5191,0.4985,0.4985,0.4701,0.4701,0.4701,0.4701,0.4701,0.4701,0.4701,0.4701
2024-12-18 18:30:00,2024-12-18 18:32:00,2024-12-18 18:33:00,-6.60900229641469E-05,0.0002312635247864,1596,2024-12-18,FALSE,FALSE,FALSE,FALSE,0.00040065205000530000,Positive,Negative,0.4402,0.4402,0.4162,0.4162,0.3972,0.3972,0.3731,0.3731,0.3731,0.3731,0.3731,0.3731,0.3731,0.3731
2024-12-18 18:30:00,2024-12-18 18:33:00,2024-12-18 18:34:00,-8.18168499292784E-09,0.0001981898658915,1597,2024-12-18,FALSE,FALSE,FALSE,FALSE,0.00040065205000530000,Positive,Negative,0.4441,0.4441,0.424,0.424,0.4046,0.4046,0.3807,0.3807,0.3807,0.3807,0.3807,0.3807,0.3807,0.3807
2024-12-18 18:30:00,2024-12-18 18:34:00,2024-12-18 18:35:00,-3.30327340898855E-05,9.90818416012602E-05,1598,2024-12-18,FALSE,FALSE,FALSE,FALSE,0.00040065205000530000,Positive,Negative,0.455,0.455,0.4299,0.4299,0.41,0.41,0.3831,0.3831,0.3831,0.3831,0.3831,0.3831,0.3831,0.3831
2024-12-18 18:30:00,2024-12-18 18:35:00,2024-12-18 18:36:00,-0.0001486077654377,0.0001139384732243,1599,2024-12-18,FALSE,FALSE,FALSE,FALSE,0.00040065205000530000,Positive,Negative,0.475,0.475,0.4485,0.4485,0.4248,0.4248,0.397,0.397,0.397,0.397,0.397,0.397,0.397,0.397
2024-12-18 18:30:00,2024-12-18 18:36:00,2024-12-18 18:37:00,3.30201913069091E-05,0.0001486252167451,1600,2024-12-18,FALSE,FALSE,FALSE,FALSE,0.00040065205000530000,Positive,Positive,0.4613,0.4613,0.439,0.439,0.4195,0.4195,0.394,0.394,0.394,0.394,0.394,0.394,0.394,0.394
2024-12-18 18:30:00,2024-12-18 18:37:00,2024-12-18 18:38:00,-3.30290529697841E-05,0.0001321156672667,1601,2024-12-18,FALSE,FALSE,FALSE,FALSE,0.00040065205000530000,Positive,Negative,0.4743,0.4743,0.4575,0.4575,0.4405,0.4405,0.4132,0.4132,0.4132,0.4132,0.4132,0.4132,0.4132,0.4132
2024-12-18 18:30:00,2024-12-18 18:38:00,2024-12-18 18:39:00,-0.000132127530864,0.0001486399445078,1602,2024-12-18,FALSE,FALSE,FALSE,FALSE,0.00040065205000530000,Positive,Negative,0.4696,0.4696,0.4505,0.4505,0.4331,0.4331,0.407,0.407,0.407,0.407,0.407,0.407,0.407,0.407
2024-12-18 18:30:00,2024-12-18 18:39:00,2024-12-18 18:40:00,0.0001486208491252,0.0002890889568017,1603,2024-12-18,FALSE,FALSE,FALSE,FALSE,0.00040065205000530000,Positive,Positive,0.484,0.484,0.4632,0.4632,0.4445,0.4445,0.4211,0.4211,0.4211,0.4211,0.4211,0.4211,0.4211,0.4211
2024-12-18 18:30:00,2024-12-18 18:40:00,2024-12-18 18:41:00,6.60742013280314E-05,9.9119488543349E-05,1604,2024-12-18,FALSE,FALSE,FALSE,FALSE,0.00040065205000530000,Positive,Positive,0.4887,0.4887,0.4658,0.4658,0.446,0.446,0.417,0.417,0.417,0.417,0.417,0.417,0.417,0.417
2024-12-18 18:30:00,2024-12-18 18:41:00,2024-12-18 18:42:00,-4.95605630081385E-05,0.0001982422520319,1605,2024-12-18,FALSE,FALSE,FALSE,FALSE,0.00040065205000530000,Positive,Negative,0.4831,0.4831,0.468,0.468,0.4528,0.4528,0.4294,0.4294,0.4294,0.4294,0.4294,0.4294,0.4294,0.4294
2024-12-18 18:30:00,2024-12-18 18:42:00,2024-12-18 18:43:00,-4.95654757500525E-05,0.0001652237129073,1606,2024-12-18,FALSE,FALSE,FALSE,FALSE,0.00040065205000530000,Positive,Negative,0.5051,0.5051,0.486,0.486,0.4672,0.4672,0.4413,0.4413,0.4413,0.4413,0.4413,0.4413,0.4413,0.4413
2024-12-18 18:30:00,2024-12-18 18:43:00,2024-12-18 18:44:00,0.0002147845487459,0.0001817550932734,1607,2024-12-18,FALSE,FALSE,FALSE,FALSE,0.00040065205000530000,Positive,Positive,0.4874,0.4874,0.4625,0.4625,0.4393,0.4393,0.4137,0.4137,0.4137,0.4137,0.4137,0.4137,0.4137,0.4137
2024-12-18 18:30:00,2024-12-18 18:44:00,2024-12-18 18:45:00,-0.0001817436276192,0.0002176254109805,1608,2024-12-18,FALSE,FALSE,FALSE,FALSE,0.00040065205000530000,Positive,Negative,0.4395,0.4395,0.4239,0.4239,0.4103,0.4103,0.3904,0.3904,0.3904,0.3904,0.3904,0.3904,0.3904,0.3904
2024-12-18 18:30:00,2024-12-18 18:45:00,2024-12-18 18:46:00,0.0001321756947673,0.0001487087126781,1609,2024-12-18,FALSE,FALSE,FALSE,FALSE,0.00040065205000530000,Positive,Positive,0.5263,0.5263,0.5033,0.5033,0.4828,0.4828,0.4533,0.4533,0.4533,0.4533,0.4533,0.4533,0.4533,0.4533
2024-12-18 18:30:00,2024-12-18 18:46:00,2024-12-18 18:47:00,0.0002643459294893,0.0001321811542718,1610,2024-12-18,FALSE,FALSE,FALSE,FALSE,0.00040065205000530000,Positive,Positive,0.3983,0.3983,0.3863,0.3863,0.3747,0.3747,0.3592,0.3592,0.3592,0.3592,0.3592,0.3592,0.3592,0.3592
2024-12-18 18:30:00,2024-12-18 18:47:00,2024-12-18 18:48:00,-0.0001983099293645,0.0003758886047925,1611,2024-12-18,FALSE,FALSE,FALSE,FALSE,0.00040065205000530000,Positive,Negative,0.4505,0.4505,0.43,0.43,0.4112,0.4112,0.3914,0.3914,0.3914,0.3914,0.3914,0.3914,0.3914,0.3914
2024-12-18 18:30:00,2024-12-18 18:48:00,2024-12-18 18:49:00,-0.0003302902604628,0.0001734161326551,1612,2024-12-18,FALSE,FALSE,FALSE,FALSE,0.00040065205000530000,Positive,Negative,0.4132,0.4132,0.3958,0.3958,0.3797,0.3797,0.3637,0.3637,0.3637,0.3637,0.3637,0.3637,0.3637,0.3637
2024-12-18 18:30:00,2024-12-18 18:49:00,2024-12-18 18:50:00,0.0001816470426867,0.0002477577919827,1613,2024-12-18,FALSE,FALSE,FALSE,FALSE,0.00040065205000530000,Positive,Positive,0.5255,0.5255,0.4995,0.4995,0.4705,0.4705,0.4395,0.4395,0.4395,0.4395,0.4395,0.4395,0.4395,0.4395
2024-12-18 18:30:00,2024-12-18 18:50:00,2024-12-18 18:51:00,0.0001156148468376,0.0001651773178507,1614,2024-12-18,FALSE,FALSE,FALSE,FALSE,0.00040065205000530000,Positive,Positive,0.4808,0.4808,0.4578,0.4578,0.4378,0.4378,0.4159,0.4159,0.4159,0.4159,0.4159,0.4159,0.4159,0.4159
2024-12-18 18:30:00,2024-12-18 18:51:00,2024-12-18 18:52:00,-0.0002642482451325,0.0001486546751895,1615,2024-12-18,FALSE,FALSE,FALSE,FALSE,0.00040065205000530000,Positive,Negative,0.4241,0.4241,0.4052,0.4052,0.3829,0.3829,0.3586,0.3586,0.3586,0.3586,0.3586,0.3586,0.3586,0.3586
2024-12-18 18:30:00,2024-12-18 18:52:00,2024-12-18 18:53:00,0.0003716268019152,0.000313862825426,1616,2024-12-18,FALSE,FALSE,FALSE,FALSE,0.00040065205000530000,Positive,Positive,0.4892,0.4892,0.4694,0.4694,0.4488,0.4488,0.4223,0.4223,0.4223,0.4223,0.4223,0.4223,0.4223,0.4223
2024-12-18 18:30:00,2024-12-18 18:53:00,2024-12-18 18:54:00,-0.0001404178385443,0.0002312558846363,1617,2024-12-18,FALSE,FALSE,FALSE,FALSE,0.00040065205000530000,Positive,Negative,0.4773,0.4773,0.4538,0.4538,0.4306,0.4306,0.4043,0.4043,0.4043,0.4043,0.4043,0.4043,0.4043,0.4043
2024-12-18 18:30:00,2024-12-18 18:54:00,2024-12-18 18:55:00,8.25638378410519E-05,0.0001651527663088,1618,2024-12-18,FALSE,FALSE,FALSE,FALSE,0.00040065205000530000,Positive,Positive,0.5428,0.5428,0.5188,0.5188,0.4953,0.4953,0.4666,0.4666,0.4666,0.4666,0.4666,0.4666,0.4666,0.4666
2024-12-18 18:30:00,2024-12-18 18:55:00,2024-12-18 18:56:00,-0.0002957350035929,0.0001981669556601,1619,2024-12-18,FALSE,FALSE,FALSE,FALSE,0.00040065205000530000,Positive,Negative,0.4147,0.4147,0.3837,0.3837,0.3579,0.3579,0.3319,0.3319,0.3319,0.3319,0.3319,0.3319,0.3319,0.3319
2024-12-18 18:30:00,2024-12-18 18:56:00,2024-12-18 18:57:00,0.0002131657114753,0.0001651336757103,1620,2024-12-18,FALSE,FALSE,FALSE,FALSE,0.00040065205000530000,Positive,Positive,0.4306,0.4306,0.4039,0.4039,0.3816,0.3816,0.3545,0.3545,0.3545,0.3545,0.3545,0.3545,0.3545,0.3545
2024-12-18 18:30:00,2024-12-18 18:57:00,2024-12-18 18:58:00,-0.000264032433657,0.0002312100543343,1621,2024-12-18,FALSE,FALSE,FALSE,FALSE,0.00040065205000530000,Positive,Negative,0.4563,0.4563,0.4306,0.4306,0.4067,0.4067,0.3817,0.3817,0.3817,0.3817,0.3817,0.3817,0.3817,0.3817
2024-12-18 18:30:00,2024-12-18 18:58:00,2024-12-18 18:59:00,0.0001979789633729,0.0003757628812342,1622,2024-12-18,FALSE,FALSE,FALSE,FALSE,0.00040065205000530000,Positive,Positive,0.4603,0.4603,0.444,0.444,0.4287,0.4287,0.4021,0.4021,0.4021,0.4021,0.4021,0.4021,0.4021,0.4021
2024-12-18 18:30:00,2024-12-18 18:59:00,2024-12-18 19:00:00,-0.0027083264524226,0.0001816860465114,1623,2024-12-18,TRUE,TRUE,FALSE,FALSE,0.00040065205000530000,Positive,Negative,0.4225,0.4225,0.4081,0.4081,0.3902,0.3902,0.364,0.364,0.364,0.364,0.364,0.364,0.364,0.364
2024-12-18 18:30:00,2024-12-18 19:00:00,2024-12-18 19:01:00,0.0028076658454588,0.0028153153153152,1624,2024-12-18,TRUE,TRUE,FALSE,FALSE,0.00040065205000530000,Positive,Positive,0.4312,0.4312,0.4105,0.4105,0.3916,0.3916,0.3696,0.3696,0.3696,0.3696,0.3696,0.3696,0.3696,0.3696
2024-12-18 18:30:00,2024-12-18 19:01:00,2024-12-18 19:02:00,0.0006952968125758,0.0008946914971172,1625,2024-12-18,FALSE,FALSE,FALSE,FALSE,0.00040065205000530000,Positive,Positive,0.4061,0.4061,0.3903,0.3903,0.3758,0.3758,0.3537,0.3537,0.3537,0.3537,0.3537,0.3537,0.3537,0.3537
2024-12-18 18:30:00,2024-12-18 19:02:00,2024-12-18 19:03:00,-0.0018615366530486,0.0012071535022355,1626,2024-12-18,TRUE,FALSE,FALSE,FALSE,0.00040065205000530000,Positive,Negative,0.4438,0.4438,0.43,0.43,0.4155,0.4155,0.3932,0.3932,0.3932,0.3932,0.3932,0.3932,0.3932,0.3932
2024-12-18 18:30:00,2024-12-18 19:03:00,2024-12-18 19:04:00,0.0007276142896164,0.001258653241032,1627,2024-12-18,FALSE,FALSE,FALSE,FALSE,0.00040065205000530000,Positive,Positive,0.4805,0.4805,0.4639,0.4639,0.4445,0.4445,0.4157,0.4157,0.4157,0.4157,0.4157,0.4157,0.4157,0.4157
2024-12-18 18:30:00,2024-12-18 19:04:00,2024-12-18 19:05:00,-0.001234317062269,0.0004636331245741,1628,2024-12-18,TRUE,FALSE,FALSE,FALSE,0.00040065205000530000,Positive,Negative,0.4799,0.4799,0.4617,0.4617,0.4412,0.4412,0.4113,0.4113,0.4113,0.4113,0.4113,0.4113,0.4113,0.4113
2024-12-18 18:30:00,2024-12-18 19:05:00,2024-12-18 19:06:00,0.0006694590879017,0.0017921146953405,1629,2024-12-18,FALSE,FALSE,FALSE,FALSE,0.00040065205000530000,Positive,Positive,0.4704,0.4704,0.4559,0.4559,0.4435,0.4435,0.4233,0.4233,0.4233,0.4233,0.4233,0.4233,0.4233,0.4233
2024-12-18 18:30:00,2024-12-18 19:06:00,2024-12-18 19:07:00,0.0002897507211415,0.0014451587182937,1630,2024-12-18,FALSE,FALSE,FALSE,FALSE,0.00040065205000530000,Positive,Positive,0.4553,0.4553,0.441,0.441,0.424,0.424,0.4015,0.4015,0.4015,0.4015,0.4015,0.4015,0.4015,0.4015
2024-12-18 18:30:00,2024-12-18 19:07:00,2024-12-18 19:08:00,0.0001897240417364,0.0013052008512901,1631,2024-12-18,FALSE,FALSE,FALSE,FALSE,0.00040065205000530000,Positive,Positive,0.4635,0.4635,0.4435,0.4435,0.4256,0.4256,0.4014,0.4014,0.4014,0.4014,0.4014,0.4014,0.4014,0.4014
2024-12-18 18:30:00,2024-12-18 19:08:00,2024-12-18 19:09:00,-0.0003482180716852,0.001246820607451,1632,2024-12-18,FALSE,FALSE,FALSE,FALSE,0.00040065205000530000,Positive,Negative,0.4311,0.4311,0.417,0.417,0.4036,0.4036,0.3861,0.3861,0.3861,0.3861,0.3861,0.3861,0.3861,0.3861
2024-12-18 18:30:00,2024-12-18 19:09:00,2024-12-18 19:10:00,7.43195052628E-05,0.0011981030035775,1633,2024-12-18,FALSE,FALSE,FALSE,FALSE,0.00040065205000530000,Positive,Positive,0.5161,0.5161,0.5013,0.5013,0.4809,0.4809,0.4521,0.4521,0.4521,0.4521,0.4521,0.4521,0.4521,0.4521
2024-12-18 18:30:00,2024-12-18 19:10:00,2024-12-18 19:11:00,0.0013976474809972,0.0012152286461021,1634,2024-12-18,TRUE,FALSE,FALSE,FALSE,0.00040065205000530000,Positive,Positive,0.4156,0.4156,0.3877,0.3877,0.362,0.362,0.3356,0.3356,0.3356,0.3356,0.3356,0.3356,0.3356,0.3356
2024-12-18 18:30:00,2024-12-18 19:11:00,2024-12-18 19:12:00,-0.0007157134984908,0.0011154211130905,1635,2024-12-18,FALSE,FALSE,FALSE,FALSE,0.00040065205000530000,Positive,Negative,0.5118,0.5118,0.4912,0.4912,0.4672,0.4672,0.4394,0.4394,0.4394,0.4394,0.4394,0.4394,0.4394,0.4394
2024-12-18 18:30:00,2024-12-18 19:12:00,2024-12-18 19:13:00,0.0001497077925719,0.000932183640177,1636,2024-12-18,FALSE,FALSE,FALSE,FALSE,0.00040065205000530000,Positive,Positive,0.4862,0.4862,0.4643,0.4643,0.443,0.443,0.4143,0.4143,0.4143,0.4143,0.4143,0.4143,0.4143,0.4143
2024-12-18 18:30:00,2024-12-18 19:13:00,2024-12-18 19:14:00,-0.0006819030037956,0.0005158241538819,1637,2024-12-18,FALSE,FALSE,FALSE,FALSE,0.00040065205000530000,Positive,Negative,0.4896,0.4896,0.4699,0.4699,0.4521,0.4521,0.4296,0.4296,0.4296,0.4296,0.4296,0.4296,0.4296,0.4296
2024-12-18 18:30:00,2024-12-18 19:14:00,2024-12-18 19:15:00,-3.69178793588E-05,0.0007655056497645,1638,2024-12-18,FALSE,FALSE,FALSE,FALSE,0.00040065205000530000,Positive,Negative,0.3938,0.3938,0.3778,0.3778,0.3621,0.3621,0.3396,0.3396,0.3396,0.3396,0.3396,0.3396,0.3396,0.3396
2024-12-18 18:30:00,2024-12-18 19:15:00,2024-12-18 19:16:00,0.0002277776460289,0.0011822692909715,1639,2024-12-18,FALSE,FALSE,FALSE,FALSE,0.00040065205000530000,Positive,Positive,0.4017,0.4017,0.3829,0.3829,0.3643,0.3643,0.3446,0.3446,0.3446,0.3446,0.3446,0.3446,0.3446,0.3446
2024-12-18 18:30:00,2024-12-18 19:16:00,2024-12-18 19:17:00,0.0006744356358282,0.0005330579200747,1640,2024-12-18,FALSE,FALSE,FALSE,FALSE,0.00040065205000530000,Positive,Positive,0.4039,0.4039,0.3798,0.3798,0.3573,0.3573,0.3329,0.3329,0.3329,0.3329,0.3329,0.3329,0.3329,0.3329
2024-12-18 18:30:00,2024-12-18 19:17:00,2024-12-18 19:18:00,-0.0009329165698367,0.0003830970901277,1641,2024-12-18,FALSE,FALSE,FALSE,FALSE,0.00040065205000530000,Positive,Negative,0.4598,0.4598,0.4391,0.4391,0.4197,0.4197,0.3979,0.3979,0.3979,0.3979,0.3979,0.3979,0.3979,0.3979
2024-12-18 18:30:00,2024-12-18 19:18:00,2024-12-18 19:19:00,0.0011179840920076,0.0008499008449014,1642,2024-12-18,TRUE,FALSE,FALSE,FALSE,0.00040065205000530000,Positive,Positive,0.478,0.478,0.4639,0.4639,0.4456,0.4456,0.4194,0.4194,0.4194,0.4194,0.4194,0.4194,0.4194,0.4194
2024-12-18 18:30:00,2024-12-18 19:19:00,2024-12-18 19:20:00,0.0001812306028104,0.0006998600279943,1643,2024-12-18,FALSE,FALSE,FALSE,FALSE,0.00040065205000530000,Positive,Positive,0.462,0.462,0.438,0.438,0.415,0.415,0.3896,0.3896,0.3896,0.3896,0.3896,0.3896,0.3896,0.3896
2024-12-18 18:30:00,2024-12-18 19:20:00,2024-12-18 19:21:00,-9.21503824372E-05,0.0007660538236078,1644,2024-12-18,FALSE,FALSE,FALSE,FALSE,0.00040065205000530000,Positive,Negative,0.4412,0.4412,0.4209,0.4209,0.4029,0.4029,0.3812,0.3812,0.3812,0.3812,0.3812,0.3812,0.3812,0.3812
2024-12-18 18:30:00,2024-12-18 19:21:00,2024-12-18 19:22:00,-0.0003244972884241,0.0009155832265152,1645,2024-12-18,FALSE,FALSE,FALSE,FALSE,0.00040065205000530000,Positive,Negative,0.5055,0.5055,0.4897,0.4897,0.4707,0.4707,0.4445,0.4445,0.4445,0.4445,0.4445,0.4445,0.4445,0.4445
2024-12-18 18:30:00,2024-12-18 19:22:00,2024-12-18 19:22:48,-0.0006319541273163,0.000665358129013,1646,2024-12-18,FALSE,FALSE,FALSE,FALSE,0.00040065205000530000,Positive,Negative,0.4426,0.4426,0.4215,0.4215,0.4034,0.4034,0.3781,0.3781,0.3781,0.3781,0.3781,0.3781,0.3781,0.3781